0 verbose cli /usr/local/bin/node /usr/local/bin/npm
1 info using npm@12.0.2
2 info using node@v24.19.0
3 silly config load:file:/usr/local/lib/node_modules/npm/npmrc
4 silly config load:file:/Users/pcartee/Downloads/github/samples/.npmrc
5 silly config load:file:/Users/pcartee/.npmrc
6 silly config load:file:/usr/local/etc/npmrc
7 verbose title npm ci
8 verbose argv "ci"
9 verbose logfile logs-max:10 dir:/Users/pcartee/Downloads/github/samples/.npm-cache/_logs/2026-09-23T18_59_08_025Z-
10 verbose logfile /Users/pcartee/Downloads/github/samples/.npm-cache/_logs/2026-09-23T18_59_08_025Z-debug-0.log
11 silly logfile start cleaning logs, removing 1 files
12 silly logfile done cleaning log files
13 silly packumentCache heap:4496293888 maxSize:1124073472 maxEntrySize:562036736
14 silly packumentCache heap:4496293888 maxSize:1124073472 maxEntrySize:562036736
15 silly idealTree buildDeps
16 silly reify moves {}
17 silly audit bulk request {
17 silly audit   '@11ty/gray-matter': [ '1.0.0' ],
17 silly audit   '@algolia/abtesting': [ '1.22.0' ],
17 silly audit   '@algolia/autocomplete-core': [ '1.19.9', '1.19.2' ],
17 silly audit   '@algolia/autocomplete-plugin-algolia-insights': [ '1.19.9', '1.19.2' ],
17 silly audit   '@algolia/autocomplete-shared': [ '1.19.9', '1.19.2' ],
17 silly audit   '@algolia/client-abtesting': [ '5.56.0' ],
17 silly audit   '@algolia/client-analytics': [ '5.56.0' ],
17 silly audit   '@algolia/client-common': [ '5.56.0' ],
17 silly audit   '@algolia/client-insights': [ '5.56.0' ],
17 silly audit   '@algolia/client-personalization': [ '5.56.0' ],
17 silly audit   '@algolia/client-query-suggestions': [ '5.56.0' ],
17 silly audit   '@algolia/client-search': [ '5.56.0' ],
17 silly audit   '@algolia/events': [ '4.0.1' ],
17 silly audit   '@algolia/ingestion': [ '1.56.0' ],
17 silly audit   '@algolia/monitoring': [ '1.56.0' ],
17 silly audit   '@algolia/recommend': [ '5.56.0' ],
17 silly audit   '@algolia/requester-browser-xhr': [ '5.56.0' ],
17 silly audit   '@algolia/requester-fetch': [ '5.56.0' ],
17 silly audit   '@algolia/requester-node-http': [ '5.56.0' ],
17 silly audit   '@babel/code-frame': [ '7.29.7' ],
17 silly audit   '@babel/compat-data': [ '7.29.7' ],
17 silly audit   '@babel/core': [ '7.29.7' ],
17 silly audit   semver: [ '6.3.1', '7.8.5' ],
17 silly audit   '@babel/generator': [ '7.29.8' ],
17 silly audit   '@babel/helper-annotate-as-pure': [ '7.29.7' ],
17 silly audit   '@babel/helper-compilation-targets': [ '7.29.7' ],
17 silly audit   '@babel/helper-create-class-features-plugin': [ '7.29.7' ],
17 silly audit   '@babel/helper-create-regexp-features-plugin': [ '7.29.7' ],
17 silly audit   '@babel/helper-define-polyfill-provider': [ '0.6.8' ],
17 silly audit   '@babel/helper-globals': [ '7.29.7' ],
17 silly audit   '@babel/helper-member-expression-to-functions': [ '7.29.7' ],
17 silly audit   '@babel/helper-module-imports': [ '7.29.7' ],
17 silly audit   '@babel/helper-module-transforms': [ '7.29.7' ],
17 silly audit   '@babel/helper-optimise-call-expression': [ '7.29.7' ],
17 silly audit   '@babel/helper-plugin-utils': [ '7.29.7' ],
17 silly audit   '@babel/helper-remap-async-to-generator': [ '7.29.7' ],
17 silly audit   '@babel/helper-replace-supers': [ '7.29.7' ],
17 silly audit   '@babel/helper-skip-transparent-expression-wrappers': [ '7.29.7' ],
17 silly audit   '@babel/helper-string-parser': [ '7.29.7' ],
17 silly audit   '@babel/helper-validator-identifier': [ '7.29.7' ],
17 silly audit   '@babel/helper-validator-option': [ '7.29.7' ],
17 silly audit   '@babel/helper-wrap-function': [ '7.29.7' ],
17 silly audit   '@babel/helpers': [ '7.29.7' ],
17 silly audit   '@babel/parser': [ '7.29.8' ],
17 silly audit   '@babel/plugin-bugfix-firefox-class-in-computed-class-key': [ '7.29.7' ],
17 silly audit   '@babel/plugin-bugfix-safari-class-field-initializer-scope': [ '7.29.7' ],
17 silly audit   '@babel/plugin-bugfix-safari-id-destructuring-collision-in-function-expression': [ '7.29.7' ],
17 silly audit   '@babel/plugin-bugfix-safari-rest-destructuring-rhs-array': [ '7.29.7' ],
17 silly audit   '@babel/plugin-bugfix-v8-spread-parameters-in-optional-chaining': [ '7.29.7' ],
17 silly audit   '@babel/plugin-bugfix-v8-static-class-fields-redefine-readonly': [ '7.29.7' ],
17 silly audit   '@babel/plugin-proposal-private-property-in-object': [ '7.21.0-placeholder-for-preset-env.2' ],
17 silly audit   '@babel/plugin-syntax-dynamic-import': [ '7.8.3' ],
17 silly audit   '@babel/plugin-syntax-import-assertions': [ '7.29.7' ],
17 silly audit   '@babel/plugin-syntax-import-attributes': [ '7.29.7' ],
17 silly audit   '@babel/plugin-syntax-jsx': [ '7.29.7' ],
17 silly audit   '@babel/plugin-syntax-typescript': [ '7.29.7' ],
17 silly audit   '@babel/plugin-syntax-unicode-sets-regex': [ '7.18.6' ],
17 silly audit   '@babel/plugin-transform-arrow-functions': [ '7.29.7' ],
17 silly audit   '@babel/plugin-transform-async-generator-functions': [ '7.29.7' ],
17 silly audit   '@babel/plugin-transform-async-to-generator': [ '7.29.7' ],
17 silly audit   '@babel/plugin-transform-block-scoped-functions': [ '7.29.7' ],
17 silly audit   '@babel/plugin-transform-block-scoping': [ '7.29.7' ],
17 silly audit   '@babel/plugin-transform-class-properties': [ '7.29.7' ],
17 silly audit   '@babel/plugin-transform-class-static-block': [ '7.29.7' ],
17 silly audit   '@babel/plugin-transform-classes': [ '7.29.7' ],
17 silly audit   '@babel/plugin-transform-computed-properties': [ '7.29.7' ],
17 silly audit   '@babel/plugin-transform-destructuring': [ '7.29.7' ],
17 silly audit   '@babel/plugin-transform-dotall-regex': [ '7.29.7' ],
17 silly audit   '@babel/plugin-transform-duplicate-keys': [ '7.29.7' ],
17 silly audit   '@babel/plugin-transform-duplicate-named-capturing-groups-regex': [ '7.29.7' ],
17 silly audit   '@babel/plugin-transform-dynamic-import': [ '7.29.7' ],
17 silly audit   '@babel/plugin-transform-explicit-resource-management': [ '7.29.7' ],
17 silly audit   '@babel/plugin-transform-exponentiation-operator': [ '7.29.7' ],
17 silly audit   '@babel/plugin-transform-export-namespace-from': [ '7.29.7' ],
17 silly audit   '@babel/plugin-transform-for-of': [ '7.29.7' ],
17 silly audit   '@babel/plugin-transform-function-name': [ '7.29.7' ],
17 silly audit   '@babel/plugin-transform-json-strings': [ '7.29.7' ],
17 silly audit   '@babel/plugin-transform-literals': [ '7.29.7' ],
17 silly audit   '@babel/plugin-transform-logical-assignment-operators': [ '7.29.7' ],
17 silly audit   '@babel/plugin-transform-member-expression-literals': [ '7.29.7' ],
17 silly audit   '@babel/plugin-transform-modules-amd': [ '7.29.7' ],
17 silly audit   '@babel/plugin-transform-modules-commonjs': [ '7.29.7' ],
17 silly audit   '@babel/plugin-transform-modules-systemjs': [ '7.29.8' ],
17 silly audit   '@babel/plugin-transform-modules-umd': [ '7.29.7' ],
17 silly audit   '@babel/plugin-transform-named-capturing-groups-regex': [ '7.29.7' ],
17 silly audit   '@babel/plugin-transform-new-target': [ '7.29.7' ],
17 silly audit   '@babel/plugin-transform-nullish-coalescing-operator': [ '7.29.7' ],
17 silly audit   '@babel/plugin-transform-numeric-separator': [ '7.29.7' ],
17 silly audit   '@babel/plugin-transform-object-rest-spread': [ '7.29.7' ],
17 silly audit   '@babel/plugin-transform-object-super': [ '7.29.7' ],
17 silly audit   '@babel/plugin-transform-optional-catch-binding': [ '7.29.7' ],
17 silly audit   '@babel/plugin-transform-optional-chaining': [ '7.29.7' ],
17 silly audit   '@babel/plugin-transform-parameters': [ '7.29.7' ],
17 silly audit   '@babel/plugin-transform-private-methods': [ '7.29.7' ],
17 silly audit   '@babel/plugin-transform-private-property-in-object': [ '7.29.7' ],
17 silly audit   '@babel/plugin-transform-property-literals': [ '7.29.7' ],
17 silly audit   '@babel/plugin-transform-react-constant-elements': [ '7.29.7' ],
17 silly audit   '@babel/plugin-transform-react-display-name': [ '7.29.7' ],
17 silly audit   '@babel/plugin-transform-react-jsx': [ '7.29.7' ],
17 silly audit   '@babel/plugin-transform-react-jsx-development': [ '7.29.7' ],
17 silly audit   '@babel/plugin-transform-react-pure-annotations': [ '7.29.7' ],
17 silly audit   '@babel/plugin-transform-regenerator': [ '7.29.8' ],
17 silly audit   '@babel/plugin-transform-regexp-modifiers': [ '7.29.7' ],
17 silly audit   '@babel/plugin-transform-reserved-words': [ '7.29.7' ],
17 silly audit   '@babel/plugin-transform-runtime': [ '7.29.7' ],
17 silly audit   '@babel/plugin-transform-shorthand-properties': [ '7.29.7' ],
17 silly audit   '@babel/plugin-transform-spread': [ '7.29.8' ],
17 silly audit   '@babel/plugin-transform-sticky-regex': [ '7.29.7' ],
17 silly audit   '@babel/plugin-transform-template-literals': [ '7.29.7' ],
17 silly audit   '@babel/plugin-transform-typeof-symbol': [ '7.29.7' ],
17 silly audit   '@babel/plugin-transform-typescript': [ '7.29.7' ],
17 silly audit   '@babel/plugin-transform-unicode-escapes': [ '7.29.7' ],
17 silly audit   '@babel/plugin-transform-unicode-property-regex': [ '7.29.7' ],
17 silly audit   '@babel/plugin-transform-unicode-regex': [ '7.29.7' ],
17 silly audit   '@babel/plugin-transform-unicode-sets-regex': [ '7.29.7' ],
17 silly audit   '@babel/preset-env': [ '7.29.7' ],
17 silly audit   'babel-plugin-polyfill-corejs3': [ '0.14.2', '0.13.0' ],
17 silly audit   '@babel/preset-modules': [ '0.1.6-no-external-plugins' ],
17 silly audit   '@babel/preset-react': [ '7.29.7' ],
17 silly audit   '@babel/preset-typescript': [ '7.29.7' ],
17 silly audit   '@babel/runtime': [ '7.29.7' ],
17 silly audit   '@babel/template': [ '7.29.7' ],
17 silly audit   '@babel/traverse': [ '7.29.8' ],
17 silly audit   '@babel/types': [ '7.29.8' ],
17 silly audit   '@colors/colors': [ '1.5.0' ],
17 silly audit   '@csstools/cascade-layer-name-parser': [ '2.0.5' ],
17 silly audit   '@csstools/color-helpers': [ '5.1.0' ],
17 silly audit   '@csstools/css-calc': [ '2.1.4' ],
17 silly audit   '@csstools/css-color-parser': [ '3.1.0' ],
17 silly audit   '@csstools/css-parser-algorithms': [ '3.0.5' ],
17 silly audit   '@csstools/css-tokenizer': [ '3.0.4' ],
17 silly audit   '@csstools/media-query-list-parser': [ '4.0.3' ],
17 silly audit   '@csstools/postcss-alpha-function': [ '1.0.1' ],
17 silly audit   '@csstools/postcss-cascade-layers': [ '5.0.2' ],
17 silly audit   'postcss-selector-parser': [ '7.1.5', '6.1.4' ],
17 silly audit   '@csstools/postcss-color-function': [ '4.0.12' ],
17 silly audit   '@csstools/postcss-color-function-display-p3-linear': [ '1.0.1' ],
17 silly audit   '@csstools/postcss-color-mix-function': [ '3.0.12' ],
17 silly audit   '@csstools/postcss-color-mix-variadic-function-arguments': [ '1.0.2' ],
17 silly audit   '@csstools/postcss-content-alt-text': [ '2.0.8' ],
17 silly audit   '@csstools/postcss-contrast-color-function': [ '2.0.12' ],
17 silly audit   '@csstools/postcss-exponential-functions': [ '2.0.9' ],
17 silly audit   '@csstools/postcss-font-format-keywords': [ '4.0.0' ],
17 silly audit   '@csstools/postcss-gamut-mapping': [ '2.0.11' ],
17 silly audit   '@csstools/postcss-gradients-interpolation-method': [ '5.0.12' ],
17 silly audit   '@csstools/postcss-hwb-function': [ '4.0.12' ],
17 silly audit   '@csstools/postcss-ic-unit': [ '4.0.4' ],
17 silly audit   '@csstools/postcss-initial': [ '2.0.1' ],
17 silly audit   '@csstools/postcss-is-pseudo-class': [ '5.0.3' ],
17 silly audit   '@csstools/postcss-light-dark-function': [ '2.0.11' ],
17 silly audit   '@csstools/postcss-logical-float-and-clear': [ '3.0.0' ],
17 silly audit   '@csstools/postcss-logical-overflow': [ '2.0.0' ],
17 silly audit   '@csstools/postcss-logical-overscroll-behavior': [ '2.0.0' ],
17 silly audit   '@csstools/postcss-logical-resize': [ '3.0.0' ],
17 silly audit   '@csstools/postcss-logical-viewport-units': [ '3.0.4' ],
17 silly audit   '@csstools/postcss-media-minmax': [ '2.0.9' ],
17 silly audit   '@csstools/postcss-media-queries-aspect-ratio-number-values': [ '3.0.5' ],
17 silly audit   '@csstools/postcss-nested-calc': [ '4.0.0' ],
17 silly audit   '@csstools/postcss-normalize-display-values': [ '4.0.1' ],
17 silly audit   '@csstools/postcss-oklab-function': [ '4.0.12' ],
17 silly audit   '@csstools/postcss-position-area-property': [ '1.0.0' ],
17 silly audit   '@csstools/postcss-progressive-custom-properties': [ '4.2.1' ],
17 silly audit   '@csstools/postcss-property-rule-prelude-list': [ '1.0.0' ],
17 silly audit   '@csstools/postcss-random-function': [ '2.0.1' ],
17 silly audit   '@csstools/postcss-relative-color-syntax': [ '3.0.12' ],
17 silly audit   '@csstools/postcss-scope-pseudo-class': [ '4.0.1' ],
17 silly audit   '@csstools/postcss-sign-functions': [ '1.1.4' ],
17 silly audit   '@csstools/postcss-stepped-value-functions': [ '4.0.9' ],
17 silly audit   '@csstools/postcss-syntax-descriptor-syntax-production': [ '1.0.1' ],
17 silly audit   '@csstools/postcss-system-ui-font-family': [ '1.0.0' ],
17 silly audit   '@csstools/postcss-text-decoration-shorthand': [ '4.0.3' ],
17 silly audit   '@csstools/postcss-trigonometric-functions': [ '4.0.9' ],
17 silly audit   '@csstools/postcss-unset-value': [ '4.0.0' ],
17 silly audit   '@csstools/selector-resolve-nested': [ '3.1.0' ],
17 silly audit   '@csstools/selector-specificity': [ '5.0.0' ],
17 silly audit   '@csstools/utilities': [ '2.0.0' ],
17 silly audit   '@discoveryjs/json-ext': [ '0.5.7' ],
17 silly audit   '@docsearch/core': [ '4.7.0' ],
17 silly audit   '@docsearch/css': [ '4.7.0' ],
17 silly audit   '@docsearch/react': [ '4.7.0' ],
17 silly audit   '@docusaurus/babel': [ '3.10.2' ],
17 silly audit   '@docusaurus/bundler': [ '3.10.2' ],
17 silly audit   '@docusaurus/core': [ '3.10.2' ],
17 silly audit   'webpack-merge': [ '6.0.1', '5.10.0' ],
17 silly audit   '@docusaurus/cssnano-preset': [ '3.10.2' ],
17 silly audit   '@docusaurus/logger': [ '3.10.2' ],
17 silly audit   '@docusaurus/mdx-loader': [ '3.10.2' ],
17 silly audit   '@docusaurus/module-type-aliases': [ '3.10.2' ],
17 silly audit   '@docusaurus/plugin-content-blog': [ '3.10.2' ],
17 silly audit   '@docusaurus/plugin-content-docs': [ '3.10.2' ],
17 silly audit   '@docusaurus/plugin-content-pages': [ '3.10.2' ],
17 silly audit   '@docusaurus/plugin-css-cascade-layers': [ '3.10.2' ],
17 silly audit   '@docusaurus/plugin-debug': [ '3.10.2' ],
17 silly audit   '@docusaurus/plugin-google-analytics': [ '3.10.2' ],
17 silly audit   '@docusaurus/plugin-google-gtag': [ '3.10.2' ],
17 silly audit   '@docusaurus/plugin-google-tag-manager': [ '3.10.2' ],
17 silly audit   '@docusaurus/plugin-sitemap': [ '3.10.2' ],
17 silly audit   '@docusaurus/plugin-svgr': [ '3.10.2' ],
17 silly audit   '@docusaurus/preset-classic': [ '3.10.2' ],
17 silly audit   '@docusaurus/theme-classic': [ '3.10.2' ],
17 silly audit   '@docusaurus/theme-common': [ '3.10.2' ],
17 silly audit   '@docusaurus/theme-search-algolia': [ '3.10.2' ],
17 silly audit   '@docusaurus/theme-translations': [ '3.10.2' ],
17 silly audit   '@docusaurus/types': [ '3.10.2' ],
17 silly audit   '@docusaurus/utils': [ '3.10.2' ],
17 silly audit   '@docusaurus/utils-common': [ '3.10.2' ],
17 silly audit   '@docusaurus/utils-validation': [ '3.10.2' ],
17 silly audit   '@hapi/hoek': [ '9.3.0' ],
17 silly audit   '@hapi/topo': [ '5.1.0' ],
17 silly audit   '@jest/schemas': [ '29.6.3' ],
17 silly audit   '@jest/types': [ '29.6.3' ],
17 silly audit   '@jridgewell/gen-mapping': [ '0.3.13' ],
17 silly audit   '@jridgewell/remapping': [ '2.3.5' ],
17 silly audit   '@jridgewell/resolve-uri': [ '3.1.2' ],
17 silly audit   '@jridgewell/source-map': [ '0.3.11' ],
17 silly audit   '@jridgewell/sourcemap-codec': [ '1.5.5' ],
17 silly audit   '@jridgewell/trace-mapping': [ '0.3.31' ],
17 silly audit   '@jsonjoy.com/base64': [ '1.1.2', '17.67.0' ],
17 silly audit   '@jsonjoy.com/buffers': [ '17.67.0', '1.2.1' ],
17 silly audit   '@jsonjoy.com/codegen': [ '1.0.0', '17.67.0' ],
17 silly audit   '@jsonjoy.com/fs-core': [ '4.68.0' ],
17 silly audit   '@jsonjoy.com/fs-fsa': [ '4.68.0' ],
17 silly audit   '@jsonjoy.com/fs-node': [ '4.68.0' ],
17 silly audit   '@jsonjoy.com/fs-node-builtins': [ '4.68.0' ],
17 silly audit   '@jsonjoy.com/fs-node-to-fsa': [ '4.68.0' ],
17 silly audit   '@jsonjoy.com/fs-node-utils': [ '4.68.0' ],
17 silly audit   '@jsonjoy.com/fs-print': [ '4.68.0' ],
17 silly audit   '@jsonjoy.com/fs-snapshot': [ '4.68.0' ],
17 silly audit   '@jsonjoy.com/json-pack': [ '17.67.0', '1.21.0' ],
17 silly audit   '@jsonjoy.com/json-pointer': [ '17.67.0', '1.0.2' ],
17 silly audit   '@jsonjoy.com/util': [ '17.67.0', '1.9.0' ],
17 silly audit   '@leichtgewicht/ip-codec': [ '2.0.5' ],
17 silly audit   '@mdx-js/mdx': [ '3.1.1' ],
17 silly audit   '@mdx-js/react': [ '3.1.1' ],
17 silly audit   '@noble/hashes': [ '1.4.0' ],
17 silly audit   '@nodelib/fs.scandir': [ '2.1.5' ],
17 silly audit   '@nodelib/fs.stat': [ '2.0.5' ],
17 silly audit   '@nodelib/fs.walk': [ '1.2.8' ],
17 silly audit   '@peculiar/asn1-cms': [ '2.8.0' ],
17 silly audit   '@peculiar/asn1-csr': [ '2.8.0' ],
17 silly audit   '@peculiar/asn1-ecc': [ '2.8.0' ],
17 silly audit   '@peculiar/asn1-pfx': [ '2.8.0' ],
17 silly audit   '@peculiar/asn1-pkcs8': [ '2.8.0' ],
17 silly audit   '@peculiar/asn1-pkcs9': [ '2.8.0' ],
17 silly audit   '@peculiar/asn1-rsa': [ '2.8.0' ],
17 silly audit   '@peculiar/asn1-schema': [ '2.8.0' ],
17 silly audit   '@peculiar/asn1-x509': [ '2.8.0' ],
17 silly audit   '@peculiar/asn1-x509-attr': [ '2.8.0' ],
17 silly audit   '@peculiar/utils': [ '2.0.3' ],
17 silly audit   '@peculiar/x509': [ '1.14.3' ],
17 silly audit   '@pnpm/config.env-replace': [ '1.1.0' ],
17 silly audit   '@pnpm/network.ca-file': [ '1.0.2' ],
17 silly audit   'graceful-fs': [ '4.2.10', '4.2.11' ],
17 silly audit   '@pnpm/npm-conf': [ '3.0.3' ],
17 silly audit   '@polka/url': [ '1.0.0-next.29' ],
17 silly audit   '@sideway/address': [ '4.1.5' ],
17 silly audit   '@sideway/formula': [ '3.0.1' ],
17 silly audit   '@sideway/pinpoint': [ '2.0.0' ],
17 silly audit   '@sinclair/typebox': [ '0.27.12' ],
17 silly audit   '@sindresorhus/is': [ '4.6.0', '5.6.0' ],
17 silly audit   '@slorber/remark-comment': [ '1.0.0' ],
17 silly audit   '@svgr/babel-plugin-add-jsx-attribute': [ '8.0.0' ],
17 silly audit   '@svgr/babel-plugin-remove-jsx-attribute': [ '8.0.0' ],
17 silly audit   '@svgr/babel-plugin-remove-jsx-empty-expression': [ '8.0.0' ],
17 silly audit   '@svgr/babel-plugin-replace-jsx-attribute-value': [ '8.0.0' ],
17 silly audit   '@svgr/babel-plugin-svg-dynamic-title': [ '8.0.0' ],
17 silly audit   '@svgr/babel-plugin-svg-em-dimensions': [ '8.0.0' ],
17 silly audit   '@svgr/babel-plugin-transform-react-native-svg': [ '8.1.0' ],
17 silly audit   '@svgr/babel-plugin-transform-svg-component': [ '8.0.0' ],
17 silly audit   '@svgr/babel-preset': [ '8.1.0' ],
17 silly audit   '@svgr/core': [ '8.1.0' ],
17 silly audit   '@svgr/hast-util-to-babel-ast': [ '8.0.0' ],
17 silly audit   '@svgr/plugin-jsx': [ '8.1.0' ],
17 silly audit   '@svgr/plugin-svgo': [ '8.1.0' ],
17 silly audit   '@svgr/webpack': [ '8.1.0' ],
17 silly audit   '@szmarczak/http-timer': [ '5.0.1' ],
17 silly audit   '@types/body-parser': [ '1.19.6' ],
17 silly audit   '@types/bonjour': [ '3.5.13' ],
17 silly audit   '@types/connect': [ '3.4.38' ],
17 silly audit   '@types/connect-history-api-fallback': [ '1.5.4' ],
17 silly audit   '@types/debug': [ '4.1.13' ],
17 silly audit   '@types/estree': [ '1.0.9' ],
17 silly audit   '@types/estree-jsx': [ '1.0.5' ],
17 silly audit   '@types/express': [ '4.17.25' ],
17 silly audit   '@types/express-serve-static-core': [ '4.19.9' ],
17 silly audit   '@types/hast': [ '3.0.5' ],
17 silly audit   '@types/history': [ '4.7.11' ],
17 silly audit   '@types/html-minifier-terser': [ '6.1.0' ],
17 silly audit   '@types/http-cache-semantics': [ '4.2.0' ],
17 silly audit   '@types/http-errors': [ '2.0.5' ],
17 silly audit   '@types/http-proxy': [ '1.17.17' ],
17 silly audit   '@types/istanbul-lib-coverage': [ '2.0.6' ],
17 silly audit   '@types/istanbul-lib-report': [ '3.0.3' ],
17 silly audit   '@types/istanbul-reports': [ '3.0.4' ],
17 silly audit   '@types/json-schema': [ '7.0.15' ],
17 silly audit   '@types/mdast': [ '4.0.4' ],
17 silly audit   '@types/mdx': [ '2.0.14' ],
17 silly audit   '@types/mime': [ '1.3.5' ],
17 silly audit   '@types/ms': [ '2.1.0' ],
17 silly audit   '@types/node': [ '26.1.1', '17.0.45' ],
17 silly audit   '@types/prismjs': [ '1.26.6' ],
17 silly audit   '@types/qs': [ '6.15.1' ],
17 silly audit   '@types/range-parser': [ '1.2.7' ],
17 silly audit   '@types/react': [ '19.2.17' ],
17 silly audit   '@types/react-router': [ '5.1.20' ],
17 silly audit   '@types/react-router-config': [ '5.0.11' ],
17 silly audit   '@types/react-router-dom': [ '5.3.3' ],
17 silly audit   '@types/retry': [ '0.12.2' ],
17 silly audit   '@types/sax': [ '1.2.7' ],
17 silly audit   '@types/send': [ '1.2.1', '0.17.6' ],
17 silly audit   '@types/serve-index': [ '1.9.4' ],
17 silly audit   '@types/serve-static': [ '1.15.10' ],
17 silly audit   '@types/sockjs': [ '0.3.36' ],
17 silly audit   '@types/unist': [ '3.0.3', '2.0.11' ],
17 silly audit   '@types/ws': [ '8.18.1' ],
17 silly audit   '@types/yargs': [ '17.0.35' ],
17 silly audit   '@types/yargs-parser': [ '21.0.3' ],
17 silly audit   '@ungap/structured-clone': [ '1.3.3' ],
17 silly audit   '@webassemblyjs/ast': [ '1.14.1' ],
17 silly audit   '@webassemblyjs/floating-point-hex-parser': [ '1.13.2' ],
17 silly audit   '@webassemblyjs/helper-api-error': [ '1.13.2' ],
17 silly audit   '@webassemblyjs/helper-buffer': [ '1.14.1' ],
17 silly audit   '@webassemblyjs/helper-numbers': [ '1.13.2' ],
17 silly audit   '@webassemblyjs/helper-wasm-bytecode': [ '1.13.2' ],
17 silly audit   '@webassemblyjs/helper-wasm-section': [ '1.14.1' ],
17 silly audit   '@webassemblyjs/ieee754': [ '1.13.2' ],
17 silly audit   '@webassemblyjs/leb128': [ '1.13.2' ],
17 silly audit   '@webassemblyjs/utf8': [ '1.13.2' ],
17 silly audit   '@webassemblyjs/wasm-edit': [ '1.14.1' ],
17 silly audit   '@webassemblyjs/wasm-gen': [ '1.14.1' ],
17 silly audit   '@webassemblyjs/wasm-opt': [ '1.14.1' ],
17 silly audit   '@webassemblyjs/wasm-parser': [ '1.14.1' ],
17 silly audit   '@webassemblyjs/wast-printer': [ '1.14.1' ],
17 silly audit   '@xtuc/ieee754': [ '1.2.0' ],
17 silly audit   '@xtuc/long': [ '4.2.2' ],
17 silly audit   accepts: [ '1.3.8' ],
17 silly audit   'mime-db': [ '1.52.0', '1.54.0', '1.33.0' ],
17 silly audit   'mime-types': [ '2.1.35', '2.1.18', '3.0.2' ],
17 silly audit   negotiator: [ '0.6.3', '0.6.4' ],
17 silly audit   acorn: [ '8.17.0' ],
17 silly audit   'acorn-import-phases': [ '1.0.4' ],
17 silly audit   'acorn-jsx': [ '5.3.2' ],
17 silly audit   'acorn-walk': [ '8.3.5' ],
17 silly audit   address: [ '2.0.3' ],
17 silly audit   'aggregate-error': [ '3.1.0' ],
17 silly audit   ajv: [ '8.20.0', '6.15.0' ],
17 silly audit   'ajv-formats': [ '2.1.1' ],
17 silly audit   'ajv-keywords': [ '5.1.0', '3.5.2' ],
17 silly audit   algoliasearch: [ '5.56.0' ],
17 silly audit   'algoliasearch-helper': [ '3.29.3' ],
17 silly audit   'ansi-align': [ '3.0.1' ],
17 silly audit   'emoji-regex': [ '8.0.0', '9.2.2' ],
17 silly audit   'string-width': [ '4.2.3', '5.1.2' ],
17 silly audit   'ansi-html-community': [ '0.0.8' ],
17 silly audit   'ansi-regex': [ '5.0.1', '6.2.2' ],
17 silly audit   'ansi-styles': [ '4.3.0', '6.2.3' ],
17 silly audit   ansis: [ '3.17.0' ],
17 silly audit   anymatch: [ '3.1.3' ],
17 silly audit   arg: [ '5.0.2' ],
17 silly audit   argparse: [ '2.0.1' ],
17 silly audit   'array-flatten': [ '1.1.1' ],
17 silly audit   'array-union': [ '2.1.0' ],
17 silly audit   asn1js: [ '3.0.10' ],
17 silly audit   astring: [ '1.9.0' ],
17 silly audit   autoprefixer: [ '10.5.4' ],
17 silly audit   'babel-loader': [ '9.2.1' ],
17 silly audit   'babel-plugin-dynamic-import-node': [ '2.3.3' ],
17 silly audit   'babel-plugin-polyfill-corejs2': [ '0.4.17' ],
17 silly audit   'babel-plugin-polyfill-regenerator': [ '0.6.8' ],
17 silly audit   bail: [ '2.0.2' ],
17 silly audit   'balanced-match': [ '1.0.2' ],
17 silly audit   'baseline-browser-mapping': [ '2.11.12' ],
17 silly audit   batch: [ '0.6.1' ],
17 silly audit   'big.js': [ '5.2.2' ],
17 silly audit   'binary-extensions': [ '2.3.0' ],
17 silly audit   'body-parser': [ '1.20.6' ],
17 silly audit   bytes: [ '3.1.2', '3.0.0' ],
17 silly audit   debug: [ '2.6.9', '4.4.3' ],
17 silly audit   ms: [ '2.0.0', '2.1.3' ],
17 silly audit   'bonjour-service': [ '1.4.4' ],
17 silly audit   boolbase: [ '1.0.0' ],
17 silly audit   boxen: [ '6.2.1', '7.1.1' ],
17 silly audit   'brace-expansion': [ '1.1.18' ],
17 silly audit   braces: [ '3.0.3' ],
17 silly audit   browserslist: [ '4.28.7' ],
17 silly audit   'buffer-from': [ '1.1.2' ],
17 silly audit   'bundle-name': [ '4.1.0' ],
17 silly audit   bytestreamjs: [ '2.0.1' ],
17 silly audit   'cacheable-lookup': [ '7.0.0' ],
17 silly audit   'cacheable-request': [ '10.2.14' ],
17 silly audit   'call-bind': [ '1.0.9' ],
17 silly audit   'call-bind-apply-helpers': [ '1.0.2' ],
17 silly audit   'call-bound': [ '1.0.4' ],
17 silly audit   callsites: [ '3.1.0' ],
17 silly audit   'camel-case': [ '4.1.2' ],
17 silly audit   camelcase: [ '6.3.0', '7.0.1' ],
17 silly audit   'caniuse-api': [ '3.0.0' ],
17 silly audit   'caniuse-lite': [ '1.0.30001806' ],
17 silly audit   ccount: [ '2.0.1' ],
17 silly audit   chalk: [ '4.1.2', '5.6.2' ],
17 silly audit   'char-regex': [ '1.0.2' ],
17 silly audit   'character-entities': [ '2.0.2' ],
17 silly audit   'character-entities-html4': [ '2.1.0' ],
17 silly audit   'character-entities-legacy': [ '3.0.0' ],
17 silly audit   'character-reference-invalid': [ '2.0.1' ],
17 silly audit   cheerio: [ '1.0.0-rc.12' ],
17 silly audit   'cheerio-select': [ '2.1.0' ],
17 silly audit   chokidar: [ '3.6.0' ],
17 silly audit   'chrome-trace-event': [ '1.0.4' ],
17 silly audit   'ci-info': [ '3.9.0' ],
17 silly audit   'clean-css': [ '5.3.3' ],
17 silly audit   'source-map': [ '0.6.1', '0.7.6' ],
17 silly audit   'clean-stack': [ '2.2.0' ],
17 silly audit   'cli-boxes': [ '3.0.0' ],
17 silly audit   'cli-table3': [ '0.6.5' ],
17 silly audit   'clone-deep': [ '4.0.1' ],
17 silly audit   clsx: [ '2.1.1' ],
17 silly audit   'collapse-white-space': [ '2.1.0' ],
17 silly audit   'color-convert': [ '2.0.1' ],
17 silly audit   'color-name': [ '1.1.4' ],
17 silly audit   colord: [ '2.9.3' ],
17 silly audit   colorette: [ '2.0.20' ],
17 silly audit   'combine-promises': [ '1.2.0' ],
17 silly audit   'comma-separated-tokens': [ '2.0.3' ],
17 silly audit   commander: [ '5.1.0', '10.0.1', '8.3.0', '7.2.0', '2.20.3' ],
17 silly audit   'common-path-prefix': [ '3.0.0' ],
17 silly audit   compressible: [ '2.0.18' ],
17 silly audit   compression: [ '1.8.1' ],
17 silly audit   'concat-map': [ '0.0.1' ],
17 silly audit   'config-chain': [ '1.1.13' ],
17 silly audit   ini: [ '1.3.8', '2.0.0' ],
17 silly audit   configstore: [ '6.0.0' ],
17 silly audit   'connect-history-api-fallback': [ '2.0.0' ],
17 silly audit   consola: [ '3.4.2' ],
17 silly audit   'content-disposition': [ '0.5.2', '0.5.4' ],
17 silly audit   'content-type': [ '1.0.5' ],
17 silly audit   'convert-source-map': [ '2.0.0' ],
17 silly audit   cookie: [ '0.7.2' ],
17 silly audit   'cookie-signature': [ '1.0.7' ],
17 silly audit   'copy-text-to-clipboard': [ '3.2.2' ],
17 silly audit   'copy-webpack-plugin': [ '11.0.0' ],
17 silly audit   'glob-parent': [ '6.0.2', '5.1.2' ],
17 silly audit   globby: [ '13.2.2', '11.1.0' ],
17 silly audit   slash: [ '4.0.0', '3.0.0' ],
17 silly audit   'core-js': [ '3.49.0' ],
17 silly audit   'core-js-compat': [ '3.50.0' ],
17 silly audit   'core-util-is': [ '1.0.3' ],
17 silly audit   cosmiconfig: [ '8.3.6' ],
17 silly audit   'cross-spawn': [ '7.0.6' ],
17 silly audit   'crypto-random-string': [ '4.0.0' ],
17 silly audit   'type-fest': [ '1.4.0', '2.19.0' ],
17 silly audit   'css-blank-pseudo': [ '7.0.1' ],
17 silly audit   'css-declaration-sorter': [ '7.4.0' ],
17 silly audit   'css-has-pseudo': [ '7.0.3' ],
17 silly audit   'css-loader': [ '6.11.0' ],
17 silly audit   'css-minimizer-webpack-plugin': [ '5.0.1' ],
17 silly audit   'css-prefers-color-scheme': [ '10.0.0' ],
17 silly audit   'css-select': [ '5.2.2', '4.3.0' ],
17 silly audit   'css-tree': [ '2.3.1', '2.2.1' ],
17 silly audit   'css-what': [ '6.2.2' ],
17 silly audit   cssdb: [ '8.9.0' ],
17 silly audit   cssesc: [ '3.0.0' ],
17 silly audit   cssnano: [ '6.1.2' ],
17 silly audit   'cssnano-preset-advanced': [ '6.1.2' ],
17 silly audit   'cssnano-preset-default': [ '6.1.2' ],
17 silly audit   'cssnano-utils': [ '4.0.2' ],
17 silly audit   csso: [ '5.0.5' ],
17 silly audit   'mdn-data': [ '2.0.28', '2.0.30' ],
17 silly audit   csstype: [ '3.2.3' ],
17 silly audit   debounce: [ '1.2.1' ],
17 silly audit   'decode-named-character-reference': [ '1.3.0' ],
17 silly audit   'decompress-response': [ '6.0.0' ],
17 silly audit   'mimic-response': [ '3.1.0', '4.0.0' ],
17 silly audit   'deep-extend': [ '0.6.0' ],
17 silly audit   deepmerge: [ '4.3.1' ],
17 silly audit   'default-browser': [ '5.5.0' ],
17 silly audit   'default-browser-id': [ '5.0.1' ],
17 silly audit   'defer-to-connect': [ '2.0.1' ],
17 silly audit   'define-data-property': [ '1.1.4' ],
17 silly audit   'define-lazy-prop': [ '2.0.0', '3.0.0' ],
17 silly audit   'define-properties': [ '1.2.1' ],
17 silly audit   depd: [ '2.0.0', '1.1.2' ],
17 silly audit   dequal: [ '2.0.3' ],
17 silly audit   destroy: [ '1.2.0' ],
17 silly audit   'detect-node': [ '2.1.0' ],
17 silly audit   'detect-port': [ '2.1.0' ],
17 silly audit   devlop: [ '1.1.0' ],
17 silly audit   'dir-glob': [ '3.0.1' ],
17 silly audit   'dns-packet': [ '5.6.1' ],
17 silly audit   'dom-converter': [ '0.2.0' ],
17 silly audit   'dom-serializer': [ '2.0.0', '1.4.1' ],
17 silly audit   domelementtype: [ '2.3.0' ],
17 silly audit   domhandler: [ '5.0.3', '4.3.1' ],
17 silly audit   domutils: [ '3.2.2', '2.8.0' ],
17 silly audit   'dot-case': [ '3.0.4' ],
17 silly audit   'dot-prop': [ '6.0.1' ],
17 silly audit   'is-obj': [ '2.0.0', '1.0.1' ],
17 silly audit   'dunder-proto': [ '1.0.1' ],
17 silly audit   duplexer: [ '0.1.2' ],
17 silly audit   eastasianwidth: [ '0.2.0' ],
17 silly audit   'ee-first': [ '1.1.1' ],
17 silly audit   'electron-to-chromium': [ '1.5.402' ],
17 silly audit   emojilib: [ '2.4.0' ],
17 silly audit   'emojis-list': [ '3.0.0' ],
17 silly audit   emoticon: [ '4.1.0' ],
17 silly audit   encodeurl: [ '2.0.0' ],
17 silly audit   'enhanced-resolve': [ '5.24.2' ],
17 silly audit   entities: [ '4.5.0', '6.0.1', '2.2.0' ],
17 silly audit   'error-ex': [ '1.3.4' ],
17 silly audit   'es-define-property': [ '1.0.1' ],
17 silly audit   'es-errors': [ '1.3.0' ],
17 silly audit   'es-module-lexer': [ '2.3.1' ],
17 silly audit   'es-object-atoms': [ '1.1.2' ],
17 silly audit   'esast-util-from-estree': [ '2.0.0' ],
17 silly audit   'esast-util-from-js': [ '2.0.1' ],
17 silly audit   escalade: [ '3.2.0' ],
17 silly audit   'escape-goat': [ '4.0.0' ],
17 silly audit   'escape-html': [ '1.0.3' ],
17 silly audit   'escape-string-regexp': [ '4.0.0', '5.0.0' ],
17 silly audit   'eslint-scope': [ '5.1.1' ],
17 silly audit   esrecurse: [ '4.3.0' ],
17 silly audit   estraverse: [ '5.3.0', '4.3.0' ],
17 silly audit   'estree-util-attach-comments': [ '3.0.0' ],
17 silly audit   'estree-util-build-jsx': [ '3.0.1' ],
17 silly audit   'estree-util-is-identifier-name': [ '3.0.0' ],
17 silly audit   'estree-util-scope': [ '1.0.0' ],
17 silly audit   'estree-util-to-js': [ '2.0.0' ],
17 silly audit   'estree-util-value-to-estree': [ '3.5.0' ],
17 silly audit   'estree-util-visit': [ '2.0.0' ],
17 silly audit   'estree-walker': [ '3.0.3' ],
17 silly audit   esutils: [ '2.0.3' ],
17 silly audit   eta: [ '2.2.0' ],
17 silly audit   etag: [ '1.8.1' ],
17 silly audit   eval: [ '0.1.8' ],
17 silly audit   eventemitter3: [ '4.0.7' ],
17 silly audit   events: [ '3.3.0' ],
17 silly audit   execa: [ '5.1.1' ],
17 silly audit   express: [ '4.22.2' ],
17 silly audit   'path-to-regexp': [ '0.1.13', '1.9.0', '3.3.0' ],
17 silly audit   'range-parser': [ '1.2.1', '1.2.0', '1.3.0' ],
17 silly audit   extend: [ '3.0.2' ],
17 silly audit   'extend-shallow': [ '2.0.1' ],
17 silly audit   'fast-deep-equal': [ '3.1.3' ],
17 silly audit   'fast-glob': [ '3.3.3' ],
17 silly audit   'fast-json-stable-stringify': [ '2.1.0' ],
17 silly audit   'fast-uri': [ '3.1.5' ],
17 silly audit   fastq: [ '1.20.1' ],
17 silly audit   fault: [ '2.0.1' ],
17 silly audit   'faye-websocket': [ '0.11.4' ],
17 silly audit   feed: [ '4.2.2' ],
17 silly audit   'file-loader': [ '6.2.0' ],
17 silly audit   'json-schema-traverse': [ '0.4.1', '1.0.0' ],
17 silly audit   'schema-utils': [ '3.3.0', '4.3.3' ],
17 silly audit   'fill-range': [ '7.1.1' ],
17 silly audit   finalhandler: [ '1.3.2' ],
17 silly audit   'find-cache-dir': [ '4.0.0' ],
17 silly audit   'find-up': [ '6.3.0' ],
17 silly audit   flat: [ '5.0.2' ],
17 silly audit   'follow-redirects': [ '1.16.0' ],
17 silly audit   'form-data-encoder': [ '2.1.4' ],
17 silly audit   format: [ '0.2.2' ],
17 silly audit   forwarded: [ '0.2.0' ],
17 silly audit   'fraction.js': [ '5.3.4' ],
17 silly audit   fresh: [ '0.5.2' ],
17 silly audit   'fs-extra': [ '11.3.6' ],
17 silly audit   fsevents: [ '2.3.3' ],
17 silly audit   'function-bind': [ '1.1.2' ],
17 silly audit   gensync: [ '1.0.0-beta.2' ],
17 silly audit   'get-intrinsic': [ '1.3.0' ],
17 silly audit   'get-own-enumerable-property-symbols': [ '3.0.2' ],
17 silly audit   'get-proto': [ '1.0.1' ],
17 silly audit   'get-stream': [ '6.0.1' ],
17 silly audit   'github-slugger': [ '1.5.0' ],
17 silly audit   'glob-to-regex.js': [ '1.2.0' ],
17 silly audit   'global-dirs': [ '3.0.1' ],
17 silly audit   gopd: [ '1.2.0' ],
17 silly audit   got: [ '12.6.1' ],
17 silly audit   'gzip-size': [ '6.0.0' ],
17 silly audit   'handle-thing': [ '2.0.1' ],
17 silly audit   'has-flag': [ '4.0.0' ],
17 silly audit   'has-property-descriptors': [ '1.0.2' ],
17 silly audit   'has-symbols': [ '1.1.0' ],
17 silly audit   'has-yarn': [ '3.0.0' ],
17 silly audit   hasown: [ '2.0.4' ],
17 silly audit   'hast-util-from-parse5': [ '8.0.3' ],
17 silly audit   'hast-util-parse-selector': [ '4.0.0' ],
17 silly audit   'hast-util-raw': [ '9.1.0' ],
17 silly audit   'hast-util-to-estree': [ '3.1.3' ],
17 silly audit   'hast-util-to-jsx-runtime': [ '2.3.6' ],
17 silly audit   'hast-util-to-parse5': [ '8.0.1' ],
17 silly audit   'hast-util-whitespace': [ '3.0.0' ],
17 silly audit   hastscript: [ '9.0.1' ],
17 silly audit   he: [ '1.2.0' ],
17 silly audit   history: [ '4.10.1' ],
17 silly audit   'hoist-non-react-statics': [ '3.3.2' ],
17 silly audit   'hpack.js': [ '2.1.6' ],
17 silly audit   isarray: [ '1.0.0', '0.0.1' ],
17 silly audit   'readable-stream': [ '2.3.8', '3.6.2' ],
17 silly audit   'safe-buffer': [ '5.1.2', '5.2.1' ],
17 silly audit   string_decoder: [ '1.1.1', '1.3.0' ],
17 silly audit   'html-escaper': [ '2.0.2' ],
17 silly audit   'html-minifier-terser': [ '7.2.0', '6.1.0' ],
17 silly audit   'html-tags': [ '3.3.1' ],
17 silly audit   'html-void-elements': [ '3.0.0' ],
17 silly audit   'html-webpack-plugin': [ '5.6.7' ],
17 silly audit   htmlparser2: [ '8.0.2', '6.1.0' ],
17 silly audit   'http-cache-semantics': [ '4.2.0' ],
17 silly audit   'http-deceiver': [ '1.2.7' ],
17 silly audit   'http-errors': [ '2.0.1', '1.8.1' ],
17 silly audit   'http-parser-js': [ '0.5.10' ],
17 silly audit   'http-proxy': [ '1.18.1' ],
17 silly audit   'http-proxy-middleware': [ '2.0.10' ],
17 silly audit   'is-plain-obj': [ '3.0.0', '4.1.0' ],
17 silly audit   'http2-wrapper': [ '2.2.1' ],
17 silly audit   'human-signals': [ '2.1.0' ],
17 silly audit   hyperdyperid: [ '1.2.0' ],
17 silly audit   'iconv-lite': [ '0.4.24' ],
17 silly audit   'icss-utils': [ '5.1.0' ],
17 silly audit   ignore: [ '5.3.2' ],
17 silly audit   'image-size': [ '2.0.2' ],
17 silly audit   'import-fresh': [ '3.3.1' ],
17 silly audit   'import-lazy': [ '4.0.0' ],
17 silly audit   imurmurhash: [ '0.1.4' ],
17 silly audit   'indent-string': [ '4.0.0' ],
17 silly audit   infima: [ '0.2.0-alpha.45' ],
17 silly audit   inherits: [ '2.0.4' ],
17 silly audit   'inline-style-parser': [ '0.2.7' ],
17 silly audit   invariant: [ '2.2.4' ],
17 silly audit   'ipaddr.js': [ '2.5.0', '1.9.1' ],
17 silly audit   'is-alphabetical': [ '2.0.1' ],
17 silly audit   'is-alphanumerical': [ '2.0.1' ],
17 silly audit   'is-arrayish': [ '0.2.1' ],
17 silly audit   'is-binary-path': [ '2.1.0' ],
17 silly audit   'is-ci': [ '3.0.1' ],
17 silly audit   'is-core-module': [ '2.16.2' ],
17 silly audit   'is-decimal': [ '2.0.1' ],
17 silly audit   'is-docker': [ '2.2.1', '3.0.0' ],
17 silly audit   'is-extendable': [ '0.1.1' ],
17 silly audit   'is-extglob': [ '2.1.1' ],
17 silly audit   'is-fullwidth-code-point': [ '3.0.0' ],
17 silly audit   'is-glob': [ '4.0.3' ],
17 silly audit   'is-hexadecimal': [ '2.0.1' ],
17 silly audit   'is-inside-container': [ '1.0.0' ],
17 silly audit   'is-installed-globally': [ '0.4.0' ],
17 silly audit   'is-network-error': [ '1.3.2' ],
17 silly audit   'is-npm': [ '6.1.0' ],
17 silly audit   'is-number': [ '7.0.0' ],
17 silly audit   'is-path-inside': [ '3.0.3' ],
17 silly audit   'is-plain-object': [ '2.0.4' ],
17 silly audit   'is-regexp': [ '1.0.0' ],
17 silly audit   'is-stream': [ '2.0.1' ],
17 silly audit   'is-typedarray': [ '1.0.0' ],
17 silly audit   'is-wsl': [ '2.2.0', '3.1.1' ],
17 silly audit   'is-yarn-global': [ '0.4.1' ],
17 silly audit   isexe: [ '2.0.0' ],
17 silly audit   isobject: [ '3.0.1' ],
17 silly audit   'jest-util': [ '29.7.0' ],
17 silly audit   'jest-worker': [ '29.7.0', '27.5.1' ],
17 silly audit   'supports-color': [ '8.1.1', '7.2.0' ],
17 silly audit   jiti: [ '1.21.7' ],
17 silly audit   joi: [ '17.13.4' ],
17 silly audit   'js-tokens': [ '4.0.0' ],
17 silly audit   'js-yaml': [ '4.3.1' ],
17 silly audit   jsesc: [ '3.1.0' ],
17 silly audit   'json-buffer': [ '3.0.1' ],
17 silly audit   'json-parse-even-better-errors': [ '2.3.1' ],
17 silly audit   json5: [ '2.2.3' ],
17 silly audit   jsonfile: [ '6.2.1' ],
17 silly audit   keyv: [ '4.5.4' ],
17 silly audit   'kind-of': [ '6.0.3' ],
17 silly audit   kleur: [ '3.0.3' ],
17 silly audit   'latest-version': [ '7.0.0' ],
17 silly audit   'launch-editor': [ '2.14.1' ],
17 silly audit   leven: [ '3.1.0' ],
17 silly audit   lilconfig: [ '3.1.3' ],
17 silly audit   'lines-and-columns': [ '1.2.4' ],
17 silly audit   'loader-runner': [ '4.3.2' ],
17 silly audit   'loader-utils': [ '2.0.4' ],
17 silly audit   'locate-path': [ '7.2.0' ],
17 silly audit   lodash: [ '4.18.1' ],
17 silly audit   'lodash.debounce': [ '4.0.8' ],
17 silly audit   'lodash.memoize': [ '4.1.2' ],
17 silly audit   'lodash.uniq': [ '4.5.0' ],
17 silly audit   'longest-streak': [ '3.1.0' ],
17 silly audit   'loose-envify': [ '1.4.0' ],
17 silly audit   'lower-case': [ '2.0.2' ],
17 silly audit   'lowercase-keys': [ '3.0.0' ],
17 silly audit   'lru-cache': [ '5.1.1' ],
17 silly audit   'markdown-extensions': [ '2.0.0' ],
17 silly audit   'markdown-table': [ '3.0.4' ],
17 silly audit   'math-intrinsics': [ '1.1.0' ],
17 silly audit   'mdast-util-directive': [ '3.1.0' ],
17 silly audit   'mdast-util-find-and-replace': [ '3.0.2' ],
17 silly audit   'mdast-util-from-markdown': [ '2.0.3' ],
17 silly audit   'micromark-util-symbol': [ '2.0.1', '1.1.0' ],
17 silly audit   'mdast-util-frontmatter': [ '2.0.1' ],
17 silly audit   'mdast-util-gfm': [ '3.1.0' ],
17 silly audit   'mdast-util-gfm-autolink-literal': [ '2.0.1' ],
17 silly audit   'micromark-util-character': [ '2.1.1', '1.2.0' ],
17 silly audit   'mdast-util-gfm-footnote': [ '2.1.0' ],
17 silly audit   'mdast-util-gfm-strikethrough': [ '2.0.0' ],
17 silly audit   'mdast-util-gfm-table': [ '2.0.0' ],
17 silly audit   'mdast-util-gfm-task-list-item': [ '2.0.0' ],
17 silly audit   'mdast-util-mdx': [ '3.0.0' ],
17 silly audit   'mdast-util-mdx-expression': [ '2.0.1' ],
17 silly audit   'mdast-util-mdx-jsx': [ '3.2.0' ],
17 silly audit   'mdast-util-mdxjs-esm': [ '2.0.1' ],
17 silly audit   'mdast-util-phrasing': [ '4.1.0' ],
17 silly audit   'mdast-util-to-hast': [ '13.2.1' ],
17 silly audit   'mdast-util-to-markdown': [ '2.1.2' ],
17 silly audit   'mdast-util-to-string': [ '4.0.0' ],
17 silly audit   'media-typer': [ '0.3.0' ],
17 silly audit   memfs: [ '4.68.0' ],
17 silly audit   'merge-descriptors': [ '1.0.3' ],
17 silly audit   'merge-stream': [ '2.0.0' ],
17 silly audit   merge2: [ '1.4.1' ],
17 silly audit   methods: [ '1.1.2' ],
17 silly audit   micromark: [ '4.0.2' ],
17 silly audit   'micromark-core-commonmark': [ '2.0.3' ],
17 silly audit   'micromark-factory-space': [ '2.0.1', '1.1.0' ],
17 silly audit   'micromark-extension-directive': [ '3.0.2' ],
17 silly audit   'micromark-extension-frontmatter': [ '2.0.0' ],
17 silly audit   'micromark-extension-gfm': [ '3.0.0' ],
17 silly audit   'micromark-extension-gfm-autolink-literal': [ '2.1.0' ],
17 silly audit   'micromark-extension-gfm-footnote': [ '2.1.0' ],
17 silly audit   'micromark-extension-gfm-strikethrough': [ '2.1.0' ],
17 silly audit   'micromark-extension-gfm-table': [ '2.1.1' ],
17 silly audit   'micromark-extension-gfm-tagfilter': [ '2.0.0' ],
17 silly audit   'micromark-extension-gfm-task-list-item': [ '2.1.0' ],
17 silly audit   'micromark-extension-mdx-expression': [ '3.0.1' ],
17 silly audit   'micromark-extension-mdx-jsx': [ '3.0.2' ],
17 silly audit   'micromark-extension-mdx-md': [ '2.0.0' ],
17 silly audit   'micromark-extension-mdxjs': [ '3.0.0' ],
17 silly audit   'micromark-extension-mdxjs-esm': [ '3.0.0' ],
17 silly audit   'micromark-factory-destination': [ '2.0.1' ],
17 silly audit   'micromark-factory-label': [ '2.0.1' ],
17 silly audit   'micromark-factory-mdx-expression': [ '2.0.3' ],
17 silly audit   'micromark-util-types': [ '1.1.0', '2.0.2' ],
17 silly audit   'micromark-factory-title': [ '2.0.1' ],
17 silly audit   'micromark-factory-whitespace': [ '2.0.1' ],
17 silly audit   'micromark-util-chunked': [ '2.0.1' ],
17 silly audit   'micromark-util-classify-character': [ '2.0.1' ],
17 silly audit   'micromark-util-combine-extensions': [ '2.0.1' ],
17 silly audit   'micromark-util-decode-numeric-character-reference': [ '2.0.2' ],
17 silly audit   'micromark-util-decode-string': [ '2.0.1' ],
17 silly audit   'micromark-util-encode': [ '2.0.1' ],
17 silly audit   'micromark-util-events-to-acorn': [ '2.0.3' ],
17 silly audit   'micromark-util-html-tag-name': [ '2.0.1' ],
17 silly audit   'micromark-util-normalize-identifier': [ '2.0.1' ],
17 silly audit   'micromark-util-resolve-all': [ '2.0.1' ],
17 silly audit   'micromark-util-sanitize-uri': [ '2.0.1' ],
17 silly audit   'micromark-util-subtokenize': [ '2.1.0' ],
17 silly audit   micromatch: [ '4.0.8' ],
17 silly audit   mime: [ '1.6.0' ],
17 silly audit   'mimic-fn': [ '2.1.0' ],
17 silly audit   'mini-css-extract-plugin': [ '2.10.2' ],
17 silly audit   'minimalistic-assert': [ '1.0.1' ],
17 silly audit   minimatch: [ '3.1.5' ],
17 silly audit   minimist: [ '1.2.8' ],
17 silly audit   'minimizer-webpack-plugin': [ '5.6.1' ],
17 silly audit   mrmime: [ '2.0.1' ],
17 silly audit   'multicast-dns': [ '7.2.5' ],
17 silly audit   nanoid: [ '3.3.18' ],
17 silly audit   'neo-async': [ '2.6.2' ],
17 silly audit   'no-case': [ '3.0.4' ],
17 silly audit   'node-emoji': [ '2.2.0' ],
17 silly audit   'node-releases': [ '2.0.51' ],
17 silly audit   'normalize-path': [ '3.0.0' ],
17 silly audit   'normalize-url': [ '8.1.1' ],
17 silly audit   'npm-run-path': [ '4.0.1' ],
17 silly audit   nprogress: [ '0.2.0' ],
17 silly audit   'nth-check': [ '2.1.1' ],
17 silly audit   'null-loader': [ '4.0.1' ],
17 silly audit   'object-assign': [ '4.1.1' ],
17 silly audit   'object-inspect': [ '1.13.4' ],
17 silly audit   'object-keys': [ '1.1.1' ],
17 silly audit   'object.assign': [ '4.1.7' ],
17 silly audit   obuf: [ '1.1.2' ],
17 silly audit   'on-finished': [ '2.4.1' ],
17 silly audit   'on-headers': [ '1.1.0' ],
17 silly audit   onetime: [ '5.1.2' ],
17 silly audit   open: [ '8.4.2', '10.2.0' ],
17 silly audit   opener: [ '1.5.2' ],
17 silly audit   'p-cancelable': [ '3.0.0' ],
17 silly audit   'p-finally': [ '1.0.0' ],
17 silly audit   'p-limit': [ '4.0.0' ],
17 silly audit   'p-locate': [ '6.0.0' ],
17 silly audit   'p-map': [ '4.0.0' ],
17 silly audit   'p-queue': [ '6.6.2' ],
17 silly audit   'p-retry': [ '6.2.1' ],
17 silly audit   'p-timeout': [ '3.2.0' ],
17 silly audit   'package-json': [ '8.1.1' ],
17 silly audit   'param-case': [ '3.0.4' ],
17 silly audit   'parent-module': [ '1.0.1' ],
17 silly audit   'parse-entities': [ '4.0.2' ],
17 silly audit   'parse-json': [ '5.2.0' ],
17 silly audit   'parse-numeric-range': [ '1.3.0' ],
17 silly audit   parse5: [ '7.3.0' ],
17 silly audit   'parse5-htmlparser2-tree-adapter': [ '7.1.0' ],
17 silly audit   parseurl: [ '1.3.3' ],
17 silly audit   'pascal-case': [ '3.1.2' ],
17 silly audit   'path-exists': [ '5.0.0' ],
17 silly audit   'path-is-inside': [ '1.0.2' ],
17 silly audit   'path-key': [ '3.1.1' ],
17 silly audit   'path-parse': [ '1.0.7' ],
17 silly audit   'path-type': [ '4.0.0' ],
17 silly audit   picocolors: [ '1.1.1' ],
17 silly audit   picomatch: [ '2.3.2' ],
17 silly audit   'pkg-dir': [ '7.0.0' ],
17 silly audit   pkijs: [ '3.4.0' ],
17 silly audit   postcss: [ '8.5.26' ],
17 silly audit   'postcss-attribute-case-insensitive': [ '7.0.1' ],
17 silly audit   'postcss-calc': [ '9.0.1' ],
17 silly audit   'postcss-clamp': [ '4.1.0' ],
17 silly audit   'postcss-color-functional-notation': [ '7.0.12' ],
17 silly audit   'postcss-color-hex-alpha': [ '10.0.0' ],
17 silly audit   'postcss-color-rebeccapurple': [ '10.0.0' ],
17 silly audit   'postcss-colormin': [ '6.1.0' ],
17 silly audit   'postcss-convert-values': [ '6.1.0' ],
17 silly audit   'postcss-custom-media': [ '11.0.6' ],
17 silly audit   'postcss-custom-properties': [ '14.0.6' ],
17 silly audit   'postcss-custom-selectors': [ '8.0.5' ],
17 silly audit   'postcss-dir-pseudo-class': [ '9.0.1' ],
17 silly audit   'postcss-discard-comments': [ '6.0.2' ],
17 silly audit   'postcss-discard-duplicates': [ '6.0.3' ],
17 silly audit   'postcss-discard-empty': [ '6.0.3' ],
17 silly audit   'postcss-discard-overridden': [ '6.0.2' ],
17 silly audit   'postcss-discard-unused': [ '6.0.5' ],
17 silly audit   'postcss-double-position-gradients': [ '6.0.4' ],
17 silly audit   'postcss-focus-visible': [ '10.0.1' ],
17 silly audit   'postcss-focus-within': [ '9.0.1' ],
17 silly audit   'postcss-font-variant': [ '5.0.0' ],
17 silly audit   'postcss-gap-properties': [ '6.0.0' ],
17 silly audit   'postcss-image-set-function': [ '7.0.0' ],
17 silly audit   'postcss-lab-function': [ '7.0.12' ],
17 silly audit   'postcss-loader': [ '7.3.4' ],
17 silly audit   'postcss-logical': [ '8.1.0' ],
17 silly audit   'postcss-merge-idents': [ '6.0.3' ],
17 silly audit   'postcss-merge-longhand': [ '6.0.5' ],
17 silly audit   'postcss-merge-rules': [ '6.1.1' ],
17 silly audit   'postcss-minify-font-values': [ '6.1.0' ],
17 silly audit   'postcss-minify-gradients': [ '6.0.3' ],
17 silly audit   'postcss-minify-params': [ '6.1.0' ],
17 silly audit   'postcss-minify-selectors': [ '6.0.4' ],
17 silly audit   'postcss-modules-extract-imports': [ '3.1.0' ],
17 silly audit   'postcss-modules-local-by-default': [ '4.2.0' ],
17 silly audit   'postcss-modules-scope': [ '3.2.1' ],
17 silly audit   'postcss-modules-values': [ '4.0.0' ],
17 silly audit   'postcss-nesting': [ '13.0.2' ],
17 silly audit   'postcss-normalize-charset': [ '6.0.2' ],
17 silly audit   'postcss-normalize-display-values': [ '6.0.2' ],
17 silly audit   'postcss-normalize-positions': [ '6.0.2' ],
17 silly audit   'postcss-normalize-repeat-style': [ '6.0.2' ],
17 silly audit   'postcss-normalize-string': [ '6.0.2' ],
17 silly audit   'postcss-normalize-timing-functions': [ '6.0.2' ],
17 silly audit   'postcss-normalize-unicode': [ '6.1.0' ],
17 silly audit   'postcss-normalize-url': [ '6.0.2' ],
17 silly audit   'postcss-normalize-whitespace': [ '6.0.2' ],
17 silly audit   'postcss-opacity-percentage': [ '3.0.0' ],
17 silly audit   'postcss-ordered-values': [ '6.0.2' ],
17 silly audit   'postcss-overflow-shorthand': [ '6.0.0' ],
17 silly audit   'postcss-page-break': [ '3.0.4' ],
17 silly audit   'postcss-place': [ '10.0.0' ],
17 silly audit   'postcss-preset-env': [ '10.6.1' ],
17 silly audit   'postcss-pseudo-class-any-link': [ '10.0.1' ],
17 silly audit   'postcss-reduce-idents': [ '6.0.3' ],
17 silly audit   'postcss-reduce-initial': [ '6.1.0' ],
17 silly audit   'postcss-reduce-transforms': [ '6.0.2' ],
17 silly audit   'postcss-replace-overflow-wrap': [ '4.0.0' ],
17 silly audit   'postcss-selector-not': [ '8.0.1' ],
17 silly audit   'postcss-sort-media-queries': [ '5.2.0' ],
17 silly audit   'postcss-svgo': [ '6.0.3' ],
17 silly audit   'postcss-unique-selectors': [ '6.0.4' ],
17 silly audit   'postcss-value-parser': [ '4.2.0' ],
17 silly audit   'postcss-zindex': [ '6.0.2' ],
17 silly audit   'pretty-error': [ '4.0.0' ],
17 silly audit   'pretty-time': [ '1.1.0' ],
17 silly audit   'prism-react-renderer': [ '2.4.1' ],
17 silly audit   prismjs: [ '1.30.0' ],
17 silly audit   'process-nextick-args': [ '2.0.1' ],
17 silly audit   prompts: [ '2.4.2' ],
17 silly audit   'prop-types': [ '15.8.1' ],
17 silly audit   'property-information': [ '7.2.0' ],
17 silly audit   'proto-list': [ '1.2.4' ],
17 silly audit   'proxy-addr': [ '2.0.7' ],
17 silly audit   punycode: [ '2.3.1' ],
17 silly audit   pupa: [ '3.3.0' ],
17 silly audit   pvtsutils: [ '1.3.6' ],
17 silly audit   pvutils: [ '1.2.0' ],
17 silly audit   qs: [ '6.15.3' ],
17 silly audit   'queue-microtask': [ '1.2.3' ],
17 silly audit   'quick-lru': [ '5.1.1' ],
17 silly audit   randombytes: [ '2.1.0' ],
17 silly audit   'raw-body': [ '2.5.3' ],
17 silly audit   rc: [ '1.2.8' ],
17 silly audit   'strip-json-comments': [ '2.0.1', '3.1.1' ],
17 silly audit   react: [ '19.2.7' ],
17 silly audit   'react-dom': [ '19.2.7' ],
17 silly audit   'react-fast-compare': [ '3.2.2' ],
17 silly audit   '@slorber/react-helmet-async': [ '1.3.0' ],
17 silly audit   'react-is': [ '16.13.1' ],
17 silly audit   'react-json-view-lite': [ '2.5.0' ],
17 silly audit   '@docusaurus/react-loadable': [ '6.0.0' ],
17 silly audit   'react-loadable-ssr-addon-v5-slorber': [ '1.0.3' ],
17 silly audit   'react-router': [ '5.3.4' ],
17 silly audit   'react-router-config': [ '5.1.1' ],
17 silly audit   'react-router-dom': [ '5.3.4' ],
17 silly audit   readdirp: [ '3.6.0' ],
17 silly audit   'recma-build-jsx': [ '1.0.0' ],
17 silly audit   'recma-jsx': [ '1.0.1' ],
17 silly audit   'recma-parse': [ '1.0.0' ],
17 silly audit   'recma-stringify': [ '1.0.0' ],
17 silly audit   'reflect-metadata': [ '0.2.2' ],
17 silly audit   regenerate: [ '1.4.2' ],
17 silly audit   'regenerate-unicode-properties': [ '10.2.2' ],
17 silly audit   'regexpu-core': [ '6.4.0' ],
17 silly audit   'registry-auth-token': [ '5.1.1' ],
17 silly audit   'registry-url': [ '6.0.1' ],
17 silly audit   regjsgen: [ '0.8.0' ],
17 silly audit   regjsparser: [ '0.13.2' ],
17 silly audit   'rehype-raw': [ '7.0.0' ],
17 silly audit   'rehype-recma': [ '1.0.0' ],
17 silly audit   relateurl: [ '0.2.7' ],
17 silly audit   'remark-directive': [ '3.0.1' ],
17 silly audit   'remark-emoji': [ '4.0.1' ],
17 silly audit   'remark-frontmatter': [ '5.0.0' ],
17 silly audit   'remark-gfm': [ '4.0.1' ],
17 silly audit   'remark-mdx': [ '3.1.1' ],
17 silly audit   'remark-parse': [ '11.0.0' ],
17 silly audit   'remark-rehype': [ '11.1.2' ],
17 silly audit   'remark-stringify': [ '11.0.0' ],
17 silly audit   renderkid: [ '3.0.0' ],
17 silly audit   'require-from-string': [ '2.0.2' ],
17 silly audit   'require-like': [ '0.1.2' ],
17 silly audit   'requires-port': [ '1.0.0' ],
17 silly audit   resolve: [ '1.22.12' ],
17 silly audit   'resolve-alpn': [ '1.2.1' ],
17 silly audit   'resolve-from': [ '4.0.0' ],
17 silly audit   'resolve-pathname': [ '3.0.0' ],
17 silly audit   responselike: [ '3.0.0' ],
17 silly audit   retry: [ '0.13.1' ],
17 silly audit   reusify: [ '1.1.0' ],
17 silly audit   rtlcss: [ '4.3.0' ],
17 silly audit   'run-applescript': [ '7.1.0' ],
17 silly audit   'run-parallel': [ '1.2.0' ],
17 silly audit   'safer-buffer': [ '2.1.2' ],
17 silly audit   sax: [ '1.6.1' ],
17 silly audit   scheduler: [ '0.27.0' ],
17 silly audit   'schema-dts': [ '1.1.5' ],
17 silly audit   'section-matter': [ '1.0.0' ],
17 silly audit   'select-hose': [ '2.0.0' ],
17 silly audit   selfsigned: [ '5.5.0' ],
17 silly audit   'semver-diff': [ '4.0.0' ],
17 silly audit   send: [ '0.19.2' ],
17 silly audit   'serialize-javascript': [ '6.0.2' ],
17 silly audit   'serve-handler': [ '6.1.7' ],
17 silly audit   'serve-index': [ '1.9.2' ],
17 silly audit   statuses: [ '1.5.0', '2.0.2' ],
17 silly audit   'serve-static': [ '1.16.3' ],
17 silly audit   'set-function-length': [ '1.2.2' ],
17 silly audit   setprototypeof: [ '1.2.0' ],
17 silly audit   'shallow-clone': [ '3.0.1' ],
17 silly audit   shallowequal: [ '1.1.0' ],
17 silly audit   'shebang-command': [ '2.0.0' ],
17 silly audit   'shebang-regex': [ '3.0.0' ],
17 silly audit   'shell-quote': [ '1.10.0' ],
17 silly audit   'side-channel': [ '1.1.1' ],
17 silly audit   'side-channel-list': [ '1.0.1' ],
17 silly audit   'side-channel-map': [ '1.0.1' ],
17 silly audit   'side-channel-weakmap': [ '1.0.2' ],
17 silly audit   'signal-exit': [ '3.0.7' ],
17 silly audit   sirv: [ '2.0.4' ],
17 silly audit   sisteransi: [ '1.0.5' ],
17 silly audit   sitemap: [ '7.1.3' ],
17 silly audit   'skin-tone': [ '2.0.0' ],
17 silly audit   'snake-case': [ '3.0.4' ],
17 silly audit   sockjs: [ '0.3.24' ],
17 silly audit   'sort-css-media-queries': [ '2.2.0' ],
17 silly audit   'source-map-js': [ '1.2.1' ],
17 silly audit   'source-map-support': [ '0.5.21' ],
17 silly audit   'space-separated-tokens': [ '2.0.2' ],
17 silly audit   spdy: [ '4.0.2' ],
17 silly audit   'spdy-transport': [ '3.0.0' ],
17 silly audit   srcset: [ '4.0.0' ],
17 silly audit   'std-env': [ '3.10.0' ],
17 silly audit   'strip-ansi': [ '7.2.0', '6.0.1' ],
17 silly audit   'stringify-entities': [ '4.0.4' ],
17 silly audit   'stringify-object': [ '3.3.0' ],
17 silly audit   'strip-bom-string': [ '1.0.0' ],
17 silly audit   'strip-final-newline': [ '2.0.0' ],
17 silly audit   'style-to-js': [ '1.1.21' ],
17 silly audit   'style-to-object': [ '1.0.14' ],
17 silly audit   stylehacks: [ '6.1.1' ],
17 silly audit   'supports-preserve-symlinks-flag': [ '1.0.0' ],
17 silly audit   'svg-parser': [ '2.0.4' ],
17 silly audit   svgo: [ '3.3.4' ],
17 silly audit   tapable: [ '2.3.3' ],
17 silly audit   terser: [ '5.49.0' ],
17 silly audit   'terser-webpack-plugin': [ '5.6.1' ],
17 silly audit   thingies: [ '2.6.1' ],
17 silly audit   thunky: [ '1.1.0' ],
17 silly audit   'tiny-invariant': [ '1.3.3' ],
17 silly audit   'tiny-warning': [ '1.0.3' ],
17 silly audit   tinypool: [ '1.1.1' ],
17 silly audit   'to-regex-range': [ '5.0.1' ],
17 silly audit   toidentifier: [ '1.0.1' ],
17 silly audit   totalist: [ '3.0.1' ],
17 silly audit   'tree-dump': [ '1.1.0' ],
17 silly audit   'trim-lines': [ '3.0.1' ],
17 silly audit   trough: [ '2.2.0' ],
17 silly audit   tslib: [ '2.8.1', '1.14.1' ],
17 silly audit   tsyringe: [ '4.10.0' ],
17 silly audit   'type-is': [ '1.6.18' ],
17 silly audit   'typedarray-to-buffer': [ '3.1.5' ],
17 silly audit   'undici-types': [ '8.3.0' ],
17 silly audit   'unicode-canonical-property-names-ecmascript': [ '2.0.1' ],
17 silly audit   'unicode-emoji-modifier-base': [ '1.0.0' ],
17 silly audit   'unicode-match-property-ecmascript': [ '2.0.0' ],
17 silly audit   'unicode-match-property-value-ecmascript': [ '2.2.1' ],
17 silly audit   'unicode-property-aliases-ecmascript': [ '2.2.0' ],
17 silly audit   unified: [ '11.0.5' ],
17 silly audit   'unique-string': [ '3.0.0' ],
17 silly audit   'unist-util-is': [ '6.0.1' ],
17 silly audit   'unist-util-position': [ '5.0.0' ],
17 silly audit   'unist-util-position-from-estree': [ '2.0.0' ],
17 silly audit   'unist-util-stringify-position': [ '4.0.0' ],
17 silly audit   'unist-util-visit': [ '5.1.0' ],
17 silly audit   'unist-util-visit-parents': [ '6.0.2' ],
17 silly audit   universalify: [ '2.0.1' ],
17 silly audit   unpipe: [ '1.0.0' ],
17 silly audit   'update-browserslist-db': [ '1.2.3' ],
17 silly audit   'update-notifier': [ '6.0.2' ],
17 silly audit   'uri-js': [ '4.4.1' ],
17 silly audit   'url-loader': [ '4.1.1' ],
17 silly audit   'util-deprecate': [ '1.0.2' ],
17 silly audit   utila: [ '0.4.0' ],
17 silly audit   'utility-types': [ '3.11.0' ],
17 silly audit   'utils-merge': [ '1.0.1' ],
17 silly audit   uuid: [ '8.3.2' ],
17 silly audit   'value-equal': [ '1.0.1' ],
17 silly audit   vary: [ '1.1.2' ],
17 silly audit   vfile: [ '6.0.3' ],
17 silly audit   'vfile-location': [ '5.0.3' ],
17 silly audit   'vfile-message': [ '4.0.3' ],
17 silly audit   watchpack: [ '2.5.2' ],
17 silly audit   wbuf: [ '1.7.3' ],
17 silly audit   'web-namespaces': [ '2.0.1' ],
17 silly audit   webpack: [ '5.108.4' ],
17 silly audit   'webpack-bundle-analyzer': [ '4.10.2' ],
17 silly audit   'webpack-dev-middleware': [ '7.4.5' ],
17 silly audit   'webpack-dev-server': [ '5.2.6' ],
17 silly audit   ws: [ '8.21.3', '7.5.12' ],
17 silly audit   'webpack-sources': [ '3.5.1' ],
17 silly audit   webpackbar: [ '7.0.0' ],
17 silly audit   'websocket-driver': [ '0.7.5' ],
17 silly audit   'websocket-extensions': [ '0.1.4' ],
17 silly audit   which: [ '2.0.2' ],
17 silly audit   'widest-line': [ '4.0.1' ],
17 silly audit   wildcard: [ '2.0.1' ],
17 silly audit   'wrap-ansi': [ '8.1.0' ],
17 silly audit   'write-file-atomic': [ '3.0.3' ],
17 silly audit   'wsl-utils': [ '0.1.0' ],
17 silly audit   'xdg-basedir': [ '5.1.0' ],
17 silly audit   'xml-js': [ '1.6.11' ],
17 silly audit   yallist: [ '3.1.1' ],
17 silly audit   'yocto-queue': [ '1.2.2' ],
17 silly audit   zwitch: [ '2.0.4' ]
17 silly audit }
18 http cache zwitch@https://registry.npmjs.org/zwitch/-/zwitch-2.0.4.tgz 1ms (cache hit)
19 http cache yallist@https://registry.npmjs.org/yallist/-/yallist-3.1.1.tgz 0ms (cache hit)
20 http cache xml-js@https://registry.npmjs.org/xml-js/-/xml-js-1.6.11.tgz 0ms (cache hit)
21 http cache xdg-basedir@https://registry.npmjs.org/xdg-basedir/-/xdg-basedir-5.1.0.tgz 0ms (cache hit)
22 http cache wsl-utils@https://registry.npmjs.org/wsl-utils/-/wsl-utils-0.1.0.tgz 0ms (cache hit)
23 http cache write-file-atomic@https://registry.npmjs.org/write-file-atomic/-/write-file-atomic-3.0.3.tgz 0ms (cache hit)
24 http cache yocto-queue@https://registry.npmjs.org/yocto-queue/-/yocto-queue-1.2.2.tgz 0ms (cache hit)
25 http cache ws@https://registry.npmjs.org/ws/-/ws-7.5.12.tgz 0ms (cache hit)
26 http cache widest-line@https://registry.npmjs.org/widest-line/-/widest-line-4.0.1.tgz 0ms (cache hit)
27 http cache websocket-extensions@https://registry.npmjs.org/websocket-extensions/-/websocket-extensions-0.1.4.tgz 0ms (cache hit)
28 http cache wrap-ansi@https://registry.npmjs.org/wrap-ansi/-/wrap-ansi-8.1.0.tgz 0ms (cache hit)
29 http cache webpackbar@https://registry.npmjs.org/webpackbar/-/webpackbar-7.0.0.tgz 0ms (cache hit)
30 http cache webpack-sources@https://registry.npmjs.org/webpack-sources/-/webpack-sources-3.5.1.tgz 0ms (cache hit)
31 http cache webpack-merge@https://registry.npmjs.org/webpack-merge/-/webpack-merge-5.10.0.tgz 0ms (cache hit)
32 http cache webpack-dev-server@https://registry.npmjs.org/webpack-dev-server/-/webpack-dev-server-5.2.6.tgz 0ms (cache hit)
33 http cache which@https://registry.npmjs.org/which/-/which-2.0.2.tgz 0ms (cache hit)
34 http cache webpack-dev-middleware@https://registry.npmjs.org/webpack-dev-middleware/-/webpack-dev-middleware-7.4.5.tgz 0ms (cache hit)
35 http cache webpack-bundle-analyzer@https://registry.npmjs.org/webpack-bundle-analyzer/-/webpack-bundle-analyzer-4.10.2.tgz 0ms (cache hit)
36 http cache websocket-driver@https://registry.npmjs.org/websocket-driver/-/websocket-driver-0.7.5.tgz 0ms (cache hit)
37 http cache webpack@https://registry.npmjs.org/webpack/-/webpack-5.108.4.tgz 0ms (cache hit)
38 http cache web-namespaces@https://registry.npmjs.org/web-namespaces/-/web-namespaces-2.0.1.tgz 0ms (cache hit)
39 http cache watchpack@https://registry.npmjs.org/watchpack/-/watchpack-2.5.2.tgz 0ms (cache hit)
40 http cache wbuf@https://registry.npmjs.org/wbuf/-/wbuf-1.7.3.tgz 0ms (cache hit)
41 http cache vfile-message@https://registry.npmjs.org/vfile-message/-/vfile-message-4.0.3.tgz 0ms (cache hit)
42 http cache vfile-location@https://registry.npmjs.org/vfile-location/-/vfile-location-5.0.3.tgz 0ms (cache hit)
43 http cache vfile@https://registry.npmjs.org/vfile/-/vfile-6.0.3.tgz 0ms (cache hit)
44 http cache value-equal@https://registry.npmjs.org/value-equal/-/value-equal-1.0.1.tgz 0ms (cache hit)
45 http cache uuid@https://registry.npmjs.org/uuid/-/uuid-8.3.2.tgz 0ms (cache hit)
46 http cache vary@https://registry.npmjs.org/vary/-/vary-1.1.2.tgz 0ms (cache hit)
47 http cache utility-types@https://registry.npmjs.org/utility-types/-/utility-types-3.11.0.tgz 0ms (cache hit)
48 http cache utila@https://registry.npmjs.org/utila/-/utila-0.4.0.tgz 0ms (cache hit)
49 http cache url-loader@https://registry.npmjs.org/url-loader/-/url-loader-4.1.1.tgz 0ms (cache hit)
50 http cache utils-merge@https://registry.npmjs.org/utils-merge/-/utils-merge-1.0.1.tgz 0ms (cache hit)
51 http cache wildcard@https://registry.npmjs.org/wildcard/-/wildcard-2.0.1.tgz 0ms (cache hit)
52 http cache uri-js@https://registry.npmjs.org/uri-js/-/uri-js-4.4.1.tgz 0ms (cache hit)
53 http cache util-deprecate@https://registry.npmjs.org/util-deprecate/-/util-deprecate-1.0.2.tgz 0ms (cache hit)
54 http cache unpipe@https://registry.npmjs.org/unpipe/-/unpipe-1.0.0.tgz 0ms (cache hit)
55 http cache universalify@https://registry.npmjs.org/universalify/-/universalify-2.0.1.tgz 0ms (cache hit)
56 http cache unist-util-stringify-position@https://registry.npmjs.org/unist-util-stringify-position/-/unist-util-stringify-position-4.0.0.tgz 0ms (cache hit)
57 http cache unist-util-visit@https://registry.npmjs.org/unist-util-visit/-/unist-util-visit-5.1.0.tgz 0ms (cache hit)
58 http cache update-browserslist-db@https://registry.npmjs.org/update-browserslist-db/-/update-browserslist-db-1.2.3.tgz 0ms (cache hit)
59 http cache unist-util-position-from-estree@https://registry.npmjs.org/unist-util-position-from-estree/-/unist-util-position-from-estree-2.0.0.tgz 0ms (cache hit)
60 http cache unist-util-position@https://registry.npmjs.org/unist-util-position/-/unist-util-position-5.0.0.tgz 0ms (cache hit)
61 http cache unist-util-is@https://registry.npmjs.org/unist-util-is/-/unist-util-is-6.0.1.tgz 0ms (cache hit)
62 http cache unist-util-visit-parents@https://registry.npmjs.org/unist-util-visit-parents/-/unist-util-visit-parents-6.0.2.tgz 0ms (cache hit)
63 http cache update-notifier@https://registry.npmjs.org/update-notifier/-/update-notifier-6.0.2.tgz 0ms (cache hit)
64 http cache unified@https://registry.npmjs.org/unified/-/unified-11.0.5.tgz 0ms (cache hit)
65 http cache unicode-match-property-value-ecmascript@https://registry.npmjs.org/unicode-match-property-value-ecmascript/-/unicode-match-property-value-ecmascript-2.2.1.tgz 0ms (cache hit)
66 http cache unicode-property-aliases-ecmascript@https://registry.npmjs.org/unicode-property-aliases-ecmascript/-/unicode-property-aliases-ecmascript-2.2.0.tgz 0ms (cache hit)
67 http cache unicode-emoji-modifier-base@https://registry.npmjs.org/unicode-emoji-modifier-base/-/unicode-emoji-modifier-base-1.0.0.tgz 0ms (cache hit)
68 http cache unicode-canonical-property-names-ecmascript@https://registry.npmjs.org/unicode-canonical-property-names-ecmascript/-/unicode-canonical-property-names-ecmascript-2.0.1.tgz 0ms (cache hit)
69 http cache undici-types@https://registry.npmjs.org/undici-types/-/undici-types-8.3.0.tgz 0ms (cache hit)
70 http cache unique-string@https://registry.npmjs.org/unique-string/-/unique-string-3.0.0.tgz 0ms (cache hit)
71 http cache type-is@https://registry.npmjs.org/type-is/-/type-is-1.6.18.tgz 0ms (cache hit)
72 http cache typedarray-to-buffer@https://registry.npmjs.org/typedarray-to-buffer/-/typedarray-to-buffer-3.1.5.tgz 0ms (cache hit)
73 http cache type-fest@https://registry.npmjs.org/type-fest/-/type-fest-2.19.0.tgz 0ms (cache hit)
74 http cache unicode-match-property-ecmascript@https://registry.npmjs.org/unicode-match-property-ecmascript/-/unicode-match-property-ecmascript-2.0.0.tgz 0ms (cache hit)
75 http cache tslib@https://registry.npmjs.org/tslib/-/tslib-2.8.1.tgz 0ms (cache hit)
76 http cache trough@https://registry.npmjs.org/trough/-/trough-2.2.0.tgz 0ms (cache hit)
77 http cache trim-lines@https://registry.npmjs.org/trim-lines/-/trim-lines-3.0.1.tgz 0ms (cache hit)
78 http cache totalist@https://registry.npmjs.org/totalist/-/totalist-3.0.1.tgz 0ms (cache hit)
79 http cache tree-dump@https://registry.npmjs.org/tree-dump/-/tree-dump-1.1.0.tgz 0ms (cache hit)
80 http cache to-regex-range@https://registry.npmjs.org/to-regex-range/-/to-regex-range-5.0.1.tgz 0ms (cache hit)
81 http cache tiny-warning@https://registry.npmjs.org/tiny-warning/-/tiny-warning-1.0.3.tgz 0ms (cache hit)
82 http cache tinypool@https://registry.npmjs.org/tinypool/-/tinypool-1.1.1.tgz 0ms (cache hit)
83 http cache tiny-invariant@https://registry.npmjs.org/tiny-invariant/-/tiny-invariant-1.3.3.tgz 0ms (cache hit)
84 http cache thingies@https://registry.npmjs.org/thingies/-/thingies-2.6.1.tgz 0ms (cache hit)
85 http cache tsyringe@https://registry.npmjs.org/tsyringe/-/tsyringe-4.10.0.tgz 0ms (cache hit)
86 http cache toidentifier@https://registry.npmjs.org/toidentifier/-/toidentifier-1.0.1.tgz 0ms (cache hit)
87 http cache terser-webpack-plugin@https://registry.npmjs.org/terser-webpack-plugin/-/terser-webpack-plugin-5.6.1.tgz 0ms (cache hit)
88 http cache thunky@https://registry.npmjs.org/thunky/-/thunky-1.1.0.tgz 0ms (cache hit)
89 http cache svgo@https://registry.npmjs.org/svgo/-/svgo-3.3.4.tgz 0ms (cache hit)
90 http cache supports-preserve-symlinks-flag@https://registry.npmjs.org/supports-preserve-symlinks-flag/-/supports-preserve-symlinks-flag-1.0.0.tgz 0ms (cache hit)
91 http cache tapable@https://registry.npmjs.org/tapable/-/tapable-2.3.3.tgz 0ms (cache hit)
92 http cache svg-parser@https://registry.npmjs.org/svg-parser/-/svg-parser-2.0.4.tgz 0ms (cache hit)
93 http cache terser@https://registry.npmjs.org/terser/-/terser-5.49.0.tgz 0ms (cache hit)
94 http cache supports-color@https://registry.npmjs.org/supports-color/-/supports-color-7.2.0.tgz 0ms (cache hit)
95 http cache stylehacks@https://registry.npmjs.org/stylehacks/-/stylehacks-6.1.1.tgz 0ms (cache hit)
96 http cache strip-json-comments@https://registry.npmjs.org/strip-json-comments/-/strip-json-comments-3.1.1.tgz 0ms (cache hit)
97 http cache strip-bom-string@https://registry.npmjs.org/strip-bom-string/-/strip-bom-string-1.0.0.tgz 0ms (cache hit)
98 http cache strip-final-newline@https://registry.npmjs.org/strip-final-newline/-/strip-final-newline-2.0.0.tgz 0ms (cache hit)
99 http cache strip-ansi@https://registry.npmjs.org/strip-ansi/-/strip-ansi-6.0.1.tgz 0ms (cache hit)
100 http cache stringify-object@https://registry.npmjs.org/stringify-object/-/stringify-object-3.3.0.tgz 0ms (cache hit)
101 http cache stringify-entities@https://registry.npmjs.org/stringify-entities/-/stringify-entities-4.0.4.tgz 0ms (cache hit)
102 http cache style-to-object@https://registry.npmjs.org/style-to-object/-/style-to-object-1.0.14.tgz 0ms (cache hit)
103 http cache style-to-js@https://registry.npmjs.org/style-to-js/-/style-to-js-1.1.21.tgz 0ms (cache hit)
104 http cache std-env@https://registry.npmjs.org/std-env/-/std-env-3.10.0.tgz 0ms (cache hit)
105 http cache statuses@https://registry.npmjs.org/statuses/-/statuses-2.0.2.tgz 0ms (cache hit)
106 http cache string-width@https://registry.npmjs.org/string-width/-/string-width-5.1.2.tgz 0ms (cache hit)
107 http cache srcset@https://registry.npmjs.org/srcset/-/srcset-4.0.0.tgz 0ms (cache hit)
108 http cache spdy-transport@https://registry.npmjs.org/spdy-transport/-/spdy-transport-3.0.0.tgz 0ms (cache hit)
109 http cache string_decoder@https://registry.npmjs.org/string_decoder/-/string_decoder-1.3.0.tgz 0ms (cache hit)
110 http cache source-map-support@https://registry.npmjs.org/source-map-support/-/source-map-support-0.5.21.tgz 0ms (cache hit)
111 http cache source-map-js@https://registry.npmjs.org/source-map-js/-/source-map-js-1.2.1.tgz 0ms (cache hit)
112 http cache space-separated-tokens@https://registry.npmjs.org/space-separated-tokens/-/space-separated-tokens-2.0.2.tgz 0ms (cache hit)
113 http cache sockjs@https://registry.npmjs.org/sockjs/-/sockjs-0.3.24.tgz 0ms (cache hit)
114 http cache snake-case@https://registry.npmjs.org/snake-case/-/snake-case-3.0.4.tgz 0ms (cache hit)
115 http cache sort-css-media-queries@https://registry.npmjs.org/sort-css-media-queries/-/sort-css-media-queries-2.2.0.tgz 0ms (cache hit)
116 http cache source-map@https://registry.npmjs.org/source-map/-/source-map-0.7.6.tgz 0ms (cache hit)
117 http cache sitemap@https://registry.npmjs.org/sitemap/-/sitemap-7.1.3.tgz 0ms (cache hit)
118 http cache sisteransi@https://registry.npmjs.org/sisteransi/-/sisteransi-1.0.5.tgz 0ms (cache hit)
119 http cache skin-tone@https://registry.npmjs.org/skin-tone/-/skin-tone-2.0.0.tgz 0ms (cache hit)
120 http cache sirv@https://registry.npmjs.org/sirv/-/sirv-2.0.4.tgz 0ms (cache hit)
121 http cache slash@https://registry.npmjs.org/slash/-/slash-3.0.0.tgz 0ms (cache hit)
122 http cache side-channel-weakmap@https://registry.npmjs.org/side-channel-weakmap/-/side-channel-weakmap-1.0.2.tgz 0ms (cache hit)
123 http cache side-channel-map@https://registry.npmjs.org/side-channel-map/-/side-channel-map-1.0.1.tgz 0ms (cache hit)
124 http cache spdy@https://registry.npmjs.org/spdy/-/spdy-4.0.2.tgz 0ms (cache hit)
125 http cache side-channel-list@https://registry.npmjs.org/side-channel-list/-/side-channel-list-1.0.1.tgz 0ms (cache hit)
126 http cache side-channel@https://registry.npmjs.org/side-channel/-/side-channel-1.1.1.tgz 0ms (cache hit)
127 http cache shell-quote@https://registry.npmjs.org/shell-quote/-/shell-quote-1.10.0.tgz 0ms (cache hit)
128 http cache shebang-command@https://registry.npmjs.org/shebang-command/-/shebang-command-2.0.0.tgz 0ms (cache hit)
129 http cache signal-exit@https://registry.npmjs.org/signal-exit/-/signal-exit-3.0.7.tgz 0ms (cache hit)
130 http cache shallow-clone@https://registry.npmjs.org/shallow-clone/-/shallow-clone-3.0.1.tgz 0ms (cache hit)
131 http cache setprototypeof@https://registry.npmjs.org/setprototypeof/-/setprototypeof-1.2.0.tgz 0ms (cache hit)
132 http cache set-function-length@https://registry.npmjs.org/set-function-length/-/set-function-length-1.2.2.tgz 0ms (cache hit)
133 http cache shallowequal@https://registry.npmjs.org/shallowequal/-/shallowequal-1.1.0.tgz 0ms (cache hit)
134 http cache serve-handler@https://registry.npmjs.org/serve-handler/-/serve-handler-6.1.7.tgz 0ms (cache hit)
135 http cache shebang-regex@https://registry.npmjs.org/shebang-regex/-/shebang-regex-3.0.0.tgz 0ms (cache hit)
136 http cache serialize-javascript@https://registry.npmjs.org/serialize-javascript/-/serialize-javascript-6.0.2.tgz 0ms (cache hit)
137 http cache semver-diff@https://registry.npmjs.org/semver-diff/-/semver-diff-4.0.0.tgz 0ms (cache hit)
138 http cache send@https://registry.npmjs.org/send/-/send-0.19.2.tgz 0ms (cache hit)
139 http cache selfsigned@https://registry.npmjs.org/selfsigned/-/selfsigned-5.5.0.tgz 0ms (cache hit)
140 http cache select-hose@https://registry.npmjs.org/select-hose/-/select-hose-2.0.0.tgz 0ms (cache hit)
141 http cache serve-static@https://registry.npmjs.org/serve-static/-/serve-static-1.16.3.tgz 0ms (cache hit)
142 http cache serve-index@https://registry.npmjs.org/serve-index/-/serve-index-1.9.2.tgz 0ms (cache hit)
143 http cache semver@https://registry.npmjs.org/semver/-/semver-7.8.5.tgz 0ms (cache hit)
144 http cache scheduler@https://registry.npmjs.org/scheduler/-/scheduler-0.27.0.tgz 0ms (cache hit)
145 http cache section-matter@https://registry.npmjs.org/section-matter/-/section-matter-1.0.0.tgz 0ms (cache hit)
146 http cache schema-utils@https://registry.npmjs.org/schema-utils/-/schema-utils-4.3.3.tgz 0ms (cache hit)
147 http cache schema-dts@https://registry.npmjs.org/schema-dts/-/schema-dts-1.1.5.tgz 0ms (cache hit)
148 http cache run-parallel@https://registry.npmjs.org/run-parallel/-/run-parallel-1.2.0.tgz 0ms (cache hit)
149 http cache safer-buffer@https://registry.npmjs.org/safer-buffer/-/safer-buffer-2.1.2.tgz 0ms (cache hit)
150 http cache safe-buffer@https://registry.npmjs.org/safe-buffer/-/safe-buffer-5.2.1.tgz 0ms (cache hit)
151 http cache rtlcss@https://registry.npmjs.org/rtlcss/-/rtlcss-4.3.0.tgz 0ms (cache hit)
152 http cache reusify@https://registry.npmjs.org/reusify/-/reusify-1.1.0.tgz 0ms (cache hit)
153 http cache retry@https://registry.npmjs.org/retry/-/retry-0.13.1.tgz 0ms (cache hit)
154 http cache responselike@https://registry.npmjs.org/responselike/-/responselike-3.0.0.tgz 0ms (cache hit)
155 http cache resolve-pathname@https://registry.npmjs.org/resolve-pathname/-/resolve-pathname-3.0.0.tgz 0ms (cache hit)
156 http cache resolve-alpn@https://registry.npmjs.org/resolve-alpn/-/resolve-alpn-1.2.1.tgz 0ms (cache hit)
157 http cache resolve-from@https://registry.npmjs.org/resolve-from/-/resolve-from-4.0.0.tgz 0ms (cache hit)
158 http cache sax@https://registry.npmjs.org/sax/-/sax-1.6.1.tgz 0ms (cache hit)
159 http cache run-applescript@https://registry.npmjs.org/run-applescript/-/run-applescript-7.1.0.tgz 0ms (cache hit)
160 http cache renderkid@https://registry.npmjs.org/renderkid/-/renderkid-3.0.0.tgz 0ms (cache hit)
161 http cache remark-stringify@https://registry.npmjs.org/remark-stringify/-/remark-stringify-11.0.0.tgz 0ms (cache hit)
162 http cache remark-rehype@https://registry.npmjs.org/remark-rehype/-/remark-rehype-11.1.2.tgz 0ms (cache hit)
163 http cache resolve@https://registry.npmjs.org/resolve/-/resolve-1.22.12.tgz 0ms (cache hit)
164 http cache require-from-string@https://registry.npmjs.org/require-from-string/-/require-from-string-2.0.2.tgz 0ms (cache hit)
165 http cache remark-parse@https://registry.npmjs.org/remark-parse/-/remark-parse-11.0.0.tgz 0ms (cache hit)
166 http cache require-like@https://registry.npmjs.org/require-like/-/require-like-0.1.2.tgz 0ms (cache hit)
167 http cache requires-port@https://registry.npmjs.org/requires-port/-/requires-port-1.0.0.tgz 0ms (cache hit)
168 http cache remark-mdx@https://registry.npmjs.org/remark-mdx/-/remark-mdx-3.1.1.tgz 0ms (cache hit)
169 http cache remark-gfm@https://registry.npmjs.org/remark-gfm/-/remark-gfm-4.0.1.tgz 0ms (cache hit)
170 http cache remark-emoji@https://registry.npmjs.org/remark-emoji/-/remark-emoji-4.0.1.tgz 0ms (cache hit)
171 http cache remark-frontmatter@https://registry.npmjs.org/remark-frontmatter/-/remark-frontmatter-5.0.0.tgz 0ms (cache hit)
172 http cache remark-directive@https://registry.npmjs.org/remark-directive/-/remark-directive-3.0.1.tgz 0ms (cache hit)
173 http cache relateurl@https://registry.npmjs.org/relateurl/-/relateurl-0.2.7.tgz 0ms (cache hit)
174 http cache rehype-recma@https://registry.npmjs.org/rehype-recma/-/rehype-recma-1.0.0.tgz 0ms (cache hit)
175 http cache rehype-raw@https://registry.npmjs.org/rehype-raw/-/rehype-raw-7.0.0.tgz 0ms (cache hit)
176 http cache regjsgen@https://registry.npmjs.org/regjsgen/-/regjsgen-0.8.0.tgz 0ms (cache hit)
177 http cache regjsparser@https://registry.npmjs.org/regjsparser/-/regjsparser-0.13.2.tgz 0ms (cache hit)
178 http cache registry-auth-token@https://registry.npmjs.org/registry-auth-token/-/registry-auth-token-5.1.1.tgz 0ms (cache hit)
179 http cache registry-url@https://registry.npmjs.org/registry-url/-/registry-url-6.0.1.tgz 0ms (cache hit)
180 http cache regenerate-unicode-properties@https://registry.npmjs.org/regenerate-unicode-properties/-/regenerate-unicode-properties-10.2.2.tgz 0ms (cache hit)
181 http cache regexpu-core@https://registry.npmjs.org/regexpu-core/-/regexpu-core-6.4.0.tgz 0ms (cache hit)
182 http cache reflect-metadata@https://registry.npmjs.org/reflect-metadata/-/reflect-metadata-0.2.2.tgz 0ms (cache hit)
183 http cache recma-jsx@https://registry.npmjs.org/recma-jsx/-/recma-jsx-1.0.1.tgz 0ms (cache hit)
184 http cache recma-build-jsx@https://registry.npmjs.org/recma-build-jsx/-/recma-build-jsx-1.0.0.tgz 0ms (cache hit)
185 http cache readdirp@https://registry.npmjs.org/readdirp/-/readdirp-3.6.0.tgz 0ms (cache hit)
186 http cache regenerate@https://registry.npmjs.org/regenerate/-/regenerate-1.4.2.tgz 0ms (cache hit)
187 http cache recma-parse@https://registry.npmjs.org/recma-parse/-/recma-parse-1.0.0.tgz 0ms (cache hit)
188 http cache recma-stringify@https://registry.npmjs.org/recma-stringify/-/recma-stringify-1.0.0.tgz 0ms (cache hit)
189 http cache react-router-dom@https://registry.npmjs.org/react-router-dom/-/react-router-dom-5.3.4.tgz 0ms (cache hit)
190 http cache react-router-config@https://registry.npmjs.org/react-router-config/-/react-router-config-5.1.1.tgz 0ms (cache hit)
191 http cache react-router@https://registry.npmjs.org/react-router/-/react-router-5.3.4.tgz 0ms (cache hit)
192 http cache readable-stream@https://registry.npmjs.org/readable-stream/-/readable-stream-3.6.2.tgz 0ms (cache hit)
193 http cache react-loadable-ssr-addon-v5-slorber@https://registry.npmjs.org/react-loadable-ssr-addon-v5-slorber/-/react-loadable-ssr-addon-v5-slorber-1.0.3.tgz 0ms (cache hit)
194 http cache react-json-view-lite@https://registry.npmjs.org/react-json-view-lite/-/react-json-view-lite-2.5.0.tgz 0ms (cache hit)
195 http cache react-is@https://registry.npmjs.org/react-is/-/react-is-16.13.1.tgz 0ms (cache hit)
196 http cache react-helmet-async@https://registry.npmjs.org/@slorber/react-helmet-async/-/react-helmet-async-1.3.0.tgz 0ms (cache hit)
197 http cache react-fast-compare@https://registry.npmjs.org/react-fast-compare/-/react-fast-compare-3.2.2.tgz 0ms (cache hit)
198 http cache react-dom@https://registry.npmjs.org/react-dom/-/react-dom-19.2.7.tgz 0ms (cache hit)
199 http cache react-loadable@https://registry.npmjs.org/@docusaurus/react-loadable/-/react-loadable-6.0.0.tgz 0ms (cache hit)
200 http cache raw-body@https://registry.npmjs.org/raw-body/-/raw-body-2.5.3.tgz 0ms (cache hit)
201 http cache react@https://registry.npmjs.org/react/-/react-19.2.7.tgz 0ms (cache hit)
202 http cache rc@https://registry.npmjs.org/rc/-/rc-1.2.8.tgz 0ms (cache hit)
203 http cache quick-lru@https://registry.npmjs.org/quick-lru/-/quick-lru-5.1.1.tgz 0ms (cache hit)
204 http cache queue-microtask@https://registry.npmjs.org/queue-microtask/-/queue-microtask-1.2.3.tgz 0ms (cache hit)
205 http cache qs@https://registry.npmjs.org/qs/-/qs-6.15.3.tgz 0ms (cache hit)
206 http cache randombytes@https://registry.npmjs.org/randombytes/-/randombytes-2.1.0.tgz 0ms (cache hit)
207 http cache range-parser@https://registry.npmjs.org/range-parser/-/range-parser-1.2.0.tgz 0ms (cache hit)
208 http cache punycode@https://registry.npmjs.org/punycode/-/punycode-2.3.1.tgz 0ms (cache hit)
209 http cache proxy-addr@https://registry.npmjs.org/proxy-addr/-/proxy-addr-2.0.7.tgz 0ms (cache hit)
210 http cache proto-list@https://registry.npmjs.org/proto-list/-/proto-list-1.2.4.tgz 0ms (cache hit)
211 http cache pvtsutils@https://registry.npmjs.org/pvtsutils/-/pvtsutils-1.3.6.tgz 0ms (cache hit)
212 http cache prop-types@https://registry.npmjs.org/prop-types/-/prop-types-15.8.1.tgz 0ms (cache hit)
213 http cache pupa@https://registry.npmjs.org/pupa/-/pupa-3.3.0.tgz 0ms (cache hit)
214 http cache property-information@https://registry.npmjs.org/property-information/-/property-information-7.2.0.tgz 0ms (cache hit)
215 http cache prism-react-renderer@https://registry.npmjs.org/prism-react-renderer/-/prism-react-renderer-2.4.1.tgz 0ms (cache hit)
216 http cache process-nextick-args@https://registry.npmjs.org/process-nextick-args/-/process-nextick-args-2.0.1.tgz 0ms (cache hit)
217 http cache pretty-time@https://registry.npmjs.org/pretty-time/-/pretty-time-1.1.0.tgz 0ms (cache hit)
218 http cache pvutils@https://registry.npmjs.org/pvutils/-/pvutils-1.2.0.tgz 0ms (cache hit)
219 http cache postcss-zindex@https://registry.npmjs.org/postcss-zindex/-/postcss-zindex-6.0.2.tgz 0ms (cache hit)
220 http cache prompts@https://registry.npmjs.org/prompts/-/prompts-2.4.2.tgz 0ms (cache hit)
221 http cache postcss-unique-selectors@https://registry.npmjs.org/postcss-unique-selectors/-/postcss-unique-selectors-6.0.4.tgz 0ms (cache hit)
222 http cache postcss-value-parser@https://registry.npmjs.org/postcss-value-parser/-/postcss-value-parser-4.2.0.tgz 0ms (cache hit)
223 http cache postcss-svgo@https://registry.npmjs.org/postcss-svgo/-/postcss-svgo-6.0.3.tgz 0ms (cache hit)
224 http cache postcss-sort-media-queries@https://registry.npmjs.org/postcss-sort-media-queries/-/postcss-sort-media-queries-5.2.0.tgz 0ms (cache hit)
225 http cache postcss-selector-not@https://registry.npmjs.org/postcss-selector-not/-/postcss-selector-not-8.0.1.tgz 0ms (cache hit)
226 http cache postcss-selector-parser@https://registry.npmjs.org/postcss-selector-parser/-/postcss-selector-parser-6.1.4.tgz 0ms (cache hit)
227 http cache prismjs@https://registry.npmjs.org/prismjs/-/prismjs-1.30.0.tgz 0ms (cache hit)
228 http cache postcss-reduce-transforms@https://registry.npmjs.org/postcss-reduce-transforms/-/postcss-reduce-transforms-6.0.2.tgz 0ms (cache hit)
229 http cache postcss-replace-overflow-wrap@https://registry.npmjs.org/postcss-replace-overflow-wrap/-/postcss-replace-overflow-wrap-4.0.0.tgz 0ms (cache hit)
230 http cache postcss-reduce-idents@https://registry.npmjs.org/postcss-reduce-idents/-/postcss-reduce-idents-6.0.3.tgz 0ms (cache hit)
231 http cache pretty-error@https://registry.npmjs.org/pretty-error/-/pretty-error-4.0.0.tgz 0ms (cache hit)
232 http cache postcss-reduce-initial@https://registry.npmjs.org/postcss-reduce-initial/-/postcss-reduce-initial-6.1.0.tgz 0ms (cache hit)
233 http cache postcss-preset-env@https://registry.npmjs.org/postcss-preset-env/-/postcss-preset-env-10.6.1.tgz 0ms (cache hit)
234 http cache postcss-page-break@https://registry.npmjs.org/postcss-page-break/-/postcss-page-break-3.0.4.tgz 0ms (cache hit)
235 http cache postcss-place@https://registry.npmjs.org/postcss-place/-/postcss-place-10.0.0.tgz 0ms (cache hit)
236 http cache postcss-ordered-values@https://registry.npmjs.org/postcss-ordered-values/-/postcss-ordered-values-6.0.2.tgz 0ms (cache hit)
237 http cache postcss-pseudo-class-any-link@https://registry.npmjs.org/postcss-pseudo-class-any-link/-/postcss-pseudo-class-any-link-10.0.1.tgz 0ms (cache hit)
238 http cache postcss-opacity-percentage@https://registry.npmjs.org/postcss-opacity-percentage/-/postcss-opacity-percentage-3.0.0.tgz 0ms (cache hit)
239 http cache postcss-normalize-whitespace@https://registry.npmjs.org/postcss-normalize-whitespace/-/postcss-normalize-whitespace-6.0.2.tgz 0ms (cache hit)
240 http cache postcss-normalize-url@https://registry.npmjs.org/postcss-normalize-url/-/postcss-normalize-url-6.0.2.tgz 0ms (cache hit)
241 http cache postcss-overflow-shorthand@https://registry.npmjs.org/postcss-overflow-shorthand/-/postcss-overflow-shorthand-6.0.0.tgz 0ms (cache hit)
242 http cache postcss-normalize-unicode@https://registry.npmjs.org/postcss-normalize-unicode/-/postcss-normalize-unicode-6.1.0.tgz 0ms (cache hit)
243 http cache postcss-normalize-string@https://registry.npmjs.org/postcss-normalize-string/-/postcss-normalize-string-6.0.2.tgz 0ms (cache hit)
244 http cache postcss-normalize-timing-functions@https://registry.npmjs.org/postcss-normalize-timing-functions/-/postcss-normalize-timing-functions-6.0.2.tgz 0ms (cache hit)
245 http cache postcss-normalize-display-values@https://registry.npmjs.org/postcss-normalize-display-values/-/postcss-normalize-display-values-6.0.2.tgz 0ms (cache hit)
246 http cache postcss-normalize-charset@https://registry.npmjs.org/postcss-normalize-charset/-/postcss-normalize-charset-6.0.2.tgz 0ms (cache hit)
247 http cache postcss-nesting@https://registry.npmjs.org/postcss-nesting/-/postcss-nesting-13.0.2.tgz 0ms (cache hit)
248 http cache postcss-normalize-repeat-style@https://registry.npmjs.org/postcss-normalize-repeat-style/-/postcss-normalize-repeat-style-6.0.2.tgz 0ms (cache hit)
249 http cache postcss-modules-values@https://registry.npmjs.org/postcss-modules-values/-/postcss-modules-values-4.0.0.tgz 0ms (cache hit)
250 http cache postcss-modules-scope@https://registry.npmjs.org/postcss-modules-scope/-/postcss-modules-scope-3.2.1.tgz 0ms (cache hit)
251 http cache postcss-modules-local-by-default@https://registry.npmjs.org/postcss-modules-local-by-default/-/postcss-modules-local-by-default-4.2.0.tgz 0ms (cache hit)
252 http cache postcss-normalize-positions@https://registry.npmjs.org/postcss-normalize-positions/-/postcss-normalize-positions-6.0.2.tgz 0ms (cache hit)
253 http cache postcss-minify-params@https://registry.npmjs.org/postcss-minify-params/-/postcss-minify-params-6.1.0.tgz 0ms (cache hit)
254 http cache postcss-minify-gradients@https://registry.npmjs.org/postcss-minify-gradients/-/postcss-minify-gradients-6.0.3.tgz 0ms (cache hit)
255 http cache postcss-modules-extract-imports@https://registry.npmjs.org/postcss-modules-extract-imports/-/postcss-modules-extract-imports-3.1.0.tgz 0ms (cache hit)
256 http cache postcss-merge-rules@https://registry.npmjs.org/postcss-merge-rules/-/postcss-merge-rules-6.1.1.tgz 0ms (cache hit)
257 http cache postcss-merge-longhand@https://registry.npmjs.org/postcss-merge-longhand/-/postcss-merge-longhand-6.0.5.tgz 0ms (cache hit)
258 http cache postcss-merge-idents@https://registry.npmjs.org/postcss-merge-idents/-/postcss-merge-idents-6.0.3.tgz 0ms (cache hit)
259 http cache postcss-logical@https://registry.npmjs.org/postcss-logical/-/postcss-logical-8.1.0.tgz 0ms (cache hit)
260 http cache postcss-loader@https://registry.npmjs.org/postcss-loader/-/postcss-loader-7.3.4.tgz 0ms (cache hit)
261 http cache postcss-image-set-function@https://registry.npmjs.org/postcss-image-set-function/-/postcss-image-set-function-7.0.0.tgz 0ms (cache hit)
262 http cache postcss-gap-properties@https://registry.npmjs.org/postcss-gap-properties/-/postcss-gap-properties-6.0.0.tgz 0ms (cache hit)
263 http cache postcss-minify-selectors@https://registry.npmjs.org/postcss-minify-selectors/-/postcss-minify-selectors-6.0.4.tgz 0ms (cache hit)
264 http cache postcss-font-variant@https://registry.npmjs.org/postcss-font-variant/-/postcss-font-variant-5.0.0.tgz 0ms (cache hit)
265 http cache postcss-minify-font-values@https://registry.npmjs.org/postcss-minify-font-values/-/postcss-minify-font-values-6.1.0.tgz 0ms (cache hit)
266 http cache postcss-focus-within@https://registry.npmjs.org/postcss-focus-within/-/postcss-focus-within-9.0.1.tgz 0ms (cache hit)
267 http cache postcss-focus-visible@https://registry.npmjs.org/postcss-focus-visible/-/postcss-focus-visible-10.0.1.tgz 0ms (cache hit)
268 http cache postcss-double-position-gradients@https://registry.npmjs.org/postcss-double-position-gradients/-/postcss-double-position-gradients-6.0.4.tgz 0ms (cache hit)
269 http cache postcss-discard-overridden@https://registry.npmjs.org/postcss-discard-overridden/-/postcss-discard-overridden-6.0.2.tgz 0ms (cache hit)
270 http cache postcss-lab-function@https://registry.npmjs.org/postcss-lab-function/-/postcss-lab-function-7.0.12.tgz 0ms (cache hit)
271 http cache postcss-discard-unused@https://registry.npmjs.org/postcss-discard-unused/-/postcss-discard-unused-6.0.5.tgz 0ms (cache hit)
272 http cache postcss-discard-comments@https://registry.npmjs.org/postcss-discard-comments/-/postcss-discard-comments-6.0.2.tgz 0ms (cache hit)
273 http cache postcss-dir-pseudo-class@https://registry.npmjs.org/postcss-dir-pseudo-class/-/postcss-dir-pseudo-class-9.0.1.tgz 0ms (cache hit)
274 http cache postcss-custom-selectors@https://registry.npmjs.org/postcss-custom-selectors/-/postcss-custom-selectors-8.0.5.tgz 0ms (cache hit)
275 http cache postcss-custom-properties@https://registry.npmjs.org/postcss-custom-properties/-/postcss-custom-properties-14.0.6.tgz 0ms (cache hit)
276 http cache postcss-discard-duplicates@https://registry.npmjs.org/postcss-discard-duplicates/-/postcss-discard-duplicates-6.0.3.tgz 0ms (cache hit)
277 http cache postcss-custom-media@https://registry.npmjs.org/postcss-custom-media/-/postcss-custom-media-11.0.6.tgz 0ms (cache hit)
278 http cache postcss-convert-values@https://registry.npmjs.org/postcss-convert-values/-/postcss-convert-values-6.1.0.tgz 0ms (cache hit)
279 http cache postcss-color-rebeccapurple@https://registry.npmjs.org/postcss-color-rebeccapurple/-/postcss-color-rebeccapurple-10.0.0.tgz 0ms (cache hit)
280 http cache postcss-color-hex-alpha@https://registry.npmjs.org/postcss-color-hex-alpha/-/postcss-color-hex-alpha-10.0.0.tgz 0ms (cache hit)
281 http cache postcss-discard-empty@https://registry.npmjs.org/postcss-discard-empty/-/postcss-discard-empty-6.0.3.tgz 0ms (cache hit)
282 http cache postcss-color-functional-notation@https://registry.npmjs.org/postcss-color-functional-notation/-/postcss-color-functional-notation-7.0.12.tgz 0ms (cache hit)
283 http cache postcss-calc@https://registry.npmjs.org/postcss-calc/-/postcss-calc-9.0.1.tgz 0ms (cache hit)
284 http cache pkijs@https://registry.npmjs.org/pkijs/-/pkijs-3.4.0.tgz 0ms (cache hit)
285 http cache postcss@https://registry.npmjs.org/postcss/-/postcss-8.5.26.tgz 0ms (cache hit)
286 http cache pkg-dir@https://registry.npmjs.org/pkg-dir/-/pkg-dir-7.0.0.tgz 0ms (cache hit)
287 http cache postcss-clamp@https://registry.npmjs.org/postcss-clamp/-/postcss-clamp-4.1.0.tgz 0ms (cache hit)
288 http cache picocolors@https://registry.npmjs.org/picocolors/-/picocolors-1.1.1.tgz 0ms (cache hit)
289 http cache path-type@https://registry.npmjs.org/path-type/-/path-type-4.0.0.tgz 0ms (cache hit)
290 http cache postcss-colormin@https://registry.npmjs.org/postcss-colormin/-/postcss-colormin-6.1.0.tgz 0ms (cache hit)
291 http cache postcss-attribute-case-insensitive@https://registry.npmjs.org/postcss-attribute-case-insensitive/-/postcss-attribute-case-insensitive-7.0.1.tgz 0ms (cache hit)
292 http cache picomatch@https://registry.npmjs.org/picomatch/-/picomatch-2.3.2.tgz 0ms (cache hit)
293 http cache path-key@https://registry.npmjs.org/path-key/-/path-key-3.1.1.tgz 0ms (cache hit)
294 http cache path-is-inside@https://registry.npmjs.org/path-is-inside/-/path-is-inside-1.0.2.tgz 0ms (cache hit)
295 http cache path-to-regexp@https://registry.npmjs.org/path-to-regexp/-/path-to-regexp-1.9.0.tgz 0ms (cache hit)
296 http cache parseurl@https://registry.npmjs.org/parseurl/-/parseurl-1.3.3.tgz 0ms (cache hit)
297 http cache parse5-htmlparser2-tree-adapter@https://registry.npmjs.org/parse5-htmlparser2-tree-adapter/-/parse5-htmlparser2-tree-adapter-7.1.0.tgz 0ms (cache hit)
298 http cache parse-numeric-range@https://registry.npmjs.org/parse-numeric-range/-/parse-numeric-range-1.3.0.tgz 0ms (cache hit)
299 http cache parse-json@https://registry.npmjs.org/parse-json/-/parse-json-5.2.0.tgz 0ms (cache hit)
300 http cache parse-entities@https://registry.npmjs.org/parse-entities/-/parse-entities-4.0.2.tgz 0ms (cache hit)
301 http cache parent-module@https://registry.npmjs.org/parent-module/-/parent-module-1.0.1.tgz 0ms (cache hit)
302 http cache parse5@https://registry.npmjs.org/parse5/-/parse5-7.3.0.tgz 0ms (cache hit)
303 http cache pascal-case@https://registry.npmjs.org/pascal-case/-/pascal-case-3.1.2.tgz 0ms (cache hit)
304 http cache path-exists@https://registry.npmjs.org/path-exists/-/path-exists-5.0.0.tgz 0ms (cache hit)
305 http cache param-case@https://registry.npmjs.org/param-case/-/param-case-3.0.4.tgz 0ms (cache hit)
306 http cache p-timeout@https://registry.npmjs.org/p-timeout/-/p-timeout-3.2.0.tgz 0ms (cache hit)
307 http cache p-retry@https://registry.npmjs.org/p-retry/-/p-retry-6.2.1.tgz 0ms (cache hit)
308 http cache p-queue@https://registry.npmjs.org/p-queue/-/p-queue-6.6.2.tgz 0ms (cache hit)
309 http cache p-map@https://registry.npmjs.org/p-map/-/p-map-4.0.0.tgz 0ms (cache hit)
310 http cache package-json@https://registry.npmjs.org/package-json/-/package-json-8.1.1.tgz 0ms (cache hit)
311 http cache p-locate@https://registry.npmjs.org/p-locate/-/p-locate-6.0.0.tgz 0ms (cache hit)
312 http cache path-parse@https://registry.npmjs.org/path-parse/-/path-parse-1.0.7.tgz 0ms (cache hit)
313 http cache p-limit@https://registry.npmjs.org/p-limit/-/p-limit-4.0.0.tgz 0ms (cache hit)
314 http cache p-finally@https://registry.npmjs.org/p-finally/-/p-finally-1.0.0.tgz 0ms (cache hit)
315 http cache p-cancelable@https://registry.npmjs.org/p-cancelable/-/p-cancelable-3.0.0.tgz 0ms (cache hit)
316 http cache open@https://registry.npmjs.org/open/-/open-8.4.2.tgz 0ms (cache hit)
317 http cache onetime@https://registry.npmjs.org/onetime/-/onetime-5.1.2.tgz 0ms (cache hit)
318 http cache on-finished@https://registry.npmjs.org/on-finished/-/on-finished-2.4.1.tgz 0ms (cache hit)
319 http cache opener@https://registry.npmjs.org/opener/-/opener-1.5.2.tgz 0ms (cache hit)
320 http cache obuf@https://registry.npmjs.org/obuf/-/obuf-1.1.2.tgz 0ms (cache hit)
321 http cache object.assign@https://registry.npmjs.org/object.assign/-/object.assign-4.1.7.tgz 0ms (cache hit)
322 http cache object-keys@https://registry.npmjs.org/object-keys/-/object-keys-1.1.1.tgz 0ms (cache hit)
323 http cache on-headers@https://registry.npmjs.org/on-headers/-/on-headers-1.1.0.tgz 0ms (cache hit)
324 http cache object-inspect@https://registry.npmjs.org/object-inspect/-/object-inspect-1.13.4.tgz 0ms (cache hit)
325 http cache object-assign@https://registry.npmjs.org/object-assign/-/object-assign-4.1.1.tgz 0ms (cache hit)
326 http cache nprogress@https://registry.npmjs.org/nprogress/-/nprogress-0.2.0.tgz 0ms (cache hit)
327 http cache nth-check@https://registry.npmjs.org/nth-check/-/nth-check-2.1.1.tgz 0ms (cache hit)
328 http cache npm-run-path@https://registry.npmjs.org/npm-run-path/-/npm-run-path-4.0.1.tgz 0ms (cache hit)
329 http cache null-loader@https://registry.npmjs.org/null-loader/-/null-loader-4.0.1.tgz 0ms (cache hit)
330 http cache normalize-url@https://registry.npmjs.org/normalize-url/-/normalize-url-8.1.1.tgz 0ms (cache hit)
331 http cache no-case@https://registry.npmjs.org/no-case/-/no-case-3.0.4.tgz 0ms (cache hit)
332 http cache node-releases@https://registry.npmjs.org/node-releases/-/node-releases-2.0.51.tgz 0ms (cache hit)
333 http cache neo-async@https://registry.npmjs.org/neo-async/-/neo-async-2.6.2.tgz 0ms (cache hit)
334 http cache normalize-path@https://registry.npmjs.org/normalize-path/-/normalize-path-3.0.0.tgz 0ms (cache hit)
335 http cache nanoid@https://registry.npmjs.org/nanoid/-/nanoid-3.3.18.tgz 0ms (cache hit)
336 http cache multicast-dns@https://registry.npmjs.org/multicast-dns/-/multicast-dns-7.2.5.tgz 0ms (cache hit)
337 http cache ms@https://registry.npmjs.org/ms/-/ms-2.1.3.tgz 0ms (cache hit)
338 http cache mrmime@https://registry.npmjs.org/mrmime/-/mrmime-2.0.1.tgz 0ms (cache hit)
339 http cache minimizer-webpack-plugin@https://registry.npmjs.org/minimizer-webpack-plugin/-/minimizer-webpack-plugin-5.6.1.tgz 0ms (cache hit)
340 http cache node-emoji@https://registry.npmjs.org/node-emoji/-/node-emoji-2.2.0.tgz 0ms (cache hit)
341 http cache negotiator@https://registry.npmjs.org/negotiator/-/negotiator-0.6.4.tgz 0ms (cache hit)
342 http cache minimatch@https://registry.npmjs.org/minimatch/-/minimatch-3.1.5.tgz 0ms (cache hit)
343 http cache minimalistic-assert@https://registry.npmjs.org/minimalistic-assert/-/minimalistic-assert-1.0.1.tgz 0ms (cache hit)
344 http cache mini-css-extract-plugin@https://registry.npmjs.org/mini-css-extract-plugin/-/mini-css-extract-plugin-2.10.2.tgz 0ms (cache hit)
345 http cache mimic-response@https://registry.npmjs.org/mimic-response/-/mimic-response-4.0.0.tgz 0ms (cache hit)
346 http cache mime@https://registry.npmjs.org/mime/-/mime-1.6.0.tgz 0ms (cache hit)
347 http cache mime-db@https://registry.npmjs.org/mime-db/-/mime-db-1.33.0.tgz 0ms (cache hit)
348 http cache mimic-fn@https://registry.npmjs.org/mimic-fn/-/mimic-fn-2.1.0.tgz 0ms (cache hit)
349 http cache minimist@https://registry.npmjs.org/minimist/-/minimist-1.2.8.tgz 0ms (cache hit)
350 http cache micromatch@https://registry.npmjs.org/micromatch/-/micromatch-4.0.8.tgz 0ms (cache hit)
351 http cache mime-types@https://registry.npmjs.org/mime-types/-/mime-types-2.1.18.tgz 0ms (cache hit)
352 http cache micromark-util-subtokenize@https://registry.npmjs.org/micromark-util-subtokenize/-/micromark-util-subtokenize-2.1.0.tgz 0ms (cache hit)
353 http cache micromark-util-types@https://registry.npmjs.org/micromark-util-types/-/micromark-util-types-2.0.2.tgz 0ms (cache hit)
354 http cache micromark-util-normalize-identifier@https://registry.npmjs.org/micromark-util-normalize-identifier/-/micromark-util-normalize-identifier-2.0.1.tgz 0ms (cache hit)
355 http cache micromark-util-resolve-all@https://registry.npmjs.org/micromark-util-resolve-all/-/micromark-util-resolve-all-2.0.1.tgz 0ms (cache hit)
356 http cache micromark-util-html-tag-name@https://registry.npmjs.org/micromark-util-html-tag-name/-/micromark-util-html-tag-name-2.0.1.tgz 0ms (cache hit)
357 http cache micromark-util-events-to-acorn@https://registry.npmjs.org/micromark-util-events-to-acorn/-/micromark-util-events-to-acorn-2.0.3.tgz 0ms (cache hit)
358 http cache micromark-util-symbol@https://registry.npmjs.org/micromark-util-symbol/-/micromark-util-symbol-1.1.0.tgz 0ms (cache hit)
359 http cache micromark-util-encode@https://registry.npmjs.org/micromark-util-encode/-/micromark-util-encode-2.0.1.tgz 0ms (cache hit)
360 http cache micromark-util-sanitize-uri@https://registry.npmjs.org/micromark-util-sanitize-uri/-/micromark-util-sanitize-uri-2.0.1.tgz 0ms (cache hit)
361 http cache micromark-util-decode-string@https://registry.npmjs.org/micromark-util-decode-string/-/micromark-util-decode-string-2.0.1.tgz 0ms (cache hit)
362 http cache micromark-util-decode-numeric-character-reference@https://registry.npmjs.org/micromark-util-decode-numeric-character-reference/-/micromark-util-decode-numeric-character-reference-2.0.2.tgz 0ms (cache hit)
363 http cache micromark-util-chunked@https://registry.npmjs.org/micromark-util-chunked/-/micromark-util-chunked-2.0.1.tgz 0ms (cache hit)
364 http cache micromark-factory-whitespace@https://registry.npmjs.org/micromark-factory-whitespace/-/micromark-factory-whitespace-2.0.1.tgz 0ms (cache hit)
365 http cache micromark-factory-title@https://registry.npmjs.org/micromark-factory-title/-/micromark-factory-title-2.0.1.tgz 0ms (cache hit)
366 http cache micromark-factory-space@https://registry.npmjs.org/micromark-factory-space/-/micromark-factory-space-1.1.0.tgz 0ms (cache hit)
367 http cache micromark-factory-mdx-expression@https://registry.npmjs.org/micromark-factory-mdx-expression/-/micromark-factory-mdx-expression-2.0.3.tgz 0ms (cache hit)
368 http cache micromark-util-combine-extensions@https://registry.npmjs.org/micromark-util-combine-extensions/-/micromark-util-combine-extensions-2.0.1.tgz 0ms (cache hit)
369 http cache micromark-util-classify-character@https://registry.npmjs.org/micromark-util-classify-character/-/micromark-util-classify-character-2.0.1.tgz 0ms (cache hit)
370 http cache micromark-extension-mdxjs-esm@https://registry.npmjs.org/micromark-extension-mdxjs-esm/-/micromark-extension-mdxjs-esm-3.0.0.tgz 0ms (cache hit)
371 http cache micromark-util-character@https://registry.npmjs.org/micromark-util-character/-/micromark-util-character-1.2.0.tgz 0ms (cache hit)
372 http cache micromark-factory-destination@https://registry.npmjs.org/micromark-factory-destination/-/micromark-factory-destination-2.0.1.tgz 0ms (cache hit)
373 http cache micromark-extension-mdx-jsx@https://registry.npmjs.org/micromark-extension-mdx-jsx/-/micromark-extension-mdx-jsx-3.0.2.tgz 0ms (cache hit)
374 http cache micromark-factory-label@https://registry.npmjs.org/micromark-factory-label/-/micromark-factory-label-2.0.1.tgz 0ms (cache hit)
375 http cache micromark-extension-mdx-expression@https://registry.npmjs.org/micromark-extension-mdx-expression/-/micromark-extension-mdx-expression-3.0.1.tgz 0ms (cache hit)
376 http cache micromark-extension-gfm-task-list-item@https://registry.npmjs.org/micromark-extension-gfm-task-list-item/-/micromark-extension-gfm-task-list-item-2.1.0.tgz 0ms (cache hit)
377 http cache micromark-extension-gfm-tagfilter@https://registry.npmjs.org/micromark-extension-gfm-tagfilter/-/micromark-extension-gfm-tagfilter-2.0.0.tgz 0ms (cache hit)
378 http cache micromark-extension-mdxjs@https://registry.npmjs.org/micromark-extension-mdxjs/-/micromark-extension-mdxjs-3.0.0.tgz 0ms (cache hit)
379 http cache micromark-extension-gfm-strikethrough@https://registry.npmjs.org/micromark-extension-gfm-strikethrough/-/micromark-extension-gfm-strikethrough-2.1.0.tgz 0ms (cache hit)
380 http cache micromark-extension-gfm-footnote@https://registry.npmjs.org/micromark-extension-gfm-footnote/-/micromark-extension-gfm-footnote-2.1.0.tgz 0ms (cache hit)
381 http cache micromark-extension-gfm-autolink-literal@https://registry.npmjs.org/micromark-extension-gfm-autolink-literal/-/micromark-extension-gfm-autolink-literal-2.1.0.tgz 0ms (cache hit)
382 http cache micromark-extension-mdx-md@https://registry.npmjs.org/micromark-extension-mdx-md/-/micromark-extension-mdx-md-2.0.0.tgz 0ms (cache hit)
383 http cache micromark-extension-frontmatter@https://registry.npmjs.org/micromark-extension-frontmatter/-/micromark-extension-frontmatter-2.0.0.tgz 0ms (cache hit)
384 http cache micromark-extension-gfm-table@https://registry.npmjs.org/micromark-extension-gfm-table/-/micromark-extension-gfm-table-2.1.1.tgz 0ms (cache hit)
385 http cache methods@https://registry.npmjs.org/methods/-/methods-1.1.2.tgz 0ms (cache hit)
386 http cache micromark@https://registry.npmjs.org/micromark/-/micromark-4.0.2.tgz 0ms (cache hit)
387 http cache merge2@https://registry.npmjs.org/merge2/-/merge2-1.4.1.tgz 0ms (cache hit)
388 http cache micromark-core-commonmark@https://registry.npmjs.org/micromark-core-commonmark/-/micromark-core-commonmark-2.0.3.tgz 0ms (cache hit)
389 http cache merge-stream@https://registry.npmjs.org/merge-stream/-/merge-stream-2.0.0.tgz 0ms (cache hit)
390 http cache memfs@https://registry.npmjs.org/memfs/-/memfs-4.68.0.tgz 0ms (cache hit)
391 http cache micromark-extension-gfm@https://registry.npmjs.org/micromark-extension-gfm/-/micromark-extension-gfm-3.0.0.tgz 0ms (cache hit)
392 http cache micromark-extension-directive@https://registry.npmjs.org/micromark-extension-directive/-/micromark-extension-directive-3.0.2.tgz 0ms (cache hit)
393 http cache media-typer@https://registry.npmjs.org/media-typer/-/media-typer-0.3.0.tgz 0ms (cache hit)
394 http cache merge-descriptors@https://registry.npmjs.org/merge-descriptors/-/merge-descriptors-1.0.3.tgz 0ms (cache hit)
395 http cache mdast-util-to-markdown@https://registry.npmjs.org/mdast-util-to-markdown/-/mdast-util-to-markdown-2.1.2.tgz 0ms (cache hit)
396 http cache mdn-data@https://registry.npmjs.org/mdn-data/-/mdn-data-2.0.30.tgz 0ms (cache hit)
397 http cache mdast-util-to-string@https://registry.npmjs.org/mdast-util-to-string/-/mdast-util-to-string-4.0.0.tgz 0ms (cache hit)
398 http cache mdast-util-to-hast@https://registry.npmjs.org/mdast-util-to-hast/-/mdast-util-to-hast-13.2.1.tgz 0ms (cache hit)
399 http cache mdast-util-mdx-jsx@https://registry.npmjs.org/mdast-util-mdx-jsx/-/mdast-util-mdx-jsx-3.2.0.tgz 0ms (cache hit)
400 http cache mdast-util-phrasing@https://registry.npmjs.org/mdast-util-phrasing/-/mdast-util-phrasing-4.1.0.tgz 0ms (cache hit)
401 http cache mdast-util-mdx@https://registry.npmjs.org/mdast-util-mdx/-/mdast-util-mdx-3.0.0.tgz 0ms (cache hit)
402 http cache mdast-util-gfm-task-list-item@https://registry.npmjs.org/mdast-util-gfm-task-list-item/-/mdast-util-gfm-task-list-item-2.0.0.tgz 0ms (cache hit)
403 http cache mdast-util-mdxjs-esm@https://registry.npmjs.org/mdast-util-mdxjs-esm/-/mdast-util-mdxjs-esm-2.0.1.tgz 0ms (cache hit)
404 http cache mdast-util-mdx-expression@https://registry.npmjs.org/mdast-util-mdx-expression/-/mdast-util-mdx-expression-2.0.1.tgz 0ms (cache hit)
405 http cache mdast-util-gfm-table@https://registry.npmjs.org/mdast-util-gfm-table/-/mdast-util-gfm-table-2.0.0.tgz 0ms (cache hit)
406 http cache mdast-util-gfm-footnote@https://registry.npmjs.org/mdast-util-gfm-footnote/-/mdast-util-gfm-footnote-2.1.0.tgz 0ms (cache hit)
407 http cache mdast-util-gfm-strikethrough@https://registry.npmjs.org/mdast-util-gfm-strikethrough/-/mdast-util-gfm-strikethrough-2.0.0.tgz 0ms (cache hit)
408 http cache mdast-util-gfm-autolink-literal@https://registry.npmjs.org/mdast-util-gfm-autolink-literal/-/mdast-util-gfm-autolink-literal-2.0.1.tgz 0ms (cache hit)
409 http cache mdast-util-frontmatter@https://registry.npmjs.org/mdast-util-frontmatter/-/mdast-util-frontmatter-2.0.1.tgz 0ms (cache hit)
410 http cache mdast-util-gfm@https://registry.npmjs.org/mdast-util-gfm/-/mdast-util-gfm-3.1.0.tgz 0ms (cache hit)
411 http cache mdast-util-from-markdown@https://registry.npmjs.org/mdast-util-from-markdown/-/mdast-util-from-markdown-2.0.3.tgz 0ms (cache hit)
412 http cache mdast-util-find-and-replace@https://registry.npmjs.org/mdast-util-find-and-replace/-/mdast-util-find-and-replace-3.0.2.tgz 0ms (cache hit)
413 http cache mdast-util-directive@https://registry.npmjs.org/mdast-util-directive/-/mdast-util-directive-3.1.0.tgz 0ms (cache hit)
414 http cache markdown-table@https://registry.npmjs.org/markdown-table/-/markdown-table-3.0.4.tgz 0ms (cache hit)
415 http cache markdown-extensions@https://registry.npmjs.org/markdown-extensions/-/markdown-extensions-2.0.0.tgz 0ms (cache hit)
416 http cache lru-cache@https://registry.npmjs.org/lru-cache/-/lru-cache-5.1.1.tgz 0ms (cache hit)
417 http cache math-intrinsics@https://registry.npmjs.org/math-intrinsics/-/math-intrinsics-1.1.0.tgz 0ms (cache hit)
418 http cache lowercase-keys@https://registry.npmjs.org/lowercase-keys/-/lowercase-keys-3.0.0.tgz 0ms (cache hit)
419 http cache lower-case@https://registry.npmjs.org/lower-case/-/lower-case-2.0.2.tgz 0ms (cache hit)
420 http cache loose-envify@https://registry.npmjs.org/loose-envify/-/loose-envify-1.4.0.tgz 0ms (cache hit)
421 http cache longest-streak@https://registry.npmjs.org/longest-streak/-/longest-streak-3.1.0.tgz 0ms (cache hit)
422 http cache lodash.debounce@https://registry.npmjs.org/lodash.debounce/-/lodash.debounce-4.0.8.tgz 0ms (cache hit)
423 http cache lodash.memoize@https://registry.npmjs.org/lodash.memoize/-/lodash.memoize-4.1.2.tgz 0ms (cache hit)
424 http cache locate-path@https://registry.npmjs.org/locate-path/-/locate-path-7.2.0.tgz 0ms (cache hit)
425 http cache loader-utils@https://registry.npmjs.org/loader-utils/-/loader-utils-2.0.4.tgz 0ms (cache hit)
426 http cache loader-runner@https://registry.npmjs.org/loader-runner/-/loader-runner-4.3.2.tgz 0ms (cache hit)
427 http cache lines-and-columns@https://registry.npmjs.org/lines-and-columns/-/lines-and-columns-1.2.4.tgz 0ms (cache hit)
428 http cache leven@https://registry.npmjs.org/leven/-/leven-3.1.0.tgz 0ms (cache hit)
429 http cache lodash@https://registry.npmjs.org/lodash/-/lodash-4.18.1.tgz 0ms (cache hit)
430 http cache latest-version@https://registry.npmjs.org/latest-version/-/latest-version-7.0.0.tgz 0ms (cache hit)
431 http cache lodash.uniq@https://registry.npmjs.org/lodash.uniq/-/lodash.uniq-4.5.0.tgz 0ms (cache hit)
432 http cache launch-editor@https://registry.npmjs.org/launch-editor/-/launch-editor-2.14.1.tgz 0ms (cache hit)
433 http cache lilconfig@https://registry.npmjs.org/lilconfig/-/lilconfig-3.1.3.tgz 0ms (cache hit)
434 http cache keyv@https://registry.npmjs.org/keyv/-/keyv-4.5.4.tgz 0ms (cache hit)
435 http cache kind-of@https://registry.npmjs.org/kind-of/-/kind-of-6.0.3.tgz 0ms (cache hit)
436 http cache kleur@https://registry.npmjs.org/kleur/-/kleur-3.0.3.tgz 0ms (cache hit)
437 http cache jsonfile@https://registry.npmjs.org/jsonfile/-/jsonfile-6.2.1.tgz 0ms (cache hit)
438 http cache json-parse-even-better-errors@https://registry.npmjs.org/json-parse-even-better-errors/-/json-parse-even-better-errors-2.3.1.tgz 0ms (cache hit)
439 http cache json5@https://registry.npmjs.org/json5/-/json5-2.2.3.tgz 0ms (cache hit)
440 http cache json-schema-traverse@https://registry.npmjs.org/json-schema-traverse/-/json-schema-traverse-1.0.0.tgz 0ms (cache hit)
441 http cache json-buffer@https://registry.npmjs.org/json-buffer/-/json-buffer-3.0.1.tgz 0ms (cache hit)
442 http cache js-tokens@https://registry.npmjs.org/js-tokens/-/js-tokens-4.0.0.tgz 0ms (cache hit)
443 http cache jiti@https://registry.npmjs.org/jiti/-/jiti-1.21.7.tgz 0ms (cache hit)
444 http cache js-yaml@https://registry.npmjs.org/js-yaml/-/js-yaml-4.3.1.tgz 0ms (cache hit)
445 http cache jest-worker@https://registry.npmjs.org/jest-worker/-/jest-worker-29.7.0.tgz 0ms (cache hit)
446 http cache isexe@https://registry.npmjs.org/isexe/-/isexe-2.0.0.tgz 0ms (cache hit)
447 http cache jest-util@https://registry.npmjs.org/jest-util/-/jest-util-29.7.0.tgz 0ms (cache hit)
448 http cache joi@https://registry.npmjs.org/joi/-/joi-17.13.4.tgz 0ms (cache hit)
449 http cache isarray@https://registry.npmjs.org/isarray/-/isarray-0.0.1.tgz 0ms (cache hit)
450 http cache is-yarn-global@https://registry.npmjs.org/is-yarn-global/-/is-yarn-global-0.4.1.tgz 0ms (cache hit)
451 http cache jsesc@https://registry.npmjs.org/jsesc/-/jsesc-3.1.0.tgz 0ms (cache hit)
452 http cache isobject@https://registry.npmjs.org/isobject/-/isobject-3.0.1.tgz 0ms (cache hit)
453 http cache is-wsl@https://registry.npmjs.org/is-wsl/-/is-wsl-2.2.0.tgz 0ms (cache hit)
454 http cache is-plain-object@https://registry.npmjs.org/is-plain-object/-/is-plain-object-2.0.4.tgz 0ms (cache hit)
455 http cache is-plain-obj@https://registry.npmjs.org/is-plain-obj/-/is-plain-obj-4.1.0.tgz 0ms (cache hit)
456 http cache is-typedarray@https://registry.npmjs.org/is-typedarray/-/is-typedarray-1.0.0.tgz 0ms (cache hit)
457 http cache is-path-inside@https://registry.npmjs.org/is-path-inside/-/is-path-inside-3.0.3.tgz 0ms (cache hit)
458 http cache is-obj@https://registry.npmjs.org/is-obj/-/is-obj-1.0.1.tgz 0ms (cache hit)
459 http cache is-number@https://registry.npmjs.org/is-number/-/is-number-7.0.0.tgz 0ms (cache hit)
460 http cache is-npm@https://registry.npmjs.org/is-npm/-/is-npm-6.1.0.tgz 0ms (cache hit)
461 http cache is-stream@https://registry.npmjs.org/is-stream/-/is-stream-2.0.1.tgz 0ms (cache hit)
462 http cache is-regexp@https://registry.npmjs.org/is-regexp/-/is-regexp-1.0.0.tgz 0ms (cache hit)
463 http cache is-inside-container@https://registry.npmjs.org/is-inside-container/-/is-inside-container-1.0.0.tgz 0ms (cache hit)
464 http cache is-hexadecimal@https://registry.npmjs.org/is-hexadecimal/-/is-hexadecimal-2.0.1.tgz 0ms (cache hit)
465 http cache is-installed-globally@https://registry.npmjs.org/is-installed-globally/-/is-installed-globally-0.4.0.tgz 0ms (cache hit)
466 http cache is-glob@https://registry.npmjs.org/is-glob/-/is-glob-4.0.3.tgz 0ms (cache hit)
467 http cache is-fullwidth-code-point@https://registry.npmjs.org/is-fullwidth-code-point/-/is-fullwidth-code-point-3.0.0.tgz 0ms (cache hit)
468 http cache is-extglob@https://registry.npmjs.org/is-extglob/-/is-extglob-2.1.1.tgz 0ms (cache hit)
469 http cache is-docker@https://registry.npmjs.org/is-docker/-/is-docker-2.2.1.tgz 0ms (cache hit)
470 http cache is-extendable@https://registry.npmjs.org/is-extendable/-/is-extendable-0.1.1.tgz 0ms (cache hit)
471 http cache is-decimal@https://registry.npmjs.org/is-decimal/-/is-decimal-2.0.1.tgz 0ms (cache hit)
472 http cache is-network-error@https://registry.npmjs.org/is-network-error/-/is-network-error-1.3.2.tgz 0ms (cache hit)
473 http cache is-ci@https://registry.npmjs.org/is-ci/-/is-ci-3.0.1.tgz 0ms (cache hit)
474 http cache is-binary-path@https://registry.npmjs.org/is-binary-path/-/is-binary-path-2.1.0.tgz 0ms (cache hit)
475 http cache is-core-module@https://registry.npmjs.org/is-core-module/-/is-core-module-2.16.2.tgz 0ms (cache hit)
476 http cache is-alphabetical@https://registry.npmjs.org/is-alphabetical/-/is-alphabetical-2.0.1.tgz 0ms (cache hit)
477 http cache is-alphanumerical@https://registry.npmjs.org/is-alphanumerical/-/is-alphanumerical-2.0.1.tgz 0ms (cache hit)
478 http cache is-arrayish@https://registry.npmjs.org/is-arrayish/-/is-arrayish-0.2.1.tgz 0ms (cache hit)
479 http cache invariant@https://registry.npmjs.org/invariant/-/invariant-2.2.4.tgz 0ms (cache hit)
480 http cache ipaddr.js@https://registry.npmjs.org/ipaddr.js/-/ipaddr.js-2.5.0.tgz 0ms (cache hit)
481 http cache inline-style-parser@https://registry.npmjs.org/inline-style-parser/-/inline-style-parser-0.2.7.tgz 0ms (cache hit)
482 http cache ini@https://registry.npmjs.org/ini/-/ini-2.0.0.tgz 0ms (cache hit)
483 http cache inherits@https://registry.npmjs.org/inherits/-/inherits-2.0.4.tgz 0ms (cache hit)
484 http cache infima@https://registry.npmjs.org/infima/-/infima-0.2.0-alpha.45.tgz 0ms (cache hit)
485 http cache imurmurhash@https://registry.npmjs.org/imurmurhash/-/imurmurhash-0.1.4.tgz 0ms (cache hit)
486 http cache indent-string@https://registry.npmjs.org/indent-string/-/indent-string-4.0.0.tgz 0ms (cache hit)
487 http cache import-lazy@https://registry.npmjs.org/import-lazy/-/import-lazy-4.0.0.tgz 0ms (cache hit)
488 http cache import-fresh@https://registry.npmjs.org/import-fresh/-/import-fresh-3.3.1.tgz 0ms (cache hit)
489 http cache image-size@https://registry.npmjs.org/image-size/-/image-size-2.0.2.tgz 0ms (cache hit)
490 http cache icss-utils@https://registry.npmjs.org/icss-utils/-/icss-utils-5.1.0.tgz 0ms (cache hit)
491 http cache hyperdyperid@https://registry.npmjs.org/hyperdyperid/-/hyperdyperid-1.2.0.tgz 0ms (cache hit)
492 http cache ignore@https://registry.npmjs.org/ignore/-/ignore-5.3.2.tgz 0ms (cache hit)
493 http cache human-signals@https://registry.npmjs.org/human-signals/-/human-signals-2.1.0.tgz 0ms (cache hit)
494 http cache iconv-lite@https://registry.npmjs.org/iconv-lite/-/iconv-lite-0.4.24.tgz 0ms (cache hit)
495 http cache http-proxy-middleware@https://registry.npmjs.org/http-proxy-middleware/-/http-proxy-middleware-2.0.10.tgz 0ms (cache hit)
496 http cache http-proxy@https://registry.npmjs.org/http-proxy/-/http-proxy-1.18.1.tgz 0ms (cache hit)
497 http cache http-parser-js@https://registry.npmjs.org/http-parser-js/-/http-parser-js-0.5.10.tgz 0ms (cache hit)
498 http cache http-errors@https://registry.npmjs.org/http-errors/-/http-errors-2.0.1.tgz 0ms (cache hit)
499 http cache http-deceiver@https://registry.npmjs.org/http-deceiver/-/http-deceiver-1.2.7.tgz 0ms (cache hit)
500 http cache http2-wrapper@https://registry.npmjs.org/http2-wrapper/-/http2-wrapper-2.2.1.tgz 0ms (cache hit)
501 http cache htmlparser2@https://registry.npmjs.org/htmlparser2/-/htmlparser2-8.0.2.tgz 0ms (cache hit)
502 http cache http-cache-semantics@https://registry.npmjs.org/http-cache-semantics/-/http-cache-semantics-4.2.0.tgz 0ms (cache hit)
503 http cache html-void-elements@https://registry.npmjs.org/html-void-elements/-/html-void-elements-3.0.0.tgz 0ms (cache hit)
504 http cache html-minifier-terser@https://registry.npmjs.org/html-minifier-terser/-/html-minifier-terser-7.2.0.tgz 0ms (cache hit)
505 http cache hpack.js@https://registry.npmjs.org/hpack.js/-/hpack.js-2.1.6.tgz 0ms (cache hit)
506 http cache html-escaper@https://registry.npmjs.org/html-escaper/-/html-escaper-2.0.2.tgz 0ms (cache hit)
507 http cache html-webpack-plugin@https://registry.npmjs.org/html-webpack-plugin/-/html-webpack-plugin-5.6.7.tgz 0ms (cache hit)
508 http cache html-tags@https://registry.npmjs.org/html-tags/-/html-tags-3.3.1.tgz 0ms (cache hit)
509 http cache he@https://registry.npmjs.org/he/-/he-1.2.0.tgz 0ms (cache hit)
510 http cache hastscript@https://registry.npmjs.org/hastscript/-/hastscript-9.0.1.tgz 0ms (cache hit)
511 http cache hast-util-whitespace@https://registry.npmjs.org/hast-util-whitespace/-/hast-util-whitespace-3.0.0.tgz 0ms (cache hit)
512 http cache hast-util-to-parse5@https://registry.npmjs.org/hast-util-to-parse5/-/hast-util-to-parse5-8.0.1.tgz 0ms (cache hit)
513 http cache hoist-non-react-statics@https://registry.npmjs.org/hoist-non-react-statics/-/hoist-non-react-statics-3.3.2.tgz 0ms (cache hit)
514 http cache hast-util-to-jsx-runtime@https://registry.npmjs.org/hast-util-to-jsx-runtime/-/hast-util-to-jsx-runtime-2.3.6.tgz 0ms (cache hit)
515 http cache hast-util-to-estree@https://registry.npmjs.org/hast-util-to-estree/-/hast-util-to-estree-3.1.3.tgz 0ms (cache hit)
516 http cache hast-util-parse-selector@https://registry.npmjs.org/hast-util-parse-selector/-/hast-util-parse-selector-4.0.0.tgz 0ms (cache hit)
517 http cache history@https://registry.npmjs.org/history/-/history-4.10.1.tgz 0ms (cache hit)
518 http cache hast-util-raw@https://registry.npmjs.org/hast-util-raw/-/hast-util-raw-9.1.0.tgz 0ms (cache hit)
519 http cache hast-util-from-parse5@https://registry.npmjs.org/hast-util-from-parse5/-/hast-util-from-parse5-8.0.3.tgz 0ms (cache hit)
520 http cache has-symbols@https://registry.npmjs.org/has-symbols/-/has-symbols-1.1.0.tgz 0ms (cache hit)
521 http cache has-yarn@https://registry.npmjs.org/has-yarn/-/has-yarn-3.0.0.tgz 0ms (cache hit)
522 http cache has-flag@https://registry.npmjs.org/has-flag/-/has-flag-4.0.0.tgz 0ms (cache hit)
523 http cache handle-thing@https://registry.npmjs.org/handle-thing/-/handle-thing-2.0.1.tgz 0ms (cache hit)
524 http cache gzip-size@https://registry.npmjs.org/gzip-size/-/gzip-size-6.0.0.tgz 0ms (cache hit)
525 http cache has-property-descriptors@https://registry.npmjs.org/has-property-descriptors/-/has-property-descriptors-1.0.2.tgz 0ms (cache hit)
526 http cache graceful-fs@https://registry.npmjs.org/graceful-fs/-/graceful-fs-4.2.11.tgz 0ms (cache hit)
527 http cache hasown@https://registry.npmjs.org/hasown/-/hasown-2.0.4.tgz 0ms (cache hit)
528 http cache globby@https://registry.npmjs.org/globby/-/globby-11.1.0.tgz 0ms (cache hit)
529 http cache got@https://registry.npmjs.org/got/-/got-12.6.1.tgz 0ms (cache hit)
530 http cache gopd@https://registry.npmjs.org/gopd/-/gopd-1.2.0.tgz 0ms (cache hit)
531 http cache global-dirs@https://registry.npmjs.org/global-dirs/-/global-dirs-3.0.1.tgz 0ms (cache hit)
532 http cache glob-parent@https://registry.npmjs.org/glob-parent/-/glob-parent-5.1.2.tgz 0ms (cache hit)
533 http cache glob-to-regex.js@https://registry.npmjs.org/glob-to-regex.js/-/glob-to-regex.js-1.2.0.tgz 0ms (cache hit)
534 http cache github-slugger@https://registry.npmjs.org/github-slugger/-/github-slugger-1.5.0.tgz 0ms (cache hit)
535 http cache get-stream@https://registry.npmjs.org/get-stream/-/get-stream-6.0.1.tgz 0ms (cache hit)
536 http cache get-proto@https://registry.npmjs.org/get-proto/-/get-proto-1.0.1.tgz 0ms (cache hit)
537 http cache get-own-enumerable-property-symbols@https://registry.npmjs.org/get-own-enumerable-property-symbols/-/get-own-enumerable-property-symbols-3.0.2.tgz 1ms (cache hit)
538 http cache get-intrinsic@https://registry.npmjs.org/get-intrinsic/-/get-intrinsic-1.3.0.tgz 0ms (cache hit)
539 http cache gensync@https://registry.npmjs.org/gensync/-/gensync-1.0.0-beta.2.tgz 0ms (cache hit)
540 http cache function-bind@https://registry.npmjs.org/function-bind/-/function-bind-1.1.2.tgz 0ms (cache hit)
541 http cache fs-extra@https://registry.npmjs.org/fs-extra/-/fs-extra-11.3.6.tgz 0ms (cache hit)
542 http cache fsevents@https://registry.npmjs.org/fsevents/-/fsevents-2.3.3.tgz 0ms (cache hit)
543 http cache fresh@https://registry.npmjs.org/fresh/-/fresh-0.5.2.tgz 0ms (cache hit)
544 http cache fraction.js@https://registry.npmjs.org/fraction.js/-/fraction.js-5.3.4.tgz 0ms (cache hit)
545 http cache format@https://registry.npmjs.org/format/-/format-0.2.2.tgz 0ms (cache hit)
546 http cache form-data-encoder@https://registry.npmjs.org/form-data-encoder/-/form-data-encoder-2.1.4.tgz 0ms (cache hit)
547 http cache follow-redirects@https://registry.npmjs.org/follow-redirects/-/follow-redirects-1.16.0.tgz 0ms (cache hit)
548 http cache forwarded@https://registry.npmjs.org/forwarded/-/forwarded-0.2.0.tgz 0ms (cache hit)
549 http cache flat@https://registry.npmjs.org/flat/-/flat-5.0.2.tgz 0ms (cache hit)
550 http cache find-cache-dir@https://registry.npmjs.org/find-cache-dir/-/find-cache-dir-4.0.0.tgz 0ms (cache hit)
551 http cache find-up@https://registry.npmjs.org/find-up/-/find-up-6.3.0.tgz 0ms (cache hit)
552 http cache finalhandler@https://registry.npmjs.org/finalhandler/-/finalhandler-1.3.2.tgz 0ms (cache hit)
553 http cache fill-range@https://registry.npmjs.org/fill-range/-/fill-range-7.1.1.tgz 0ms (cache hit)
554 http cache file-loader@https://registry.npmjs.org/file-loader/-/file-loader-6.2.0.tgz 0ms (cache hit)
555 http cache feed@https://registry.npmjs.org/feed/-/feed-4.2.2.tgz 0ms (cache hit)
556 http cache faye-websocket@https://registry.npmjs.org/faye-websocket/-/faye-websocket-0.11.4.tgz 0ms (cache hit)
557 http cache fast-uri@https://registry.npmjs.org/fast-uri/-/fast-uri-3.1.5.tgz 0ms (cache hit)
558 http cache fast-json-stable-stringify@https://registry.npmjs.org/fast-json-stable-stringify/-/fast-json-stable-stringify-2.1.0.tgz 0ms (cache hit)
559 http cache fastq@https://registry.npmjs.org/fastq/-/fastq-1.20.1.tgz 0ms (cache hit)
560 http cache fast-glob@https://registry.npmjs.org/fast-glob/-/fast-glob-3.3.3.tgz 0ms (cache hit)
561 http cache fast-deep-equal@https://registry.npmjs.org/fast-deep-equal/-/fast-deep-equal-3.1.3.tgz 0ms (cache hit)
562 http cache extend-shallow@https://registry.npmjs.org/extend-shallow/-/extend-shallow-2.0.1.tgz 0ms (cache hit)
563 http cache express@https://registry.npmjs.org/express/-/express-4.22.2.tgz 0ms (cache hit)
564 http cache fault@https://registry.npmjs.org/fault/-/fault-2.0.1.tgz 0ms (cache hit)
565 http cache execa@https://registry.npmjs.org/execa/-/execa-5.1.1.tgz 0ms (cache hit)
566 http cache extend@https://registry.npmjs.org/extend/-/extend-3.0.2.tgz 0ms (cache hit)
567 http cache eval@https://registry.npmjs.org/eval/-/eval-0.1.8.tgz 0ms (cache hit)
568 http cache events@https://registry.npmjs.org/events/-/events-3.3.0.tgz 0ms (cache hit)
569 http cache eventemitter3@https://registry.npmjs.org/eventemitter3/-/eventemitter3-4.0.7.tgz 0ms (cache hit)
570 http cache eta@https://registry.npmjs.org/eta/-/eta-2.2.0.tgz 0ms (cache hit)
571 http cache etag@https://registry.npmjs.org/etag/-/etag-1.8.1.tgz 0ms (cache hit)
572 http cache esutils@https://registry.npmjs.org/esutils/-/esutils-2.0.3.tgz 0ms (cache hit)
573 http cache estree-walker@https://registry.npmjs.org/estree-walker/-/estree-walker-3.0.3.tgz 0ms (cache hit)
574 http cache estree-util-value-to-estree@https://registry.npmjs.org/estree-util-value-to-estree/-/estree-util-value-to-estree-3.5.0.tgz 0ms (cache hit)
575 http cache estree-util-scope@https://registry.npmjs.org/estree-util-scope/-/estree-util-scope-1.0.0.tgz 0ms (cache hit)
576 http cache estree-util-to-js@https://registry.npmjs.org/estree-util-to-js/-/estree-util-to-js-2.0.0.tgz 0ms (cache hit)
577 http cache estree-util-build-jsx@https://registry.npmjs.org/estree-util-build-jsx/-/estree-util-build-jsx-3.0.1.tgz 0ms (cache hit)
578 http cache estree-util-visit@https://registry.npmjs.org/estree-util-visit/-/estree-util-visit-2.0.0.tgz 0ms (cache hit)
579 http cache esrecurse@https://registry.npmjs.org/esrecurse/-/esrecurse-4.3.0.tgz 0ms (cache hit)
580 http cache estraverse@https://registry.npmjs.org/estraverse/-/estraverse-4.3.0.tgz 1ms (cache hit)
581 http cache eslint-scope@https://registry.npmjs.org/eslint-scope/-/eslint-scope-5.1.1.tgz 0ms (cache hit)
582 http cache estree-util-is-identifier-name@https://registry.npmjs.org/estree-util-is-identifier-name/-/estree-util-is-identifier-name-3.0.0.tgz 0ms (cache hit)
583 http cache escape-string-regexp@https://registry.npmjs.org/escape-string-regexp/-/escape-string-regexp-4.0.0.tgz 0ms (cache hit)
584 http cache estree-util-attach-comments@https://registry.npmjs.org/estree-util-attach-comments/-/estree-util-attach-comments-3.0.0.tgz 0ms (cache hit)
585 http cache escape-goat@https://registry.npmjs.org/escape-goat/-/escape-goat-4.0.0.tgz 0ms (cache hit)
586 http cache escape-html@https://registry.npmjs.org/escape-html/-/escape-html-1.0.3.tgz 0ms (cache hit)
587 http cache escalade@https://registry.npmjs.org/escalade/-/escalade-3.2.0.tgz 0ms (cache hit)
588 http cache esast-util-from-js@https://registry.npmjs.org/esast-util-from-js/-/esast-util-from-js-2.0.1.tgz 0ms (cache hit)
589 http cache esast-util-from-estree@https://registry.npmjs.org/esast-util-from-estree/-/esast-util-from-estree-2.0.0.tgz 0ms (cache hit)
590 http cache es-errors@https://registry.npmjs.org/es-errors/-/es-errors-1.3.0.tgz 0ms (cache hit)
591 http cache es-define-property@https://registry.npmjs.org/es-define-property/-/es-define-property-1.0.1.tgz 0ms (cache hit)
592 http cache error-ex@https://registry.npmjs.org/error-ex/-/error-ex-1.3.4.tgz 0ms (cache hit)
593 http cache enhanced-resolve@https://registry.npmjs.org/enhanced-resolve/-/enhanced-resolve-5.24.2.tgz 0ms (cache hit)
594 http cache es-module-lexer@https://registry.npmjs.org/es-module-lexer/-/es-module-lexer-2.3.1.tgz 0ms (cache hit)
595 http cache entities@https://registry.npmjs.org/entities/-/entities-4.5.0.tgz 0ms (cache hit)
596 http cache emoticon@https://registry.npmjs.org/emoticon/-/emoticon-4.1.0.tgz 0ms (cache hit)
597 http cache emojis-list@https://registry.npmjs.org/emojis-list/-/emojis-list-3.0.0.tgz 0ms (cache hit)
598 http cache emojilib@https://registry.npmjs.org/emojilib/-/emojilib-2.4.0.tgz 0ms (cache hit)
599 http cache emoji-regex@https://registry.npmjs.org/emoji-regex/-/emoji-regex-9.2.2.tgz 0ms (cache hit)
600 http cache electron-to-chromium@https://registry.npmjs.org/electron-to-chromium/-/electron-to-chromium-1.5.402.tgz 0ms (cache hit)
601 http cache ee-first@https://registry.npmjs.org/ee-first/-/ee-first-1.1.1.tgz 0ms (cache hit)
602 http cache es-object-atoms@https://registry.npmjs.org/es-object-atoms/-/es-object-atoms-1.1.2.tgz 0ms (cache hit)
603 http cache duplexer@https://registry.npmjs.org/duplexer/-/duplexer-0.1.2.tgz 0ms (cache hit)
604 http cache eastasianwidth@https://registry.npmjs.org/eastasianwidth/-/eastasianwidth-0.2.0.tgz 0ms (cache hit)
605 http cache encodeurl@https://registry.npmjs.org/encodeurl/-/encodeurl-2.0.0.tgz 0ms (cache hit)
606 http cache dot-case@https://registry.npmjs.org/dot-case/-/dot-case-3.0.4.tgz 0ms (cache hit)
607 http cache dunder-proto@https://registry.npmjs.org/dunder-proto/-/dunder-proto-1.0.1.tgz 0ms (cache hit)
608 http cache domutils@https://registry.npmjs.org/domutils/-/domutils-3.2.2.tgz 0ms (cache hit)
609 http cache domhandler@https://registry.npmjs.org/domhandler/-/domhandler-5.0.3.tgz 0ms (cache hit)
610 http cache domelementtype@https://registry.npmjs.org/domelementtype/-/domelementtype-2.3.0.tgz 0ms (cache hit)
611 http cache dom-serializer@https://registry.npmjs.org/dom-serializer/-/dom-serializer-2.0.0.tgz 0ms (cache hit)
612 http cache dot-prop@https://registry.npmjs.org/dot-prop/-/dot-prop-6.0.1.tgz 0ms (cache hit)
613 http cache dom-converter@https://registry.npmjs.org/dom-converter/-/dom-converter-0.2.0.tgz 0ms (cache hit)
614 http cache dir-glob@https://registry.npmjs.org/dir-glob/-/dir-glob-3.0.1.tgz 0ms (cache hit)
615 http cache devlop@https://registry.npmjs.org/devlop/-/devlop-1.1.0.tgz 0ms (cache hit)
616 http cache detect-port@https://registry.npmjs.org/detect-port/-/detect-port-2.1.0.tgz 0ms (cache hit)
617 http cache detect-node@https://registry.npmjs.org/detect-node/-/detect-node-2.1.0.tgz 0ms (cache hit)
618 http cache destroy@https://registry.npmjs.org/destroy/-/destroy-1.2.0.tgz 0ms (cache hit)
619 http cache dns-packet@https://registry.npmjs.org/dns-packet/-/dns-packet-5.6.1.tgz 0ms (cache hit)
620 http cache dequal@https://registry.npmjs.org/dequal/-/dequal-2.0.3.tgz 0ms (cache hit)
621 http cache define-properties@https://registry.npmjs.org/define-properties/-/define-properties-1.2.1.tgz 0ms (cache hit)
622 http cache define-data-property@https://registry.npmjs.org/define-data-property/-/define-data-property-1.1.4.tgz 0ms (cache hit)
623 http cache defer-to-connect@https://registry.npmjs.org/defer-to-connect/-/defer-to-connect-2.0.1.tgz 0ms (cache hit)
624 http cache depd@https://registry.npmjs.org/depd/-/depd-2.0.0.tgz 0ms (cache hit)
625 http cache default-browser@https://registry.npmjs.org/default-browser/-/default-browser-5.5.0.tgz 0ms (cache hit)
626 http cache default-browser-id@https://registry.npmjs.org/default-browser-id/-/default-browser-id-5.0.1.tgz 0ms (cache hit)
627 http cache decompress-response@https://registry.npmjs.org/decompress-response/-/decompress-response-6.0.0.tgz 0ms (cache hit)
628 http cache deep-extend@https://registry.npmjs.org/deep-extend/-/deep-extend-0.6.0.tgz 0ms (cache hit)
629 http cache define-lazy-prop@https://registry.npmjs.org/define-lazy-prop/-/define-lazy-prop-2.0.0.tgz 0ms (cache hit)
630 http cache decode-named-character-reference@https://registry.npmjs.org/decode-named-character-reference/-/decode-named-character-reference-1.3.0.tgz 0ms (cache hit)
631 http cache debounce@https://registry.npmjs.org/debounce/-/debounce-1.2.1.tgz 0ms (cache hit)
632 http cache csstype@https://registry.npmjs.org/csstype/-/csstype-3.2.3.tgz 0ms (cache hit)
633 http cache debug@https://registry.npmjs.org/debug/-/debug-4.4.3.tgz 0ms (cache hit)
634 http cache csso@https://registry.npmjs.org/csso/-/csso-5.0.5.tgz 0ms (cache hit)
635 http cache deepmerge@https://registry.npmjs.org/deepmerge/-/deepmerge-4.3.1.tgz 0ms (cache hit)
636 http cache cssnano-utils@https://registry.npmjs.org/cssnano-utils/-/cssnano-utils-4.0.2.tgz 0ms (cache hit)
637 http cache cssnano-preset-default@https://registry.npmjs.org/cssnano-preset-default/-/cssnano-preset-default-6.1.2.tgz 0ms (cache hit)
638 http cache cssnano-preset-advanced@https://registry.npmjs.org/cssnano-preset-advanced/-/cssnano-preset-advanced-6.1.2.tgz 0ms (cache hit)
639 http cache cssnano@https://registry.npmjs.org/cssnano/-/cssnano-6.1.2.tgz 0ms (cache hit)
640 http cache cssesc@https://registry.npmjs.org/cssesc/-/cssesc-3.0.0.tgz 0ms (cache hit)
641 http cache css-tree@https://registry.npmjs.org/css-tree/-/css-tree-2.3.1.tgz 0ms (cache hit)
642 http cache cssdb@https://registry.npmjs.org/cssdb/-/cssdb-8.9.0.tgz 0ms (cache hit)
643 http cache css-select@https://registry.npmjs.org/css-select/-/css-select-5.2.2.tgz 0ms (cache hit)
644 http cache css-prefers-color-scheme@https://registry.npmjs.org/css-prefers-color-scheme/-/css-prefers-color-scheme-10.0.0.tgz 0ms (cache hit)
645 http cache css-minimizer-webpack-plugin@https://registry.npmjs.org/css-minimizer-webpack-plugin/-/css-minimizer-webpack-plugin-5.0.1.tgz 0ms (cache hit)
646 http cache css-what@https://registry.npmjs.org/css-what/-/css-what-6.2.2.tgz 0ms (cache hit)
647 http cache css-has-pseudo@https://registry.npmjs.org/css-has-pseudo/-/css-has-pseudo-7.0.3.tgz 0ms (cache hit)
648 http cache css-loader@https://registry.npmjs.org/css-loader/-/css-loader-6.11.0.tgz 0ms (cache hit)
649 http cache css-declaration-sorter@https://registry.npmjs.org/css-declaration-sorter/-/css-declaration-sorter-7.4.0.tgz 0ms (cache hit)
650 http cache css-blank-pseudo@https://registry.npmjs.org/css-blank-pseudo/-/css-blank-pseudo-7.0.1.tgz 0ms (cache hit)
651 http cache crypto-random-string@https://registry.npmjs.org/crypto-random-string/-/crypto-random-string-4.0.0.tgz 0ms (cache hit)
652 http cache cosmiconfig@https://registry.npmjs.org/cosmiconfig/-/cosmiconfig-8.3.6.tgz 0ms (cache hit)
653 http cache cross-spawn@https://registry.npmjs.org/cross-spawn/-/cross-spawn-7.0.6.tgz 0ms (cache hit)
654 http cache core-util-is@https://registry.npmjs.org/core-util-is/-/core-util-is-1.0.3.tgz 0ms (cache hit)
655 http cache copy-webpack-plugin@https://registry.npmjs.org/copy-webpack-plugin/-/copy-webpack-plugin-11.0.0.tgz 0ms (cache hit)
656 http cache core-js-compat@https://registry.npmjs.org/core-js-compat/-/core-js-compat-3.50.0.tgz 0ms (cache hit)
657 http cache copy-text-to-clipboard@https://registry.npmjs.org/copy-text-to-clipboard/-/copy-text-to-clipboard-3.2.2.tgz 0ms (cache hit)
658 http cache cookie-signature@https://registry.npmjs.org/cookie-signature/-/cookie-signature-1.0.7.tgz 0ms (cache hit)
659 http cache convert-source-map@https://registry.npmjs.org/convert-source-map/-/convert-source-map-2.0.0.tgz 0ms (cache hit)
660 http cache cookie@https://registry.npmjs.org/cookie/-/cookie-0.7.2.tgz 0ms (cache hit)
661 http cache core-js@https://registry.npmjs.org/core-js/-/core-js-3.49.0.tgz 0ms (cache hit)
662 http cache content-type@https://registry.npmjs.org/content-type/-/content-type-1.0.5.tgz 0ms (cache hit)
663 http cache connect-history-api-fallback@https://registry.npmjs.org/connect-history-api-fallback/-/connect-history-api-fallback-2.0.0.tgz 0ms (cache hit)
664 http cache concat-map@https://registry.npmjs.org/concat-map/-/concat-map-0.0.1.tgz 0ms (cache hit)
665 http cache content-disposition@https://registry.npmjs.org/content-disposition/-/content-disposition-0.5.2.tgz 0ms (cache hit)
666 http cache configstore@https://registry.npmjs.org/configstore/-/configstore-6.0.0.tgz 0ms (cache hit)
667 http cache config-chain@https://registry.npmjs.org/config-chain/-/config-chain-1.1.13.tgz 0ms (cache hit)
668 http cache compression@https://registry.npmjs.org/compression/-/compression-1.8.1.tgz 0ms (cache hit)
669 http cache compressible@https://registry.npmjs.org/compressible/-/compressible-2.0.18.tgz 0ms (cache hit)
670 http cache common-path-prefix@https://registry.npmjs.org/common-path-prefix/-/common-path-prefix-3.0.0.tgz 0ms (cache hit)
671 http cache consola@https://registry.npmjs.org/consola/-/consola-3.4.2.tgz 0ms (cache hit)
672 http cache comma-separated-tokens@https://registry.npmjs.org/comma-separated-tokens/-/comma-separated-tokens-2.0.3.tgz 0ms (cache hit)
673 http cache colord@https://registry.npmjs.org/colord/-/colord-2.9.3.tgz 0ms (cache hit)
674 http cache combine-promises@https://registry.npmjs.org/combine-promises/-/combine-promises-1.2.0.tgz 0ms (cache hit)
675 http cache colorette@https://registry.npmjs.org/colorette/-/colorette-2.0.20.tgz 0ms (cache hit)
676 http cache collapse-white-space@https://registry.npmjs.org/collapse-white-space/-/collapse-white-space-2.1.0.tgz 0ms (cache hit)
677 http cache color-name@https://registry.npmjs.org/color-name/-/color-name-1.1.4.tgz 0ms (cache hit)
678 http cache commander@https://registry.npmjs.org/commander/-/commander-5.1.0.tgz 0ms (cache hit)
679 http cache cli-table3@https://registry.npmjs.org/cli-table3/-/cli-table3-0.6.5.tgz 0ms (cache hit)
680 http cache clone-deep@https://registry.npmjs.org/clone-deep/-/clone-deep-4.0.1.tgz 0ms (cache hit)
681 http cache cli-boxes@https://registry.npmjs.org/cli-boxes/-/cli-boxes-3.0.0.tgz 0ms (cache hit)
682 http cache color-convert@https://registry.npmjs.org/color-convert/-/color-convert-2.0.1.tgz 0ms (cache hit)
683 http cache clean-stack@https://registry.npmjs.org/clean-stack/-/clean-stack-2.2.0.tgz 0ms (cache hit)
684 http cache clean-css@https://registry.npmjs.org/clean-css/-/clean-css-5.3.3.tgz 0ms (cache hit)
685 http cache clsx@https://registry.npmjs.org/clsx/-/clsx-2.1.1.tgz 0ms (cache hit)
686 http cache ci-info@https://registry.npmjs.org/ci-info/-/ci-info-3.9.0.tgz 0ms (cache hit)
687 http cache chokidar@https://registry.npmjs.org/chokidar/-/chokidar-3.6.0.tgz 0ms (cache hit)
688 http cache cheerio-select@https://registry.npmjs.org/cheerio-select/-/cheerio-select-2.1.0.tgz 0ms (cache hit)
689 http cache chrome-trace-event@https://registry.npmjs.org/chrome-trace-event/-/chrome-trace-event-1.0.4.tgz 0ms (cache hit)
690 http cache cheerio@https://registry.npmjs.org/cheerio/-/cheerio-1.0.0-rc.12.tgz 0ms (cache hit)
691 http cache character-entities-legacy@https://registry.npmjs.org/character-entities-legacy/-/character-entities-legacy-3.0.0.tgz 0ms (cache hit)
692 http cache character-entities-html4@https://registry.npmjs.org/character-entities-html4/-/character-entities-html4-2.1.0.tgz 0ms (cache hit)
693 http cache character-reference-invalid@https://registry.npmjs.org/character-reference-invalid/-/character-reference-invalid-2.0.1.tgz 0ms (cache hit)
694 http cache char-regex@https://registry.npmjs.org/char-regex/-/char-regex-1.0.2.tgz 0ms (cache hit)
695 http cache chalk@https://registry.npmjs.org/chalk/-/chalk-4.1.2.tgz 0ms (cache hit)
696 http cache character-entities@https://registry.npmjs.org/character-entities/-/character-entities-2.0.2.tgz 0ms (cache hit)
697 http cache camelcase@https://registry.npmjs.org/camelcase/-/camelcase-6.3.0.tgz 0ms (cache hit)
698 http cache caniuse-lite@https://registry.npmjs.org/caniuse-lite/-/caniuse-lite-1.0.30001806.tgz 0ms (cache hit)
699 http cache caniuse-api@https://registry.npmjs.org/caniuse-api/-/caniuse-api-3.0.0.tgz 0ms (cache hit)
700 http cache camel-case@https://registry.npmjs.org/camel-case/-/camel-case-4.1.2.tgz 0ms (cache hit)
701 http cache callsites@https://registry.npmjs.org/callsites/-/callsites-3.1.0.tgz 0ms (cache hit)
702 http cache call-bound@https://registry.npmjs.org/call-bound/-/call-bound-1.0.4.tgz 0ms (cache hit)
703 http cache call-bind-apply-helpers@https://registry.npmjs.org/call-bind-apply-helpers/-/call-bind-apply-helpers-1.0.2.tgz 0ms (cache hit)
704 http cache ccount@https://registry.npmjs.org/ccount/-/ccount-2.0.1.tgz 0ms (cache hit)
705 http cache cacheable-request@https://registry.npmjs.org/cacheable-request/-/cacheable-request-10.2.14.tgz 0ms (cache hit)
706 http cache cacheable-lookup@https://registry.npmjs.org/cacheable-lookup/-/cacheable-lookup-7.0.0.tgz 0ms (cache hit)
707 http cache bytes@https://registry.npmjs.org/bytes/-/bytes-3.0.0.tgz 0ms (cache hit)
708 http cache bundle-name@https://registry.npmjs.org/bundle-name/-/bundle-name-4.1.0.tgz 0ms (cache hit)
709 http cache buffer-from@https://registry.npmjs.org/buffer-from/-/buffer-from-1.1.2.tgz 0ms (cache hit)
710 http cache bytestreamjs@https://registry.npmjs.org/bytestreamjs/-/bytestreamjs-2.0.1.tgz 0ms (cache hit)
711 http cache browserslist@https://registry.npmjs.org/browserslist/-/browserslist-4.28.7.tgz 0ms (cache hit)
712 http cache braces@https://registry.npmjs.org/braces/-/braces-3.0.3.tgz 0ms (cache hit)
713 http cache boolbase@https://registry.npmjs.org/boolbase/-/boolbase-1.0.0.tgz 0ms (cache hit)
714 http cache boxen@https://registry.npmjs.org/boxen/-/boxen-6.2.1.tgz 0ms (cache hit)
715 http cache bonjour-service@https://registry.npmjs.org/bonjour-service/-/bonjour-service-1.4.4.tgz 0ms (cache hit)
716 http cache body-parser@https://registry.npmjs.org/body-parser/-/body-parser-1.20.6.tgz 0ms (cache hit)
717 http cache brace-expansion@https://registry.npmjs.org/brace-expansion/-/brace-expansion-1.1.18.tgz 0ms (cache hit)
718 http cache big.js@https://registry.npmjs.org/big.js/-/big.js-5.2.2.tgz 0ms (cache hit)
719 http cache baseline-browser-mapping@https://registry.npmjs.org/baseline-browser-mapping/-/baseline-browser-mapping-2.11.12.tgz 0ms (cache hit)
720 http cache batch@https://registry.npmjs.org/batch/-/batch-0.6.1.tgz 0ms (cache hit)
721 http cache call-bind@https://registry.npmjs.org/call-bind/-/call-bind-1.0.9.tgz 0ms (cache hit)
722 http cache binary-extensions@https://registry.npmjs.org/binary-extensions/-/binary-extensions-2.3.0.tgz 0ms (cache hit)
723 http cache balanced-match@https://registry.npmjs.org/balanced-match/-/balanced-match-1.0.2.tgz 0ms (cache hit)
724 http cache babel-plugin-polyfill-regenerator@https://registry.npmjs.org/babel-plugin-polyfill-regenerator/-/babel-plugin-polyfill-regenerator-0.6.8.tgz 0ms (cache hit)
725 http cache bail@https://registry.npmjs.org/bail/-/bail-2.0.2.tgz 0ms (cache hit)
726 http cache babel-plugin-polyfill-corejs2@https://registry.npmjs.org/babel-plugin-polyfill-corejs2/-/babel-plugin-polyfill-corejs2-0.4.17.tgz 0ms (cache hit)
727 http cache babel-loader@https://registry.npmjs.org/babel-loader/-/babel-loader-9.2.1.tgz 0ms (cache hit)
728 http cache babel-plugin-polyfill-corejs3@https://registry.npmjs.org/babel-plugin-polyfill-corejs3/-/babel-plugin-polyfill-corejs3-0.13.0.tgz 0ms (cache hit)
729 http cache babel-plugin-dynamic-import-node@https://registry.npmjs.org/babel-plugin-dynamic-import-node/-/babel-plugin-dynamic-import-node-2.3.3.tgz 0ms (cache hit)
730 http cache asn1js@https://registry.npmjs.org/asn1js/-/asn1js-3.0.10.tgz 0ms (cache hit)
731 http cache array-union@https://registry.npmjs.org/array-union/-/array-union-2.1.0.tgz 0ms (cache hit)
732 http cache array-flatten@https://registry.npmjs.org/array-flatten/-/array-flatten-1.1.1.tgz 0ms (cache hit)
733 http cache autoprefixer@https://registry.npmjs.org/autoprefixer/-/autoprefixer-10.5.4.tgz 0ms (cache hit)
734 http cache astring@https://registry.npmjs.org/astring/-/astring-1.9.0.tgz 0ms (cache hit)
735 http cache argparse@https://registry.npmjs.org/argparse/-/argparse-2.0.1.tgz 0ms (cache hit)
736 http cache arg@https://registry.npmjs.org/arg/-/arg-5.0.2.tgz 0ms (cache hit)
737 http cache ansis@https://registry.npmjs.org/ansis/-/ansis-3.17.0.tgz 0ms (cache hit)
738 http cache ansi-styles@https://registry.npmjs.org/ansi-styles/-/ansi-styles-4.3.0.tgz 0ms (cache hit)
739 http cache ansi-html-community@https://registry.npmjs.org/ansi-html-community/-/ansi-html-community-0.0.8.tgz 0ms (cache hit)
740 http cache ansi-align@https://registry.npmjs.org/ansi-align/-/ansi-align-3.0.1.tgz 0ms (cache hit)
741 http cache algoliasearch-helper@https://registry.npmjs.org/algoliasearch-helper/-/algoliasearch-helper-3.29.3.tgz 0ms (cache hit)
742 http cache anymatch@https://registry.npmjs.org/anymatch/-/anymatch-3.1.3.tgz 0ms (cache hit)
743 http cache algoliasearch@https://registry.npmjs.org/algoliasearch/-/algoliasearch-5.56.0.tgz 0ms (cache hit)
744 http cache ajv-keywords@https://registry.npmjs.org/ajv-keywords/-/ajv-keywords-5.1.0.tgz 0ms (cache hit)
745 http cache ajv@https://registry.npmjs.org/ajv/-/ajv-8.20.0.tgz 0ms (cache hit)
746 http cache ansi-regex@https://registry.npmjs.org/ansi-regex/-/ansi-regex-5.0.1.tgz 0ms (cache hit)
747 http cache ajv-formats@https://registry.npmjs.org/ajv-formats/-/ajv-formats-2.1.1.tgz 0ms (cache hit)
748 http cache aggregate-error@https://registry.npmjs.org/aggregate-error/-/aggregate-error-3.1.0.tgz 0ms (cache hit)
749 http cache acorn-jsx@https://registry.npmjs.org/acorn-jsx/-/acorn-jsx-5.3.2.tgz 0ms (cache hit)
750 http cache address@https://registry.npmjs.org/address/-/address-2.0.3.tgz 0ms (cache hit)
751 http cache acorn-import-phases@https://registry.npmjs.org/acorn-import-phases/-/acorn-import-phases-1.0.4.tgz 0ms (cache hit)
752 http cache acorn@https://registry.npmjs.org/acorn/-/acorn-8.17.0.tgz 0ms (cache hit)
753 http cache @xtuc/long@https://registry.npmjs.org/@xtuc/long/-/long-4.2.2.tgz 0ms (cache hit)
754 http cache @xtuc/ieee754@https://registry.npmjs.org/@xtuc/ieee754/-/ieee754-1.2.0.tgz 0ms (cache hit)
755 http cache @webassemblyjs/wasm-parser@https://registry.npmjs.org/@webassemblyjs/wasm-parser/-/wasm-parser-1.14.1.tgz 0ms (cache hit)
756 http cache @webassemblyjs/wast-printer@https://registry.npmjs.org/@webassemblyjs/wast-printer/-/wast-printer-1.14.1.tgz 0ms (cache hit)
757 http cache acorn-walk@https://registry.npmjs.org/acorn-walk/-/acorn-walk-8.3.5.tgz 0ms (cache hit)
758 http cache accepts@https://registry.npmjs.org/accepts/-/accepts-1.3.8.tgz 0ms (cache hit)
759 http cache @webassemblyjs/wasm-opt@https://registry.npmjs.org/@webassemblyjs/wasm-opt/-/wasm-opt-1.14.1.tgz 0ms (cache hit)
760 http cache @webassemblyjs/wasm-edit@https://registry.npmjs.org/@webassemblyjs/wasm-edit/-/wasm-edit-1.14.1.tgz 0ms (cache hit)
761 http cache @webassemblyjs/leb128@https://registry.npmjs.org/@webassemblyjs/leb128/-/leb128-1.13.2.tgz 0ms (cache hit)
762 http cache @webassemblyjs/utf8@https://registry.npmjs.org/@webassemblyjs/utf8/-/utf8-1.13.2.tgz 0ms (cache hit)
763 http cache @webassemblyjs/wasm-gen@https://registry.npmjs.org/@webassemblyjs/wasm-gen/-/wasm-gen-1.14.1.tgz 0ms (cache hit)
764 http cache @webassemblyjs/helper-wasm-section@https://registry.npmjs.org/@webassemblyjs/helper-wasm-section/-/helper-wasm-section-1.14.1.tgz 0ms (cache hit)
765 http cache @webassemblyjs/ieee754@https://registry.npmjs.org/@webassemblyjs/ieee754/-/ieee754-1.13.2.tgz 0ms (cache hit)
766 http cache @webassemblyjs/helper-api-error@https://registry.npmjs.org/@webassemblyjs/helper-api-error/-/helper-api-error-1.13.2.tgz 0ms (cache hit)
767 http cache @webassemblyjs/helper-numbers@https://registry.npmjs.org/@webassemblyjs/helper-numbers/-/helper-numbers-1.13.2.tgz 0ms (cache hit)
768 http cache @webassemblyjs/helper-buffer@https://registry.npmjs.org/@webassemblyjs/helper-buffer/-/helper-buffer-1.14.1.tgz 0ms (cache hit)
769 http cache @webassemblyjs/floating-point-hex-parser@https://registry.npmjs.org/@webassemblyjs/floating-point-hex-parser/-/floating-point-hex-parser-1.13.2.tgz 0ms (cache hit)
770 http cache @webassemblyjs/ast@https://registry.npmjs.org/@webassemblyjs/ast/-/ast-1.14.1.tgz 0ms (cache hit)
771 http cache @types/yargs-parser@https://registry.npmjs.org/@types/yargs-parser/-/yargs-parser-21.0.3.tgz 0ms (cache hit)
772 http cache @ungap/structured-clone@https://registry.npmjs.org/@ungap/structured-clone/-/structured-clone-1.3.3.tgz 0ms (cache hit)
773 http cache @types/yargs@https://registry.npmjs.org/@types/yargs/-/yargs-17.0.35.tgz 0ms (cache hit)
774 http cache @types/ws@https://registry.npmjs.org/@types/ws/-/ws-8.18.1.tgz 0ms (cache hit)
775 http cache @types/sockjs@https://registry.npmjs.org/@types/sockjs/-/sockjs-0.3.36.tgz 0ms (cache hit)
776 http cache @types/unist@https://registry.npmjs.org/@types/unist/-/unist-3.0.3.tgz 0ms (cache hit)
777 http cache @types/serve-static@https://registry.npmjs.org/@types/serve-static/-/serve-static-1.15.10.tgz 0ms (cache hit)
778 http cache @types/serve-index@https://registry.npmjs.org/@types/serve-index/-/serve-index-1.9.4.tgz 0ms (cache hit)
779 http cache @webassemblyjs/helper-wasm-bytecode@https://registry.npmjs.org/@webassemblyjs/helper-wasm-bytecode/-/helper-wasm-bytecode-1.13.2.tgz 0ms (cache hit)
780 http cache @types/retry@https://registry.npmjs.org/@types/retry/-/retry-0.12.2.tgz 0ms (cache hit)
781 http cache @types/react-router-config@https://registry.npmjs.org/@types/react-router-config/-/react-router-config-5.0.11.tgz 0ms (cache hit)
782 http cache @types/sax@https://registry.npmjs.org/@types/sax/-/sax-1.2.7.tgz 0ms (cache hit)
783 http cache @types/send@https://registry.npmjs.org/@types/send/-/send-1.2.1.tgz 0ms (cache hit)
784 http cache @types/react-router@https://registry.npmjs.org/@types/react-router/-/react-router-5.1.20.tgz 0ms (cache hit)
785 http cache @types/react@https://registry.npmjs.org/@types/react/-/react-19.2.17.tgz 0ms (cache hit)
786 http cache @types/react-router-dom@https://registry.npmjs.org/@types/react-router-dom/-/react-router-dom-5.3.3.tgz 0ms (cache hit)
787 http cache @types/range-parser@https://registry.npmjs.org/@types/range-parser/-/range-parser-1.2.7.tgz 0ms (cache hit)
788 http cache @types/node@https://registry.npmjs.org/@types/node/-/node-26.1.1.tgz 0ms (cache hit)
789 http cache @types/ms@https://registry.npmjs.org/@types/ms/-/ms-2.1.0.tgz 0ms (cache hit)
790 http cache @types/mime@https://registry.npmjs.org/@types/mime/-/mime-1.3.5.tgz 0ms (cache hit)
791 http cache @types/mdx@https://registry.npmjs.org/@types/mdx/-/mdx-2.0.14.tgz 0ms (cache hit)
792 http cache @types/prismjs@https://registry.npmjs.org/@types/prismjs/-/prismjs-1.26.6.tgz 0ms (cache hit)
793 http cache @types/mdast@https://registry.npmjs.org/@types/mdast/-/mdast-4.0.4.tgz 0ms (cache hit)
794 http cache @types/json-schema@https://registry.npmjs.org/@types/json-schema/-/json-schema-7.0.15.tgz 0ms (cache hit)
795 http cache @types/istanbul-reports@https://registry.npmjs.org/@types/istanbul-reports/-/istanbul-reports-3.0.4.tgz 0ms (cache hit)
796 http cache @types/qs@https://registry.npmjs.org/@types/qs/-/qs-6.15.1.tgz 0ms (cache hit)
797 http cache @types/istanbul-lib-report@https://registry.npmjs.org/@types/istanbul-lib-report/-/istanbul-lib-report-3.0.3.tgz 0ms (cache hit)
798 http cache @types/http-errors@https://registry.npmjs.org/@types/http-errors/-/http-errors-2.0.5.tgz 0ms (cache hit)
799 http cache @types/http-proxy@https://registry.npmjs.org/@types/http-proxy/-/http-proxy-1.17.17.tgz 0ms (cache hit)
800 http cache @types/history@https://registry.npmjs.org/@types/history/-/history-4.7.11.tgz 0ms (cache hit)
801 http cache @types/http-cache-semantics@https://registry.npmjs.org/@types/http-cache-semantics/-/http-cache-semantics-4.2.0.tgz 0ms (cache hit)
802 http cache @types/hast@https://registry.npmjs.org/@types/hast/-/hast-3.0.5.tgz 0ms (cache hit)
803 http cache @types/express-serve-static-core@https://registry.npmjs.org/@types/express-serve-static-core/-/express-serve-static-core-4.19.9.tgz 0ms (cache hit)
804 http cache @types/html-minifier-terser@https://registry.npmjs.org/@types/html-minifier-terser/-/html-minifier-terser-6.1.0.tgz 0ms (cache hit)
805 http cache @types/express@https://registry.npmjs.org/@types/express/-/express-4.17.25.tgz 0ms (cache hit)
806 http cache @types/istanbul-lib-coverage@https://registry.npmjs.org/@types/istanbul-lib-coverage/-/istanbul-lib-coverage-2.0.6.tgz 0ms (cache hit)
807 http cache @types/estree-jsx@https://registry.npmjs.org/@types/estree-jsx/-/estree-jsx-1.0.5.tgz 0ms (cache hit)
808 http cache @types/estree@https://registry.npmjs.org/@types/estree/-/estree-1.0.9.tgz 0ms (cache hit)
809 http cache @types/debug@https://registry.npmjs.org/@types/debug/-/debug-4.1.13.tgz 0ms (cache hit)
810 http cache @types/body-parser@https://registry.npmjs.org/@types/body-parser/-/body-parser-1.19.6.tgz 0ms (cache hit)
811 http cache @types/bonjour@https://registry.npmjs.org/@types/bonjour/-/bonjour-3.5.13.tgz 0ms (cache hit)
812 http cache @types/connect-history-api-fallback@https://registry.npmjs.org/@types/connect-history-api-fallback/-/connect-history-api-fallback-1.5.4.tgz 0ms (cache hit)
813 http cache @types/connect@https://registry.npmjs.org/@types/connect/-/connect-3.4.38.tgz 0ms (cache hit)
814 http cache @svgr/webpack@https://registry.npmjs.org/@svgr/webpack/-/webpack-8.1.0.tgz 0ms (cache hit)
815 http cache @svgr/plugin-svgo@https://registry.npmjs.org/@svgr/plugin-svgo/-/plugin-svgo-8.1.0.tgz 0ms (cache hit)
816 http cache @svgr/plugin-jsx@https://registry.npmjs.org/@svgr/plugin-jsx/-/plugin-jsx-8.1.0.tgz 0ms (cache hit)
817 http cache @svgr/babel-preset@https://registry.npmjs.org/@svgr/babel-preset/-/babel-preset-8.1.0.tgz 0ms (cache hit)
818 http cache @svgr/core@https://registry.npmjs.org/@svgr/core/-/core-8.1.0.tgz 0ms (cache hit)
819 http cache @svgr/babel-plugin-transform-react-native-svg@https://registry.npmjs.org/@svgr/babel-plugin-transform-react-native-svg/-/babel-plugin-transform-react-native-svg-8.1.0.tgz 0ms (cache hit)
820 http cache @svgr/babel-plugin-svg-em-dimensions@https://registry.npmjs.org/@svgr/babel-plugin-svg-em-dimensions/-/babel-plugin-svg-em-dimensions-8.0.0.tgz 0ms (cache hit)
821 http cache @svgr/babel-plugin-svg-dynamic-title@https://registry.npmjs.org/@svgr/babel-plugin-svg-dynamic-title/-/babel-plugin-svg-dynamic-title-8.0.0.tgz 0ms (cache hit)
822 http cache @svgr/hast-util-to-babel-ast@https://registry.npmjs.org/@svgr/hast-util-to-babel-ast/-/hast-util-to-babel-ast-8.0.0.tgz 0ms (cache hit)
823 http cache @svgr/babel-plugin-replace-jsx-attribute-value@https://registry.npmjs.org/@svgr/babel-plugin-replace-jsx-attribute-value/-/babel-plugin-replace-jsx-attribute-value-8.0.0.tgz 0ms (cache hit)
824 http cache @szmarczak/http-timer@https://registry.npmjs.org/@szmarczak/http-timer/-/http-timer-5.0.1.tgz 0ms (cache hit)
825 http cache @svgr/babel-plugin-remove-jsx-attribute@https://registry.npmjs.org/@svgr/babel-plugin-remove-jsx-attribute/-/babel-plugin-remove-jsx-attribute-8.0.0.tgz 0ms (cache hit)
826 http cache @svgr/babel-plugin-remove-jsx-empty-expression@https://registry.npmjs.org/@svgr/babel-plugin-remove-jsx-empty-expression/-/babel-plugin-remove-jsx-empty-expression-8.0.0.tgz 0ms (cache hit)
827 http cache @svgr/babel-plugin-transform-svg-component@https://registry.npmjs.org/@svgr/babel-plugin-transform-svg-component/-/babel-plugin-transform-svg-component-8.0.0.tgz 0ms (cache hit)
828 http cache @svgr/babel-plugin-add-jsx-attribute@https://registry.npmjs.org/@svgr/babel-plugin-add-jsx-attribute/-/babel-plugin-add-jsx-attribute-8.0.0.tgz 0ms (cache hit)
829 http cache @sindresorhus/is@https://registry.npmjs.org/@sindresorhus/is/-/is-4.6.0.tgz 0ms (cache hit)
830 http cache @sideway/pinpoint@https://registry.npmjs.org/@sideway/pinpoint/-/pinpoint-2.0.0.tgz 0ms (cache hit)
831 http cache @sideway/formula@https://registry.npmjs.org/@sideway/formula/-/formula-3.0.1.tgz 0ms (cache hit)
832 http cache @slorber/remark-comment@https://registry.npmjs.org/@slorber/remark-comment/-/remark-comment-1.0.0.tgz 0ms (cache hit)
833 http cache @sideway/address@https://registry.npmjs.org/@sideway/address/-/address-4.1.5.tgz 0ms (cache hit)
834 http cache @polka/url@https://registry.npmjs.org/@polka/url/-/url-1.0.0-next.29.tgz 0ms (cache hit)
835 http cache @sinclair/typebox@https://registry.npmjs.org/@sinclair/typebox/-/typebox-0.27.12.tgz 0ms (cache hit)
836 http cache @pnpm/npm-conf@https://registry.npmjs.org/@pnpm/npm-conf/-/npm-conf-3.0.3.tgz 0ms (cache hit)
837 http cache @pnpm/network.ca-file@https://registry.npmjs.org/@pnpm/network.ca-file/-/network.ca-file-1.0.2.tgz 0ms (cache hit)
838 http cache @peculiar/x509@https://registry.npmjs.org/@peculiar/x509/-/x509-1.14.3.tgz 0ms (cache hit)
839 http cache @peculiar/utils@https://registry.npmjs.org/@peculiar/utils/-/utils-2.0.3.tgz 0ms (cache hit)
840 http cache @pnpm/config.env-replace@https://registry.npmjs.org/@pnpm/config.env-replace/-/config.env-replace-1.1.0.tgz 0ms (cache hit)
841 http cache @peculiar/asn1-x509-attr@https://registry.npmjs.org/@peculiar/asn1-x509-attr/-/asn1-x509-attr-2.8.0.tgz 0ms (cache hit)
842 http cache @peculiar/asn1-x509@https://registry.npmjs.org/@peculiar/asn1-x509/-/asn1-x509-2.8.0.tgz 0ms (cache hit)
843 http cache @peculiar/asn1-schema@https://registry.npmjs.org/@peculiar/asn1-schema/-/asn1-schema-2.8.0.tgz 0ms (cache hit)
844 http cache @peculiar/asn1-rsa@https://registry.npmjs.org/@peculiar/asn1-rsa/-/asn1-rsa-2.8.0.tgz 0ms (cache hit)
845 http cache @peculiar/asn1-pkcs8@https://registry.npmjs.org/@peculiar/asn1-pkcs8/-/asn1-pkcs8-2.8.0.tgz 0ms (cache hit)
846 http cache @peculiar/asn1-pkcs9@https://registry.npmjs.org/@peculiar/asn1-pkcs9/-/asn1-pkcs9-2.8.0.tgz 0ms (cache hit)
847 http cache @peculiar/asn1-csr@https://registry.npmjs.org/@peculiar/asn1-csr/-/asn1-csr-2.8.0.tgz 0ms (cache hit)
848 http cache @peculiar/asn1-cms@https://registry.npmjs.org/@peculiar/asn1-cms/-/asn1-cms-2.8.0.tgz 0ms (cache hit)
849 http cache @nodelib/fs.stat@https://registry.npmjs.org/@nodelib/fs.stat/-/fs.stat-2.0.5.tgz 0ms (cache hit)
850 http cache @nodelib/fs.walk@https://registry.npmjs.org/@nodelib/fs.walk/-/fs.walk-1.2.8.tgz 0ms (cache hit)
851 http cache @peculiar/asn1-ecc@https://registry.npmjs.org/@peculiar/asn1-ecc/-/asn1-ecc-2.8.0.tgz 0ms (cache hit)
852 http cache @noble/hashes@https://registry.npmjs.org/@noble/hashes/-/hashes-1.4.0.tgz 0ms (cache hit)
853 http cache @nodelib/fs.scandir@https://registry.npmjs.org/@nodelib/fs.scandir/-/fs.scandir-2.1.5.tgz 0ms (cache hit)
854 http cache @mdx-js/react@https://registry.npmjs.org/@mdx-js/react/-/react-3.1.1.tgz 0ms (cache hit)
855 http cache @peculiar/asn1-pfx@https://registry.npmjs.org/@peculiar/asn1-pfx/-/asn1-pfx-2.8.0.tgz 0ms (cache hit)
856 http cache @leichtgewicht/ip-codec@https://registry.npmjs.org/@leichtgewicht/ip-codec/-/ip-codec-2.0.5.tgz 0ms (cache hit)
857 http cache @mdx-js/mdx@https://registry.npmjs.org/@mdx-js/mdx/-/mdx-3.1.1.tgz 0ms (cache hit)
858 http cache @jsonjoy.com/util@https://registry.npmjs.org/@jsonjoy.com/util/-/util-1.9.0.tgz 0ms (cache hit)
859 http cache @jsonjoy.com/json-pointer@https://registry.npmjs.org/@jsonjoy.com/json-pointer/-/json-pointer-1.0.2.tgz 0ms (cache hit)
860 http cache @jsonjoy.com/json-pack@https://registry.npmjs.org/@jsonjoy.com/json-pack/-/json-pack-1.21.0.tgz 0ms (cache hit)
861 http cache @jsonjoy.com/fs-node-utils@https://registry.npmjs.org/@jsonjoy.com/fs-node-utils/-/fs-node-utils-4.68.0.tgz 0ms (cache hit)
862 http cache @jsonjoy.com/fs-node-to-fsa@https://registry.npmjs.org/@jsonjoy.com/fs-node-to-fsa/-/fs-node-to-fsa-4.68.0.tgz 0ms (cache hit)
863 http cache @jsonjoy.com/fs-snapshot@https://registry.npmjs.org/@jsonjoy.com/fs-snapshot/-/fs-snapshot-4.68.0.tgz 0ms (cache hit)
864 http cache @jsonjoy.com/fs-node-builtins@https://registry.npmjs.org/@jsonjoy.com/fs-node-builtins/-/fs-node-builtins-4.68.0.tgz 0ms (cache hit)
865 http cache @jsonjoy.com/fs-print@https://registry.npmjs.org/@jsonjoy.com/fs-print/-/fs-print-4.68.0.tgz 0ms (cache hit)
866 http cache @jsonjoy.com/fs-node@https://registry.npmjs.org/@jsonjoy.com/fs-node/-/fs-node-4.68.0.tgz 0ms (cache hit)
867 http cache @jsonjoy.com/fs-fsa@https://registry.npmjs.org/@jsonjoy.com/fs-fsa/-/fs-fsa-4.68.0.tgz 0ms (cache hit)
868 http cache @jsonjoy.com/fs-core@https://registry.npmjs.org/@jsonjoy.com/fs-core/-/fs-core-4.68.0.tgz 0ms (cache hit)
869 http cache @jsonjoy.com/codegen@https://registry.npmjs.org/@jsonjoy.com/codegen/-/codegen-1.0.0.tgz 0ms (cache hit)
870 http cache @jsonjoy.com/buffers@https://registry.npmjs.org/@jsonjoy.com/buffers/-/buffers-17.67.0.tgz 0ms (cache hit)
871 http cache @jridgewell/trace-mapping@https://registry.npmjs.org/@jridgewell/trace-mapping/-/trace-mapping-0.3.31.tgz 0ms (cache hit)
872 http cache @jridgewell/resolve-uri@https://registry.npmjs.org/@jridgewell/resolve-uri/-/resolve-uri-3.1.2.tgz 0ms (cache hit)
873 http cache @jridgewell/sourcemap-codec@https://registry.npmjs.org/@jridgewell/sourcemap-codec/-/sourcemap-codec-1.5.5.tgz 0ms (cache hit)
874 http cache @jridgewell/source-map@https://registry.npmjs.org/@jridgewell/source-map/-/source-map-0.3.11.tgz 0ms (cache hit)
875 http cache @jest/types@https://registry.npmjs.org/@jest/types/-/types-29.6.3.tgz 0ms (cache hit)
876 http cache @jridgewell/remapping@https://registry.npmjs.org/@jridgewell/remapping/-/remapping-2.3.5.tgz 0ms (cache hit)
877 http cache @jsonjoy.com/base64@https://registry.npmjs.org/@jsonjoy.com/base64/-/base64-1.1.2.tgz 0ms (cache hit)
878 http cache @jest/schemas@https://registry.npmjs.org/@jest/schemas/-/schemas-29.6.3.tgz 0ms (cache hit)
879 http cache @jridgewell/gen-mapping@https://registry.npmjs.org/@jridgewell/gen-mapping/-/gen-mapping-0.3.13.tgz 0ms (cache hit)
880 http cache @docusaurus/utils-common@https://registry.npmjs.org/@docusaurus/utils-common/-/utils-common-3.10.2.tgz 0ms (cache hit)
881 http cache @hapi/hoek@https://registry.npmjs.org/@hapi/hoek/-/hoek-9.3.0.tgz 0ms (cache hit)
882 http cache @docusaurus/utils@https://registry.npmjs.org/@docusaurus/utils/-/utils-3.10.2.tgz 0ms (cache hit)
883 http cache @docusaurus/theme-translations@https://registry.npmjs.org/@docusaurus/theme-translations/-/theme-translations-3.10.2.tgz 0ms (cache hit)
884 http cache @hapi/topo@https://registry.npmjs.org/@hapi/topo/-/topo-5.1.0.tgz 0ms (cache hit)
885 http cache @docusaurus/utils-validation@https://registry.npmjs.org/@docusaurus/utils-validation/-/utils-validation-3.10.2.tgz 0ms (cache hit)
886 http cache @docusaurus/theme-search-algolia@https://registry.npmjs.org/@docusaurus/theme-search-algolia/-/theme-search-algolia-3.10.2.tgz 0ms (cache hit)
887 http cache @docusaurus/theme-common@https://registry.npmjs.org/@docusaurus/theme-common/-/theme-common-3.10.2.tgz 0ms (cache hit)
888 http cache @docusaurus/theme-classic@https://registry.npmjs.org/@docusaurus/theme-classic/-/theme-classic-3.10.2.tgz 0ms (cache hit)
889 http cache @docusaurus/types@https://registry.npmjs.org/@docusaurus/types/-/types-3.10.2.tgz 0ms (cache hit)
890 http cache @docusaurus/plugin-svgr@https://registry.npmjs.org/@docusaurus/plugin-svgr/-/plugin-svgr-3.10.2.tgz 0ms (cache hit)
891 http cache @docusaurus/preset-classic@https://registry.npmjs.org/@docusaurus/preset-classic/-/preset-classic-3.10.2.tgz 0ms (cache hit)
892 http cache @docusaurus/plugin-google-analytics@https://registry.npmjs.org/@docusaurus/plugin-google-analytics/-/plugin-google-analytics-3.10.2.tgz 0ms (cache hit)
893 http cache @docusaurus/plugin-sitemap@https://registry.npmjs.org/@docusaurus/plugin-sitemap/-/plugin-sitemap-3.10.2.tgz 0ms (cache hit)
894 http cache @docusaurus/plugin-google-tag-manager@https://registry.npmjs.org/@docusaurus/plugin-google-tag-manager/-/plugin-google-tag-manager-3.10.2.tgz 0ms (cache hit)
895 http cache @docusaurus/plugin-content-docs@https://registry.npmjs.org/@docusaurus/plugin-content-docs/-/plugin-content-docs-3.10.2.tgz 0ms (cache hit)
896 http cache @docusaurus/plugin-google-gtag@https://registry.npmjs.org/@docusaurus/plugin-google-gtag/-/plugin-google-gtag-3.10.2.tgz 0ms (cache hit)
897 http cache @docusaurus/plugin-content-pages@https://registry.npmjs.org/@docusaurus/plugin-content-pages/-/plugin-content-pages-3.10.2.tgz 0ms (cache hit)
898 http cache @docusaurus/plugin-content-blog@https://registry.npmjs.org/@docusaurus/plugin-content-blog/-/plugin-content-blog-3.10.2.tgz 0ms (cache hit)
899 http cache @docusaurus/module-type-aliases@https://registry.npmjs.org/@docusaurus/module-type-aliases/-/module-type-aliases-3.10.2.tgz 0ms (cache hit)
900 http cache @docusaurus/plugin-debug@https://registry.npmjs.org/@docusaurus/plugin-debug/-/plugin-debug-3.10.2.tgz 0ms (cache hit)
901 http cache @docusaurus/cssnano-preset@https://registry.npmjs.org/@docusaurus/cssnano-preset/-/cssnano-preset-3.10.2.tgz 0ms (cache hit)
902 http cache @docusaurus/logger@https://registry.npmjs.org/@docusaurus/logger/-/logger-3.10.2.tgz 0ms (cache hit)
903 http cache @docusaurus/plugin-css-cascade-layers@https://registry.npmjs.org/@docusaurus/plugin-css-cascade-layers/-/plugin-css-cascade-layers-3.10.2.tgz 0ms (cache hit)
904 http cache @docusaurus/core@https://registry.npmjs.org/@docusaurus/core/-/core-3.10.2.tgz 0ms (cache hit)
905 http cache @docusaurus/bundler@https://registry.npmjs.org/@docusaurus/bundler/-/bundler-3.10.2.tgz 0ms (cache hit)
906 http cache @docusaurus/babel@https://registry.npmjs.org/@docusaurus/babel/-/babel-3.10.2.tgz 0ms (cache hit)
907 http cache @docsearch/react@https://registry.npmjs.org/@docsearch/react/-/react-4.7.0.tgz 0ms (cache hit)
908 http cache @docsearch/css@https://registry.npmjs.org/@docsearch/css/-/css-4.7.0.tgz 0ms (cache hit)
909 http cache @docsearch/core@https://registry.npmjs.org/@docsearch/core/-/core-4.7.0.tgz 0ms (cache hit)
910 http cache @csstools/utilities@https://registry.npmjs.org/@csstools/utilities/-/utilities-2.0.0.tgz 0ms (cache hit)
911 http cache @csstools/selector-specificity@https://registry.npmjs.org/@csstools/selector-specificity/-/selector-specificity-5.0.0.tgz 0ms (cache hit)
912 http cache @csstools/selector-resolve-nested@https://registry.npmjs.org/@csstools/selector-resolve-nested/-/selector-resolve-nested-3.1.0.tgz 0ms (cache hit)
913 http cache @csstools/postcss-unset-value@https://registry.npmjs.org/@csstools/postcss-unset-value/-/postcss-unset-value-4.0.0.tgz 0ms (cache hit)
914 http cache @csstools/postcss-trigonometric-functions@https://registry.npmjs.org/@csstools/postcss-trigonometric-functions/-/postcss-trigonometric-functions-4.0.9.tgz 0ms (cache hit)
915 http cache @discoveryjs/json-ext@https://registry.npmjs.org/@discoveryjs/json-ext/-/json-ext-0.5.7.tgz 0ms (cache hit)
916 http cache @csstools/postcss-system-ui-font-family@https://registry.npmjs.org/@csstools/postcss-system-ui-font-family/-/postcss-system-ui-font-family-1.0.0.tgz 0ms (cache hit)
917 http cache @csstools/postcss-stepped-value-functions@https://registry.npmjs.org/@csstools/postcss-stepped-value-functions/-/postcss-stepped-value-functions-4.0.9.tgz 0ms (cache hit)
918 http cache @csstools/postcss-sign-functions@https://registry.npmjs.org/@csstools/postcss-sign-functions/-/postcss-sign-functions-1.1.4.tgz 0ms (cache hit)
919 http cache @docusaurus/mdx-loader@https://registry.npmjs.org/@docusaurus/mdx-loader/-/mdx-loader-3.10.2.tgz 0ms (cache hit)
920 http cache @csstools/postcss-scope-pseudo-class@https://registry.npmjs.org/@csstools/postcss-scope-pseudo-class/-/postcss-scope-pseudo-class-4.0.1.tgz 0ms (cache hit)
921 http cache @csstools/postcss-relative-color-syntax@https://registry.npmjs.org/@csstools/postcss-relative-color-syntax/-/postcss-relative-color-syntax-3.0.12.tgz 0ms (cache hit)
922 http cache @csstools/postcss-property-rule-prelude-list@https://registry.npmjs.org/@csstools/postcss-property-rule-prelude-list/-/postcss-property-rule-prelude-list-1.0.0.tgz 0ms (cache hit)
923 http cache @csstools/postcss-random-function@https://registry.npmjs.org/@csstools/postcss-random-function/-/postcss-random-function-2.0.1.tgz 0ms (cache hit)
924 http cache @csstools/postcss-syntax-descriptor-syntax-production@https://registry.npmjs.org/@csstools/postcss-syntax-descriptor-syntax-production/-/postcss-syntax-descriptor-syntax-production-1.0.1.tgz 0ms (cache hit)
925 http cache @csstools/postcss-position-area-property@https://registry.npmjs.org/@csstools/postcss-position-area-property/-/postcss-position-area-property-1.0.0.tgz 0ms (cache hit)
926 http cache @csstools/postcss-text-decoration-shorthand@https://registry.npmjs.org/@csstools/postcss-text-decoration-shorthand/-/postcss-text-decoration-shorthand-4.0.3.tgz 0ms (cache hit)
927 http cache @csstools/postcss-media-queries-aspect-ratio-number-values@https://registry.npmjs.org/@csstools/postcss-media-queries-aspect-ratio-number-values/-/postcss-media-queries-aspect-ratio-number-values-3.0.5.tgz 0ms (cache hit)
928 http cache @csstools/postcss-nested-calc@https://registry.npmjs.org/@csstools/postcss-nested-calc/-/postcss-nested-calc-4.0.0.tgz 0ms (cache hit)
929 http cache @csstools/postcss-media-minmax@https://registry.npmjs.org/@csstools/postcss-media-minmax/-/postcss-media-minmax-2.0.9.tgz 0ms (cache hit)
930 http cache @csstools/postcss-progressive-custom-properties@https://registry.npmjs.org/@csstools/postcss-progressive-custom-properties/-/postcss-progressive-custom-properties-4.2.1.tgz 0ms (cache hit)
931 http cache @csstools/postcss-normalize-display-values@https://registry.npmjs.org/@csstools/postcss-normalize-display-values/-/postcss-normalize-display-values-4.0.1.tgz 0ms (cache hit)
932 http cache @csstools/postcss-logical-viewport-units@https://registry.npmjs.org/@csstools/postcss-logical-viewport-units/-/postcss-logical-viewport-units-3.0.4.tgz 0ms (cache hit)
933 http cache @csstools/postcss-logical-resize@https://registry.npmjs.org/@csstools/postcss-logical-resize/-/postcss-logical-resize-3.0.0.tgz 0ms (cache hit)
934 http cache @csstools/postcss-logical-float-and-clear@https://registry.npmjs.org/@csstools/postcss-logical-float-and-clear/-/postcss-logical-float-and-clear-3.0.0.tgz 0ms (cache hit)
935 http cache @csstools/postcss-oklab-function@https://registry.npmjs.org/@csstools/postcss-oklab-function/-/postcss-oklab-function-4.0.12.tgz 0ms (cache hit)
936 http cache @csstools/postcss-logical-overflow@https://registry.npmjs.org/@csstools/postcss-logical-overflow/-/postcss-logical-overflow-2.0.0.tgz 0ms (cache hit)
937 http cache @csstools/postcss-logical-overscroll-behavior@https://registry.npmjs.org/@csstools/postcss-logical-overscroll-behavior/-/postcss-logical-overscroll-behavior-2.0.0.tgz 0ms (cache hit)
938 http cache @csstools/postcss-light-dark-function@https://registry.npmjs.org/@csstools/postcss-light-dark-function/-/postcss-light-dark-function-2.0.11.tgz 0ms (cache hit)
939 http cache @csstools/postcss-is-pseudo-class@https://registry.npmjs.org/@csstools/postcss-is-pseudo-class/-/postcss-is-pseudo-class-5.0.3.tgz 0ms (cache hit)
940 http cache @csstools/postcss-gradients-interpolation-method@https://registry.npmjs.org/@csstools/postcss-gradients-interpolation-method/-/postcss-gradients-interpolation-method-5.0.12.tgz 0ms (cache hit)
941 http cache @csstools/postcss-initial@https://registry.npmjs.org/@csstools/postcss-initial/-/postcss-initial-2.0.1.tgz 0ms (cache hit)
942 http cache @csstools/postcss-ic-unit@https://registry.npmjs.org/@csstools/postcss-ic-unit/-/postcss-ic-unit-4.0.4.tgz 0ms (cache hit)
943 http cache @csstools/postcss-hwb-function@https://registry.npmjs.org/@csstools/postcss-hwb-function/-/postcss-hwb-function-4.0.12.tgz 0ms (cache hit)
944 http cache @csstools/postcss-font-format-keywords@https://registry.npmjs.org/@csstools/postcss-font-format-keywords/-/postcss-font-format-keywords-4.0.0.tgz 0ms (cache hit)
945 http cache @csstools/postcss-gamut-mapping@https://registry.npmjs.org/@csstools/postcss-gamut-mapping/-/postcss-gamut-mapping-2.0.11.tgz 0ms (cache hit)
946 http cache @csstools/postcss-contrast-color-function@https://registry.npmjs.org/@csstools/postcss-contrast-color-function/-/postcss-contrast-color-function-2.0.12.tgz 0ms (cache hit)
947 http cache @csstools/postcss-content-alt-text@https://registry.npmjs.org/@csstools/postcss-content-alt-text/-/postcss-content-alt-text-2.0.8.tgz 0ms (cache hit)
948 http cache @csstools/postcss-color-function-display-p3-linear@https://registry.npmjs.org/@csstools/postcss-color-function-display-p3-linear/-/postcss-color-function-display-p3-linear-1.0.1.tgz 0ms (cache hit)
949 http cache @csstools/postcss-color-mix-variadic-function-arguments@https://registry.npmjs.org/@csstools/postcss-color-mix-variadic-function-arguments/-/postcss-color-mix-variadic-function-arguments-1.0.2.tgz 0ms (cache hit)
950 http cache @csstools/postcss-color-mix-function@https://registry.npmjs.org/@csstools/postcss-color-mix-function/-/postcss-color-mix-function-3.0.12.tgz 0ms (cache hit)
951 http cache @csstools/postcss-cascade-layers@https://registry.npmjs.org/@csstools/postcss-cascade-layers/-/postcss-cascade-layers-5.0.2.tgz 0ms (cache hit)
952 http cache @csstools/postcss-color-function@https://registry.npmjs.org/@csstools/postcss-color-function/-/postcss-color-function-4.0.12.tgz 0ms (cache hit)
953 http cache @csstools/media-query-list-parser@https://registry.npmjs.org/@csstools/media-query-list-parser/-/media-query-list-parser-4.0.3.tgz 0ms (cache hit)
954 http cache @csstools/postcss-exponential-functions@https://registry.npmjs.org/@csstools/postcss-exponential-functions/-/postcss-exponential-functions-2.0.9.tgz 0ms (cache hit)
955 http cache @csstools/postcss-alpha-function@https://registry.npmjs.org/@csstools/postcss-alpha-function/-/postcss-alpha-function-1.0.1.tgz 0ms (cache hit)
956 http cache @csstools/css-tokenizer@https://registry.npmjs.org/@csstools/css-tokenizer/-/css-tokenizer-3.0.4.tgz 0ms (cache hit)
957 http cache @csstools/css-calc@https://registry.npmjs.org/@csstools/css-calc/-/css-calc-2.1.4.tgz 0ms (cache hit)
958 http cache @csstools/css-parser-algorithms@https://registry.npmjs.org/@csstools/css-parser-algorithms/-/css-parser-algorithms-3.0.5.tgz 0ms (cache hit)
959 http cache @csstools/color-helpers@https://registry.npmjs.org/@csstools/color-helpers/-/color-helpers-5.1.0.tgz 0ms (cache hit)
960 http cache @csstools/cascade-layer-name-parser@https://registry.npmjs.org/@csstools/cascade-layer-name-parser/-/cascade-layer-name-parser-2.0.5.tgz 0ms (cache hit)
961 http cache @babel/traverse@https://registry.npmjs.org/@babel/traverse/-/traverse-7.29.8.tgz 0ms (cache hit)
962 http cache @csstools/css-color-parser@https://registry.npmjs.org/@csstools/css-color-parser/-/css-color-parser-3.1.0.tgz 0ms (cache hit)
963 http cache @babel/template@https://registry.npmjs.org/@babel/template/-/template-7.29.7.tgz 0ms (cache hit)
964 http cache @colors/colors@https://registry.npmjs.org/@colors/colors/-/colors-1.5.0.tgz 0ms (cache hit)
965 http cache @babel/runtime@https://registry.npmjs.org/@babel/runtime/-/runtime-7.29.7.tgz 0ms (cache hit)
966 http cache @babel/preset-react@https://registry.npmjs.org/@babel/preset-react/-/preset-react-7.29.7.tgz 0ms (cache hit)
967 http cache @babel/preset-env@https://registry.npmjs.org/@babel/preset-env/-/preset-env-7.29.7.tgz 0ms (cache hit)
968 http cache @babel/types@https://registry.npmjs.org/@babel/types/-/types-7.29.8.tgz 0ms (cache hit)
969 http cache @babel/preset-typescript@https://registry.npmjs.org/@babel/preset-typescript/-/preset-typescript-7.29.7.tgz 0ms (cache hit)
970 http cache @babel/plugin-transform-unicode-property-regex@https://registry.npmjs.org/@babel/plugin-transform-unicode-property-regex/-/plugin-transform-unicode-property-regex-7.29.7.tgz 0ms (cache hit)
971 http cache @babel/plugin-transform-unicode-regex@https://registry.npmjs.org/@babel/plugin-transform-unicode-regex/-/plugin-transform-unicode-regex-7.29.7.tgz 0ms (cache hit)
972 http cache @babel/preset-modules@https://registry.npmjs.org/@babel/preset-modules/-/preset-modules-0.1.6-no-external-plugins.tgz 0ms (cache hit)
973 http cache @babel/plugin-transform-unicode-sets-regex@https://registry.npmjs.org/@babel/plugin-transform-unicode-sets-regex/-/plugin-transform-unicode-sets-regex-7.29.7.tgz 0ms (cache hit)
974 http cache @babel/plugin-transform-unicode-escapes@https://registry.npmjs.org/@babel/plugin-transform-unicode-escapes/-/plugin-transform-unicode-escapes-7.29.7.tgz 0ms (cache hit)
975 http cache @babel/plugin-transform-template-literals@https://registry.npmjs.org/@babel/plugin-transform-template-literals/-/plugin-transform-template-literals-7.29.7.tgz 0ms (cache hit)
976 http cache @babel/plugin-transform-sticky-regex@https://registry.npmjs.org/@babel/plugin-transform-sticky-regex/-/plugin-transform-sticky-regex-7.29.7.tgz 0ms (cache hit)
977 http cache @babel/plugin-transform-typescript@https://registry.npmjs.org/@babel/plugin-transform-typescript/-/plugin-transform-typescript-7.29.7.tgz 0ms (cache hit)
978 http cache @babel/plugin-transform-spread@https://registry.npmjs.org/@babel/plugin-transform-spread/-/plugin-transform-spread-7.29.8.tgz 0ms (cache hit)
979 http cache @babel/plugin-transform-shorthand-properties@https://registry.npmjs.org/@babel/plugin-transform-shorthand-properties/-/plugin-transform-shorthand-properties-7.29.7.tgz 0ms (cache hit)
980 http cache @babel/plugin-transform-typeof-symbol@https://registry.npmjs.org/@babel/plugin-transform-typeof-symbol/-/plugin-transform-typeof-symbol-7.29.7.tgz 0ms (cache hit)
981 http cache @babel/plugin-transform-regenerator@https://registry.npmjs.org/@babel/plugin-transform-regenerator/-/plugin-transform-regenerator-7.29.8.tgz 0ms (cache hit)
982 http cache @babel/plugin-transform-reserved-words@https://registry.npmjs.org/@babel/plugin-transform-reserved-words/-/plugin-transform-reserved-words-7.29.7.tgz 0ms (cache hit)
983 http cache @babel/plugin-transform-react-pure-annotations@https://registry.npmjs.org/@babel/plugin-transform-react-pure-annotations/-/plugin-transform-react-pure-annotations-7.29.7.tgz 0ms (cache hit)
984 http cache @babel/plugin-transform-react-jsx@https://registry.npmjs.org/@babel/plugin-transform-react-jsx/-/plugin-transform-react-jsx-7.29.7.tgz 0ms (cache hit)
985 http cache @babel/plugin-transform-react-display-name@https://registry.npmjs.org/@babel/plugin-transform-react-display-name/-/plugin-transform-react-display-name-7.29.7.tgz 0ms (cache hit)
986 http cache @babel/plugin-transform-react-jsx-development@https://registry.npmjs.org/@babel/plugin-transform-react-jsx-development/-/plugin-transform-react-jsx-development-7.29.7.tgz 0ms (cache hit)
987 http cache @babel/plugin-transform-runtime@https://registry.npmjs.org/@babel/plugin-transform-runtime/-/plugin-transform-runtime-7.29.7.tgz 0ms (cache hit)
988 http cache @babel/plugin-transform-react-constant-elements@https://registry.npmjs.org/@babel/plugin-transform-react-constant-elements/-/plugin-transform-react-constant-elements-7.29.7.tgz 0ms (cache hit)
989 http cache @babel/plugin-transform-property-literals@https://registry.npmjs.org/@babel/plugin-transform-property-literals/-/plugin-transform-property-literals-7.29.7.tgz 0ms (cache hit)
990 http cache @babel/plugin-transform-private-property-in-object@https://registry.npmjs.org/@babel/plugin-transform-private-property-in-object/-/plugin-transform-private-property-in-object-7.29.7.tgz 0ms (cache hit)
991 http cache @babel/plugin-transform-private-methods@https://registry.npmjs.org/@babel/plugin-transform-private-methods/-/plugin-transform-private-methods-7.29.7.tgz 0ms (cache hit)
992 http cache @babel/plugin-transform-parameters@https://registry.npmjs.org/@babel/plugin-transform-parameters/-/plugin-transform-parameters-7.29.7.tgz 0ms (cache hit)
993 http cache @babel/plugin-transform-optional-chaining@https://registry.npmjs.org/@babel/plugin-transform-optional-chaining/-/plugin-transform-optional-chaining-7.29.7.tgz 0ms (cache hit)
994 http cache @babel/plugin-transform-regexp-modifiers@https://registry.npmjs.org/@babel/plugin-transform-regexp-modifiers/-/plugin-transform-regexp-modifiers-7.29.7.tgz 0ms (cache hit)
995 http cache @babel/plugin-transform-object-rest-spread@https://registry.npmjs.org/@babel/plugin-transform-object-rest-spread/-/plugin-transform-object-rest-spread-7.29.7.tgz 0ms (cache hit)
996 http cache @babel/plugin-transform-nullish-coalescing-operator@https://registry.npmjs.org/@babel/plugin-transform-nullish-coalescing-operator/-/plugin-transform-nullish-coalescing-operator-7.29.7.tgz 0ms (cache hit)
997 http cache @babel/plugin-transform-optional-catch-binding@https://registry.npmjs.org/@babel/plugin-transform-optional-catch-binding/-/plugin-transform-optional-catch-binding-7.29.7.tgz 0ms (cache hit)
998 http cache @babel/plugin-transform-named-capturing-groups-regex@https://registry.npmjs.org/@babel/plugin-transform-named-capturing-groups-regex/-/plugin-transform-named-capturing-groups-regex-7.29.7.tgz 0ms (cache hit)
999 http cache @babel/plugin-transform-numeric-separator@https://registry.npmjs.org/@babel/plugin-transform-numeric-separator/-/plugin-transform-numeric-separator-7.29.7.tgz 0ms (cache hit)
1000 http cache @babel/plugin-transform-modules-umd@https://registry.npmjs.org/@babel/plugin-transform-modules-umd/-/plugin-transform-modules-umd-7.29.7.tgz 0ms (cache hit)
1001 http cache @babel/plugin-transform-new-target@https://registry.npmjs.org/@babel/plugin-transform-new-target/-/plugin-transform-new-target-7.29.7.tgz 0ms (cache hit)
1002 http cache @babel/plugin-transform-modules-amd@https://registry.npmjs.org/@babel/plugin-transform-modules-amd/-/plugin-transform-modules-amd-7.29.7.tgz 0ms (cache hit)
1003 http cache @babel/plugin-transform-modules-commonjs@https://registry.npmjs.org/@babel/plugin-transform-modules-commonjs/-/plugin-transform-modules-commonjs-7.29.7.tgz 0ms (cache hit)
1004 http cache @babel/plugin-transform-member-expression-literals@https://registry.npmjs.org/@babel/plugin-transform-member-expression-literals/-/plugin-transform-member-expression-literals-7.29.7.tgz 0ms (cache hit)
1005 http cache @babel/plugin-transform-modules-systemjs@https://registry.npmjs.org/@babel/plugin-transform-modules-systemjs/-/plugin-transform-modules-systemjs-7.29.8.tgz 0ms (cache hit)
1006 http cache @babel/plugin-transform-logical-assignment-operators@https://registry.npmjs.org/@babel/plugin-transform-logical-assignment-operators/-/plugin-transform-logical-assignment-operators-7.29.7.tgz 0ms (cache hit)
1007 http cache @babel/plugin-transform-object-super@https://registry.npmjs.org/@babel/plugin-transform-object-super/-/plugin-transform-object-super-7.29.7.tgz 0ms (cache hit)
1008 http cache @babel/plugin-transform-json-strings@https://registry.npmjs.org/@babel/plugin-transform-json-strings/-/plugin-transform-json-strings-7.29.7.tgz 0ms (cache hit)
1009 http cache @babel/plugin-transform-literals@https://registry.npmjs.org/@babel/plugin-transform-literals/-/plugin-transform-literals-7.29.7.tgz 0ms (cache hit)
1010 http cache @babel/plugin-transform-function-name@https://registry.npmjs.org/@babel/plugin-transform-function-name/-/plugin-transform-function-name-7.29.7.tgz 0ms (cache hit)
1011 http cache @babel/plugin-transform-for-of@https://registry.npmjs.org/@babel/plugin-transform-for-of/-/plugin-transform-for-of-7.29.7.tgz 0ms (cache hit)
1012 http cache @babel/plugin-transform-export-namespace-from@https://registry.npmjs.org/@babel/plugin-transform-export-namespace-from/-/plugin-transform-export-namespace-from-7.29.7.tgz 0ms (cache hit)
1013 http cache @babel/plugin-transform-explicit-resource-management@https://registry.npmjs.org/@babel/plugin-transform-explicit-resource-management/-/plugin-transform-explicit-resource-management-7.29.7.tgz 0ms (cache hit)
1014 http cache @babel/plugin-transform-duplicate-named-capturing-groups-regex@https://registry.npmjs.org/@babel/plugin-transform-duplicate-named-capturing-groups-regex/-/plugin-transform-duplicate-named-capturing-groups-regex-7.29.7.tgz 0ms (cache hit)
1015 http cache @babel/plugin-transform-exponentiation-operator@https://registry.npmjs.org/@babel/plugin-transform-exponentiation-operator/-/plugin-transform-exponentiation-operator-7.29.7.tgz 0ms (cache hit)
1016 http cache @babel/plugin-transform-dotall-regex@https://registry.npmjs.org/@babel/plugin-transform-dotall-regex/-/plugin-transform-dotall-regex-7.29.7.tgz 0ms (cache hit)
1017 http cache @babel/plugin-transform-duplicate-keys@https://registry.npmjs.org/@babel/plugin-transform-duplicate-keys/-/plugin-transform-duplicate-keys-7.29.7.tgz 0ms (cache hit)
1018 http cache @babel/plugin-transform-computed-properties@https://registry.npmjs.org/@babel/plugin-transform-computed-properties/-/plugin-transform-computed-properties-7.29.7.tgz 0ms (cache hit)
1019 http cache @babel/plugin-transform-class-static-block@https://registry.npmjs.org/@babel/plugin-transform-class-static-block/-/plugin-transform-class-static-block-7.29.7.tgz 0ms (cache hit)
1020 http cache @babel/plugin-transform-classes@https://registry.npmjs.org/@babel/plugin-transform-classes/-/plugin-transform-classes-7.29.7.tgz 0ms (cache hit)
1021 http cache @babel/plugin-transform-destructuring@https://registry.npmjs.org/@babel/plugin-transform-destructuring/-/plugin-transform-destructuring-7.29.7.tgz 0ms (cache hit)
1022 http cache @babel/plugin-transform-class-properties@https://registry.npmjs.org/@babel/plugin-transform-class-properties/-/plugin-transform-class-properties-7.29.7.tgz 0ms (cache hit)
1023 http cache @babel/plugin-transform-block-scoping@https://registry.npmjs.org/@babel/plugin-transform-block-scoping/-/plugin-transform-block-scoping-7.29.7.tgz 0ms (cache hit)
1024 http cache @babel/plugin-transform-async-to-generator@https://registry.npmjs.org/@babel/plugin-transform-async-to-generator/-/plugin-transform-async-to-generator-7.29.7.tgz 0ms (cache hit)
1025 http cache @babel/plugin-transform-dynamic-import@https://registry.npmjs.org/@babel/plugin-transform-dynamic-import/-/plugin-transform-dynamic-import-7.29.7.tgz 0ms (cache hit)
1026 http cache @babel/plugin-transform-async-generator-functions@https://registry.npmjs.org/@babel/plugin-transform-async-generator-functions/-/plugin-transform-async-generator-functions-7.29.7.tgz 0ms (cache hit)
1027 http cache @babel/plugin-transform-block-scoped-functions@https://registry.npmjs.org/@babel/plugin-transform-block-scoped-functions/-/plugin-transform-block-scoped-functions-7.29.7.tgz 0ms (cache hit)
1028 http cache @babel/plugin-transform-arrow-functions@https://registry.npmjs.org/@babel/plugin-transform-arrow-functions/-/plugin-transform-arrow-functions-7.29.7.tgz 0ms (cache hit)
1029 http cache @babel/plugin-syntax-typescript@https://registry.npmjs.org/@babel/plugin-syntax-typescript/-/plugin-syntax-typescript-7.29.7.tgz 0ms (cache hit)
1030 http cache @babel/plugin-syntax-jsx@https://registry.npmjs.org/@babel/plugin-syntax-jsx/-/plugin-syntax-jsx-7.29.7.tgz 0ms (cache hit)
1031 http cache @babel/plugin-syntax-import-assertions@https://registry.npmjs.org/@babel/plugin-syntax-import-assertions/-/plugin-syntax-import-assertions-7.29.7.tgz 0ms (cache hit)
1032 http cache @babel/plugin-syntax-import-attributes@https://registry.npmjs.org/@babel/plugin-syntax-import-attributes/-/plugin-syntax-import-attributes-7.29.7.tgz 0ms (cache hit)
1033 http cache @babel/plugin-syntax-dynamic-import@https://registry.npmjs.org/@babel/plugin-syntax-dynamic-import/-/plugin-syntax-dynamic-import-7.8.3.tgz 0ms (cache hit)
1034 http cache @babel/plugin-bugfix-v8-spread-parameters-in-optional-chaining@https://registry.npmjs.org/@babel/plugin-bugfix-v8-spread-parameters-in-optional-chaining/-/plugin-bugfix-v8-spread-parameters-in-optional-chaining-7.29.7.tgz 0ms (cache hit)
1035 http cache @babel/plugin-syntax-unicode-sets-regex@https://registry.npmjs.org/@babel/plugin-syntax-unicode-sets-regex/-/plugin-syntax-unicode-sets-regex-7.18.6.tgz 0ms (cache hit)
1036 http cache @babel/plugin-proposal-private-property-in-object@https://registry.npmjs.org/@babel/plugin-proposal-private-property-in-object/-/plugin-proposal-private-property-in-object-7.21.0-placeholder-for-preset-env.2.tgz 0ms (cache hit)
1037 http cache @babel/plugin-bugfix-safari-rest-destructuring-rhs-array@https://registry.npmjs.org/@babel/plugin-bugfix-safari-rest-destructuring-rhs-array/-/plugin-bugfix-safari-rest-destructuring-rhs-array-7.29.7.tgz 0ms (cache hit)
1038 http cache @babel/plugin-bugfix-v8-static-class-fields-redefine-readonly@https://registry.npmjs.org/@babel/plugin-bugfix-v8-static-class-fields-redefine-readonly/-/plugin-bugfix-v8-static-class-fields-redefine-readonly-7.29.7.tgz 0ms (cache hit)
1039 http cache @babel/parser@https://registry.npmjs.org/@babel/parser/-/parser-7.29.8.tgz 0ms (cache hit)
1040 http cache @babel/plugin-bugfix-safari-class-field-initializer-scope@https://registry.npmjs.org/@babel/plugin-bugfix-safari-class-field-initializer-scope/-/plugin-bugfix-safari-class-field-initializer-scope-7.29.7.tgz 0ms (cache hit)
1041 http cache @babel/plugin-bugfix-firefox-class-in-computed-class-key@https://registry.npmjs.org/@babel/plugin-bugfix-firefox-class-in-computed-class-key/-/plugin-bugfix-firefox-class-in-computed-class-key-7.29.7.tgz 0ms (cache hit)
1042 http cache @babel/helpers@https://registry.npmjs.org/@babel/helpers/-/helpers-7.29.7.tgz 0ms (cache hit)
1043 http cache @babel/plugin-bugfix-safari-id-destructuring-collision-in-function-expression@https://registry.npmjs.org/@babel/plugin-bugfix-safari-id-destructuring-collision-in-function-expression/-/plugin-bugfix-safari-id-destructuring-collision-in-function-expression-7.29.7.tgz 0ms (cache hit)
1044 http cache @babel/helper-validator-option@https://registry.npmjs.org/@babel/helper-validator-option/-/helper-validator-option-7.29.7.tgz 0ms (cache hit)
1045 http cache @babel/helper-wrap-function@https://registry.npmjs.org/@babel/helper-wrap-function/-/helper-wrap-function-7.29.7.tgz 0ms (cache hit)
1046 http cache @babel/helper-validator-identifier@https://registry.npmjs.org/@babel/helper-validator-identifier/-/helper-validator-identifier-7.29.7.tgz 0ms (cache hit)
1047 http cache @babel/helper-string-parser@https://registry.npmjs.org/@babel/helper-string-parser/-/helper-string-parser-7.29.7.tgz 0ms (cache hit)
1048 http cache @babel/helper-plugin-utils@https://registry.npmjs.org/@babel/helper-plugin-utils/-/helper-plugin-utils-7.29.7.tgz 0ms (cache hit)
1049 http cache @babel/helper-skip-transparent-expression-wrappers@https://registry.npmjs.org/@babel/helper-skip-transparent-expression-wrappers/-/helper-skip-transparent-expression-wrappers-7.29.7.tgz 0ms (cache hit)
1050 http cache @babel/helper-optimise-call-expression@https://registry.npmjs.org/@babel/helper-optimise-call-expression/-/helper-optimise-call-expression-7.29.7.tgz 0ms (cache hit)
1051 http cache @babel/helper-remap-async-to-generator@https://registry.npmjs.org/@babel/helper-remap-async-to-generator/-/helper-remap-async-to-generator-7.29.7.tgz 0ms (cache hit)
1052 http cache @babel/helper-module-transforms@https://registry.npmjs.org/@babel/helper-module-transforms/-/helper-module-transforms-7.29.7.tgz 0ms (cache hit)
1053 http cache @babel/helper-member-expression-to-functions@https://registry.npmjs.org/@babel/helper-member-expression-to-functions/-/helper-member-expression-to-functions-7.29.7.tgz 0ms (cache hit)
1054 http cache @babel/helper-replace-supers@https://registry.npmjs.org/@babel/helper-replace-supers/-/helper-replace-supers-7.29.7.tgz 0ms (cache hit)
1055 http cache @babel/helper-create-class-features-plugin@https://registry.npmjs.org/@babel/helper-create-class-features-plugin/-/helper-create-class-features-plugin-7.29.7.tgz 0ms (cache hit)
1056 http cache @babel/helper-globals@https://registry.npmjs.org/@babel/helper-globals/-/helper-globals-7.29.7.tgz 0ms (cache hit)
1057 http cache @babel/helper-create-regexp-features-plugin@https://registry.npmjs.org/@babel/helper-create-regexp-features-plugin/-/helper-create-regexp-features-plugin-7.29.7.tgz 0ms (cache hit)
1058 http cache @babel/helper-annotate-as-pure@https://registry.npmjs.org/@babel/helper-annotate-as-pure/-/helper-annotate-as-pure-7.29.7.tgz 0ms (cache hit)
1059 http cache @babel/helper-module-imports@https://registry.npmjs.org/@babel/helper-module-imports/-/helper-module-imports-7.29.7.tgz 0ms (cache hit)
1060 http cache @babel/generator@https://registry.npmjs.org/@babel/generator/-/generator-7.29.8.tgz 0ms (cache hit)
1061 http cache @babel/helper-define-polyfill-provider@https://registry.npmjs.org/@babel/helper-define-polyfill-provider/-/helper-define-polyfill-provider-0.6.8.tgz 0ms (cache hit)
1062 http cache @babel/helper-compilation-targets@https://registry.npmjs.org/@babel/helper-compilation-targets/-/helper-compilation-targets-7.29.7.tgz 0ms (cache hit)
1063 http cache @babel/compat-data@https://registry.npmjs.org/@babel/compat-data/-/compat-data-7.29.7.tgz 0ms (cache hit)
1064 http cache @babel/code-frame@https://registry.npmjs.org/@babel/code-frame/-/code-frame-7.29.7.tgz 0ms (cache hit)
1065 http cache @babel/core@https://registry.npmjs.org/@babel/core/-/core-7.29.7.tgz 0ms (cache hit)
1066 http cache @algolia/requester-node-http@https://registry.npmjs.org/@algolia/requester-node-http/-/requester-node-http-5.56.0.tgz 0ms (cache hit)
1067 http cache @algolia/requester-fetch@https://registry.npmjs.org/@algolia/requester-fetch/-/requester-fetch-5.56.0.tgz 0ms (cache hit)
1068 http cache @algolia/monitoring@https://registry.npmjs.org/@algolia/monitoring/-/monitoring-1.56.0.tgz 0ms (cache hit)
1069 http cache @algolia/requester-browser-xhr@https://registry.npmjs.org/@algolia/requester-browser-xhr/-/requester-browser-xhr-5.56.0.tgz 0ms (cache hit)
1070 http cache @algolia/ingestion@https://registry.npmjs.org/@algolia/ingestion/-/ingestion-1.56.0.tgz 0ms (cache hit)
1071 http cache @algolia/recommend@https://registry.npmjs.org/@algolia/recommend/-/recommend-5.56.0.tgz 0ms (cache hit)
1072 http cache @algolia/client-query-suggestions@https://registry.npmjs.org/@algolia/client-query-suggestions/-/client-query-suggestions-5.56.0.tgz 0ms (cache hit)
1073 http cache @algolia/client-search@https://registry.npmjs.org/@algolia/client-search/-/client-search-5.56.0.tgz 0ms (cache hit)
1074 http cache @algolia/client-personalization@https://registry.npmjs.org/@algolia/client-personalization/-/client-personalization-5.56.0.tgz 0ms (cache hit)
1075 http cache @algolia/events@https://registry.npmjs.org/@algolia/events/-/events-4.0.1.tgz 0ms (cache hit)
1076 http cache @algolia/client-common@https://registry.npmjs.org/@algolia/client-common/-/client-common-5.56.0.tgz 0ms (cache hit)
1077 http cache @algolia/client-analytics@https://registry.npmjs.org/@algolia/client-analytics/-/client-analytics-5.56.0.tgz 0ms (cache hit)
1078 http cache @algolia/autocomplete-shared@https://registry.npmjs.org/@algolia/autocomplete-shared/-/autocomplete-shared-1.19.9.tgz 0ms (cache hit)
1079 http cache @algolia/autocomplete-plugin-algolia-insights@https://registry.npmjs.org/@algolia/autocomplete-plugin-algolia-insights/-/autocomplete-plugin-algolia-insights-1.19.9.tgz 0ms (cache hit)
1080 http cache @algolia/client-abtesting@https://registry.npmjs.org/@algolia/client-abtesting/-/client-abtesting-5.56.0.tgz 0ms (cache hit)
1081 http cache @algolia/autocomplete-core@https://registry.npmjs.org/@algolia/autocomplete-core/-/autocomplete-core-1.19.9.tgz 0ms (cache hit)
1082 http cache @11ty/gray-matter@https://registry.npmjs.org/@11ty/gray-matter/-/gray-matter-1.0.0.tgz 0ms (cache hit)
1083 http cache @algolia/abtesting@https://registry.npmjs.org/@algolia/abtesting/-/abtesting-1.22.0.tgz 0ms (cache hit)
1084 http cache is-wsl@https://registry.npmjs.org/is-wsl/-/is-wsl-3.1.1.tgz 0ms (cache hit)
1085 http cache ansi-styles@https://registry.npmjs.org/ansi-styles/-/ansi-styles-6.2.3.tgz 0ms (cache hit)
1086 http cache @algolia/client-insights@https://registry.npmjs.org/@algolia/client-insights/-/client-insights-5.56.0.tgz 0ms (cache hit)
1087 http cache strip-ansi@https://registry.npmjs.org/strip-ansi/-/strip-ansi-7.2.0.tgz 0ms (cache hit)
1088 http cache open@https://registry.npmjs.org/open/-/open-10.2.0.tgz 0ms (cache hit)
1089 http cache ws@https://registry.npmjs.org/ws/-/ws-8.21.3.tgz 0ms (cache hit)
1090 http cache define-lazy-prop@https://registry.npmjs.org/define-lazy-prop/-/define-lazy-prop-3.0.0.tgz 0ms (cache hit)
1091 http cache mime-types@https://registry.npmjs.org/mime-types/-/mime-types-3.0.2.tgz 0ms (cache hit)
1092 http cache mime-db@https://registry.npmjs.org/mime-db/-/mime-db-1.54.0.tgz 0ms (cache hit)
1093 http cache ansi-regex@https://registry.npmjs.org/ansi-regex/-/ansi-regex-6.2.2.tgz 0ms (cache hit)
1094 http cache commander@https://registry.npmjs.org/commander/-/commander-7.2.0.tgz 0ms (cache hit)
1095 http cache range-parser@https://registry.npmjs.org/range-parser/-/range-parser-1.3.0.tgz 0ms (cache hit)
1096 http cache mime-db@https://registry.npmjs.org/mime-db/-/mime-db-1.54.0.tgz 0ms (cache hit)
1097 http cache schema-utils@https://registry.npmjs.org/schema-utils/-/schema-utils-3.3.0.tgz 0ms (cache hit)
1098 http cache json-schema-traverse@https://registry.npmjs.org/json-schema-traverse/-/json-schema-traverse-0.4.1.tgz 0ms (cache hit)
1099 http cache mime-types@https://registry.npmjs.org/mime-types/-/mime-types-2.1.35.tgz 0ms (cache hit)
1100 http cache mime-db@https://registry.npmjs.org/mime-db/-/mime-db-1.52.0.tgz 0ms (cache hit)
1101 http cache ajv-keywords@https://registry.npmjs.org/ajv-keywords/-/ajv-keywords-3.5.2.tgz 0ms (cache hit)
1102 http cache ajv@https://registry.npmjs.org/ajv/-/ajv-6.15.0.tgz 0ms (cache hit)
1103 http cache camelcase@https://registry.npmjs.org/camelcase/-/camelcase-7.0.1.tgz 0ms (cache hit)
1104 http cache chalk@https://registry.npmjs.org/chalk/-/chalk-5.6.2.tgz 0ms (cache hit)
1105 http cache tslib@https://registry.npmjs.org/tslib/-/tslib-1.14.1.tgz 0ms (cache hit)
1106 http cache boxen@https://registry.npmjs.org/boxen/-/boxen-7.1.1.tgz 0ms (cache hit)
1107 http cache mime-db@https://registry.npmjs.org/mime-db/-/mime-db-1.52.0.tgz 0ms (cache hit)
1108 http cache mime-types@https://registry.npmjs.org/mime-types/-/mime-types-2.1.35.tgz 0ms (cache hit)
1109 http cache jest-worker@https://registry.npmjs.org/jest-worker/-/jest-worker-27.5.1.tgz 0ms (cache hit)
1110 http cache commander@https://registry.npmjs.org/commander/-/commander-7.2.0.tgz 0ms (cache hit)
1111 http cache strip-ansi@https://registry.npmjs.org/strip-ansi/-/strip-ansi-7.2.0.tgz 0ms (cache hit)
1112 http cache ansi-regex@https://registry.npmjs.org/ansi-regex/-/ansi-regex-6.2.2.tgz 0ms (cache hit)
1113 http cache @types/node@https://registry.npmjs.org/@types/node/-/node-17.0.45.tgz 0ms (cache hit)
1114 http cache source-map@https://registry.npmjs.org/source-map/-/source-map-0.6.1.tgz 0ms (cache hit)
1115 http cache commander@https://registry.npmjs.org/commander/-/commander-2.20.3.tgz 0ms (cache hit)
1116 http cache statuses@https://registry.npmjs.org/statuses/-/statuses-1.5.0.tgz 0ms (cache hit)
1117 http cache mime-db@https://registry.npmjs.org/mime-db/-/mime-db-1.52.0.tgz 0ms (cache hit)
1118 http cache ms@https://registry.npmjs.org/ms/-/ms-2.0.0.tgz 0ms (cache hit)
1119 http cache mime-types@https://registry.npmjs.org/mime-types/-/mime-types-2.1.35.tgz 0ms (cache hit)
1120 http cache depd@https://registry.npmjs.org/depd/-/depd-1.1.2.tgz 0ms (cache hit)
1121 http cache http-errors@https://registry.npmjs.org/http-errors/-/http-errors-1.8.1.tgz 0ms (cache hit)
1122 http cache debug@https://registry.npmjs.org/debug/-/debug-2.6.9.tgz 0ms (cache hit)
1123 http cache range-parser@https://registry.npmjs.org/range-parser/-/range-parser-1.2.1.tgz 0ms (cache hit)
1124 http cache debug@https://registry.npmjs.org/debug/-/debug-2.6.9.tgz 0ms (cache hit)
1125 http cache path-to-regexp@https://registry.npmjs.org/path-to-regexp/-/path-to-regexp-3.3.0.tgz 0ms (cache hit)
1126 http cache htmlparser2@https://registry.npmjs.org/htmlparser2/-/htmlparser2-6.1.0.tgz 0ms (cache hit)
1127 http cache domutils@https://registry.npmjs.org/domutils/-/domutils-2.8.0.tgz 0ms (cache hit)
1128 http cache supports-color@https://registry.npmjs.org/supports-color/-/supports-color-8.1.1.tgz 0ms (cache hit)
1129 http cache entities@https://registry.npmjs.org/entities/-/entities-2.2.0.tgz 0ms (cache hit)
1130 http cache ms@https://registry.npmjs.org/ms/-/ms-2.0.0.tgz 0ms (cache hit)
1131 http cache domhandler@https://registry.npmjs.org/domhandler/-/domhandler-4.3.1.tgz 0ms (cache hit)
1132 http cache css-select@https://registry.npmjs.org/css-select/-/css-select-4.3.0.tgz 0ms (cache hit)
1133 http cache dom-serializer@https://registry.npmjs.org/dom-serializer/-/dom-serializer-1.4.1.tgz 0ms (cache hit)
1134 http cache strip-json-comments@https://registry.npmjs.org/strip-json-comments/-/strip-json-comments-2.0.1.tgz 0ms (cache hit)
1135 http cache ini@https://registry.npmjs.org/ini/-/ini-1.3.8.tgz 0ms (cache hit)
1136 http cache bytes@https://registry.npmjs.org/bytes/-/bytes-3.1.2.tgz 0ms (cache hit)
1137 http cache ipaddr.js@https://registry.npmjs.org/ipaddr.js/-/ipaddr.js-1.9.1.tgz 0ms (cache hit)
1138 http cache postcss-selector-parser@https://registry.npmjs.org/postcss-selector-parser/-/postcss-selector-parser-7.1.5.tgz 0ms (cache hit)
1139 http cache postcss-selector-parser@https://registry.npmjs.org/postcss-selector-parser/-/postcss-selector-parser-7.1.5.tgz 0ms (cache hit)
1140 http cache postcss-selector-parser@https://registry.npmjs.org/postcss-selector-parser/-/postcss-selector-parser-7.1.5.tgz 0ms (cache hit)
1141 http cache postcss-selector-parser@https://registry.npmjs.org/postcss-selector-parser/-/postcss-selector-parser-7.1.5.tgz 0ms (cache hit)
1142 http cache postcss-selector-parser@https://registry.npmjs.org/postcss-selector-parser/-/postcss-selector-parser-7.1.5.tgz 0ms (cache hit)
1143 http cache postcss-selector-parser@https://registry.npmjs.org/postcss-selector-parser/-/postcss-selector-parser-7.1.5.tgz 0ms (cache hit)
1144 http cache postcss-selector-parser@https://registry.npmjs.org/postcss-selector-parser/-/postcss-selector-parser-7.1.5.tgz 0ms (cache hit)
1145 http cache postcss-selector-parser@https://registry.npmjs.org/postcss-selector-parser/-/postcss-selector-parser-7.1.5.tgz 0ms (cache hit)
1146 http cache entities@https://registry.npmjs.org/entities/-/entities-6.0.1.tgz 0ms (cache hit)
1147 http cache postcss-selector-parser@https://registry.npmjs.org/postcss-selector-parser/-/postcss-selector-parser-7.1.5.tgz 0ms (cache hit)
1148 http cache schema-utils@https://registry.npmjs.org/schema-utils/-/schema-utils-3.3.0.tgz 0ms (cache hit)
1149 http cache @types/unist@https://registry.npmjs.org/@types/unist/-/unist-2.0.11.tgz 0ms (cache hit)
1150 http cache json-schema-traverse@https://registry.npmjs.org/json-schema-traverse/-/json-schema-traverse-0.4.1.tgz 0ms (cache hit)
1151 http cache postcss-selector-parser@https://registry.npmjs.org/postcss-selector-parser/-/postcss-selector-parser-7.1.5.tgz 0ms (cache hit)
1152 http cache jest-worker@https://registry.npmjs.org/jest-worker/-/jest-worker-27.5.1.tgz 0ms (cache hit)
1153 http cache supports-color@https://registry.npmjs.org/supports-color/-/supports-color-8.1.1.tgz 0ms (cache hit)
1154 http cache ajv-keywords@https://registry.npmjs.org/ajv-keywords/-/ajv-keywords-3.5.2.tgz 0ms (cache hit)
1155 http cache ajv@https://registry.npmjs.org/ajv/-/ajv-6.15.0.tgz 0ms (cache hit)
1156 http cache micromark-util-symbol@https://registry.npmjs.org/micromark-util-symbol/-/micromark-util-symbol-2.0.1.tgz 0ms (cache hit)
1157 http cache micromark-util-character@https://registry.npmjs.org/micromark-util-character/-/micromark-util-character-2.1.1.tgz 0ms (cache hit)
1158 http cache micromark-util-symbol@https://registry.npmjs.org/micromark-util-symbol/-/micromark-util-symbol-2.0.1.tgz 0ms (cache hit)
1159 http cache micromark-util-symbol@https://registry.npmjs.org/micromark-util-symbol/-/micromark-util-symbol-2.0.1.tgz 0ms (cache hit)
1160 http cache micromark-util-symbol@https://registry.npmjs.org/micromark-util-symbol/-/micromark-util-symbol-2.0.1.tgz 0ms (cache hit)
1161 http cache micromark-util-symbol@https://registry.npmjs.org/micromark-util-symbol/-/micromark-util-symbol-2.0.1.tgz 0ms (cache hit)
1162 http cache micromark-util-symbol@https://registry.npmjs.org/micromark-util-symbol/-/micromark-util-symbol-2.0.1.tgz 0ms (cache hit)
1163 http cache micromark-util-symbol@https://registry.npmjs.org/micromark-util-symbol/-/micromark-util-symbol-2.0.1.tgz 0ms (cache hit)
1164 http cache micromark-util-character@https://registry.npmjs.org/micromark-util-character/-/micromark-util-character-2.1.1.tgz 0ms (cache hit)
1165 http cache micromark-util-symbol@https://registry.npmjs.org/micromark-util-symbol/-/micromark-util-symbol-2.0.1.tgz 0ms (cache hit)
1166 http cache micromark-util-character@https://registry.npmjs.org/micromark-util-character/-/micromark-util-character-2.1.1.tgz 0ms (cache hit)
1167 http cache micromark-util-types@https://registry.npmjs.org/micromark-util-types/-/micromark-util-types-1.1.0.tgz 0ms (cache hit)
1168 http cache micromark-util-symbol@https://registry.npmjs.org/micromark-util-symbol/-/micromark-util-symbol-2.0.1.tgz 0ms (cache hit)
1169 http cache micromark-factory-space@https://registry.npmjs.org/micromark-factory-space/-/micromark-factory-space-2.0.1.tgz 0ms (cache hit)
1170 http cache micromark-util-symbol@https://registry.npmjs.org/micromark-util-symbol/-/micromark-util-symbol-2.0.1.tgz 0ms (cache hit)
1171 http cache micromark-util-character@https://registry.npmjs.org/micromark-util-character/-/micromark-util-character-2.1.1.tgz 0ms (cache hit)
1172 http cache micromark-util-character@https://registry.npmjs.org/micromark-util-character/-/micromark-util-character-2.1.1.tgz 0ms (cache hit)
1173 http cache micromark-util-character@https://registry.npmjs.org/micromark-util-character/-/micromark-util-character-2.1.1.tgz 0ms (cache hit)
1174 http cache micromark-factory-space@https://registry.npmjs.org/micromark-factory-space/-/micromark-factory-space-2.0.1.tgz 0ms (cache hit)
1175 http cache micromark-util-symbol@https://registry.npmjs.org/micromark-util-symbol/-/micromark-util-symbol-2.0.1.tgz 0ms (cache hit)
1176 http cache micromark-factory-space@https://registry.npmjs.org/micromark-factory-space/-/micromark-factory-space-2.0.1.tgz 0ms (cache hit)
1177 http cache micromark-util-character@https://registry.npmjs.org/micromark-util-character/-/micromark-util-character-2.1.1.tgz 0ms (cache hit)
1178 http cache micromark-util-symbol@https://registry.npmjs.org/micromark-util-symbol/-/micromark-util-symbol-2.0.1.tgz 0ms (cache hit)
1179 http cache micromark-util-symbol@https://registry.npmjs.org/micromark-util-symbol/-/micromark-util-symbol-2.0.1.tgz 0ms (cache hit)
1180 http cache micromark-util-symbol@https://registry.npmjs.org/micromark-util-symbol/-/micromark-util-symbol-2.0.1.tgz 0ms (cache hit)
1181 http cache micromark-util-character@https://registry.npmjs.org/micromark-util-character/-/micromark-util-character-2.1.1.tgz 0ms (cache hit)
1182 http cache micromark-util-types@https://registry.npmjs.org/micromark-util-types/-/micromark-util-types-1.1.0.tgz 0ms (cache hit)
1183 http cache micromark-util-symbol@https://registry.npmjs.org/micromark-util-symbol/-/micromark-util-symbol-2.0.1.tgz 0ms (cache hit)
1184 http cache micromark-util-character@https://registry.npmjs.org/micromark-util-character/-/micromark-util-character-2.1.1.tgz 0ms (cache hit)
1185 http cache micromark-factory-space@https://registry.npmjs.org/micromark-factory-space/-/micromark-factory-space-2.0.1.tgz 0ms (cache hit)
1186 http cache micromark-util-character@https://registry.npmjs.org/micromark-util-character/-/micromark-util-character-2.1.1.tgz 0ms (cache hit)
1187 http cache micromark-util-symbol@https://registry.npmjs.org/micromark-util-symbol/-/micromark-util-symbol-2.0.1.tgz 0ms (cache hit)
1188 http cache micromark-factory-space@https://registry.npmjs.org/micromark-factory-space/-/micromark-factory-space-2.0.1.tgz 0ms (cache hit)
1189 http cache micromark-util-character@https://registry.npmjs.org/micromark-util-character/-/micromark-util-character-2.1.1.tgz 0ms (cache hit)
1190 http cache micromark-util-symbol@https://registry.npmjs.org/micromark-util-symbol/-/micromark-util-symbol-2.0.1.tgz 0ms (cache hit)
1191 http cache micromark-util-character@https://registry.npmjs.org/micromark-util-character/-/micromark-util-character-2.1.1.tgz 0ms (cache hit)
1192 http cache micromark-factory-space@https://registry.npmjs.org/micromark-factory-space/-/micromark-factory-space-2.0.1.tgz 0ms (cache hit)
1193 http cache micromark-util-symbol@https://registry.npmjs.org/micromark-util-symbol/-/micromark-util-symbol-2.0.1.tgz 0ms (cache hit)
1194 http cache micromark-factory-space@https://registry.npmjs.org/micromark-factory-space/-/micromark-factory-space-2.0.1.tgz 0ms (cache hit)
1195 http cache micromark-util-symbol@https://registry.npmjs.org/micromark-util-symbol/-/micromark-util-symbol-2.0.1.tgz 0ms (cache hit)
1196 http cache micromark-util-character@https://registry.npmjs.org/micromark-util-character/-/micromark-util-character-2.1.1.tgz 0ms (cache hit)
1197 http cache micromark-util-character@https://registry.npmjs.org/micromark-util-character/-/micromark-util-character-2.1.1.tgz 0ms (cache hit)
1198 http cache micromark-factory-space@https://registry.npmjs.org/micromark-factory-space/-/micromark-factory-space-2.0.1.tgz 0ms (cache hit)
1199 http cache micromark-util-character@https://registry.npmjs.org/micromark-util-character/-/micromark-util-character-2.1.1.tgz 0ms (cache hit)
1200 http cache micromark-util-symbol@https://registry.npmjs.org/micromark-util-symbol/-/micromark-util-symbol-2.0.1.tgz 0ms (cache hit)
1201 http cache micromark-util-symbol@https://registry.npmjs.org/micromark-util-symbol/-/micromark-util-symbol-2.0.1.tgz 0ms (cache hit)
1202 http cache micromark-util-character@https://registry.npmjs.org/micromark-util-character/-/micromark-util-character-2.1.1.tgz 0ms (cache hit)
1203 http cache micromark-util-symbol@https://registry.npmjs.org/micromark-util-symbol/-/micromark-util-symbol-2.0.1.tgz 0ms (cache hit)
1204 http cache micromark-util-character@https://registry.npmjs.org/micromark-util-character/-/micromark-util-character-2.1.1.tgz 0ms (cache hit)
1205 http cache micromark-factory-space@https://registry.npmjs.org/micromark-factory-space/-/micromark-factory-space-2.0.1.tgz 0ms (cache hit)
1206 http cache micromark-util-symbol@https://registry.npmjs.org/micromark-util-symbol/-/micromark-util-symbol-2.0.1.tgz 0ms (cache hit)
1207 http cache micromark-util-character@https://registry.npmjs.org/micromark-util-character/-/micromark-util-character-2.1.1.tgz 0ms (cache hit)
1208 http cache micromark-util-symbol@https://registry.npmjs.org/micromark-util-symbol/-/micromark-util-symbol-2.0.1.tgz 0ms (cache hit)
1209 http cache micromark-util-symbol@https://registry.npmjs.org/micromark-util-symbol/-/micromark-util-symbol-2.0.1.tgz 0ms (cache hit)
1210 http cache micromark-factory-space@https://registry.npmjs.org/micromark-factory-space/-/micromark-factory-space-2.0.1.tgz 0ms (cache hit)
1211 http cache micromark-util-character@https://registry.npmjs.org/micromark-util-character/-/micromark-util-character-2.1.1.tgz 0ms (cache hit)
1212 http cache micromark-factory-space@https://registry.npmjs.org/micromark-factory-space/-/micromark-factory-space-2.0.1.tgz 0ms (cache hit)
1213 http cache micromark-util-symbol@https://registry.npmjs.org/micromark-util-symbol/-/micromark-util-symbol-2.0.1.tgz 0ms (cache hit)
1214 http cache micromark-util-character@https://registry.npmjs.org/micromark-util-character/-/micromark-util-character-2.1.1.tgz 0ms (cache hit)
1215 http cache escape-string-regexp@https://registry.npmjs.org/escape-string-regexp/-/escape-string-regexp-5.0.0.tgz 0ms (cache hit)
1216 http cache supports-color@https://registry.npmjs.org/supports-color/-/supports-color-8.1.1.tgz 0ms (cache hit)
1217 http cache micromark-util-symbol@https://registry.npmjs.org/micromark-util-symbol/-/micromark-util-symbol-2.0.1.tgz 0ms (cache hit)
1218 http cache escape-string-regexp@https://registry.npmjs.org/escape-string-regexp/-/escape-string-regexp-5.0.0.tgz 0ms (cache hit)
1219 http cache is-docker@https://registry.npmjs.org/is-docker/-/is-docker-3.0.0.tgz 0ms (cache hit)
1220 http cache is-plain-obj@https://registry.npmjs.org/is-plain-obj/-/is-plain-obj-3.0.0.tgz 0ms (cache hit)
1221 http cache commander@https://registry.npmjs.org/commander/-/commander-10.0.1.tgz 0ms (cache hit)
1222 http cache string_decoder@https://registry.npmjs.org/string_decoder/-/string_decoder-1.1.1.tgz 0ms (cache hit)
1223 http cache html-minifier-terser@https://registry.npmjs.org/html-minifier-terser/-/html-minifier-terser-6.1.0.tgz 0ms (cache hit)
1224 http cache readable-stream@https://registry.npmjs.org/readable-stream/-/readable-stream-2.3.8.tgz 0ms (cache hit)
1225 http cache isarray@https://registry.npmjs.org/isarray/-/isarray-1.0.0.tgz 0ms (cache hit)
1226 http cache ms@https://registry.npmjs.org/ms/-/ms-2.0.0.tgz 0ms (cache hit)
1227 http cache safe-buffer@https://registry.npmjs.org/safe-buffer/-/safe-buffer-5.1.2.tgz 0ms (cache hit)
1228 http cache @sindresorhus/is@https://registry.npmjs.org/@sindresorhus/is/-/is-5.6.0.tgz 0ms (cache hit)
1229 http cache debug@https://registry.npmjs.org/debug/-/debug-2.6.9.tgz 0ms (cache hit)
1230 http cache json-schema-traverse@https://registry.npmjs.org/json-schema-traverse/-/json-schema-traverse-0.4.1.tgz 0ms (cache hit)
1231 http cache schema-utils@https://registry.npmjs.org/schema-utils/-/schema-utils-3.3.0.tgz 0ms (cache hit)
1232 http cache ajv-keywords@https://registry.npmjs.org/ajv-keywords/-/ajv-keywords-3.5.2.tgz 0ms (cache hit)
1233 http cache path-to-regexp@https://registry.npmjs.org/path-to-regexp/-/path-to-regexp-0.1.13.tgz 0ms (cache hit)
1234 http cache range-parser@https://registry.npmjs.org/range-parser/-/range-parser-1.2.1.tgz 0ms (cache hit)
1235 http cache commander@https://registry.npmjs.org/commander/-/commander-8.3.0.tgz 0ms (cache hit)
1236 http cache ajv@https://registry.npmjs.org/ajv/-/ajv-6.15.0.tgz 0ms (cache hit)
1237 http cache ms@https://registry.npmjs.org/ms/-/ms-2.0.0.tgz 0ms (cache hit)
1238 http cache content-disposition@https://registry.npmjs.org/content-disposition/-/content-disposition-0.5.4.tgz 0ms (cache hit)
1239 http cache is-obj@https://registry.npmjs.org/is-obj/-/is-obj-2.0.0.tgz 0ms (cache hit)
1240 http cache estraverse@https://registry.npmjs.org/estraverse/-/estraverse-5.3.0.tgz 0ms (cache hit)
1241 http cache mdn-data@https://registry.npmjs.org/mdn-data/-/mdn-data-2.0.28.tgz 0ms (cache hit)
1242 http cache mimic-response@https://registry.npmjs.org/mimic-response/-/mimic-response-3.1.0.tgz 0ms (cache hit)
1243 http cache css-tree@https://registry.npmjs.org/css-tree/-/css-tree-2.2.1.tgz 0ms (cache hit)
1244 http cache type-fest@https://registry.npmjs.org/type-fest/-/type-fest-1.4.0.tgz 0ms (cache hit)
1245 http cache postcss-selector-parser@https://registry.npmjs.org/postcss-selector-parser/-/postcss-selector-parser-7.1.5.tgz 0ms (cache hit)
1246 http cache postcss-selector-parser@https://registry.npmjs.org/postcss-selector-parser/-/postcss-selector-parser-7.1.5.tgz 0ms (cache hit)
1247 http cache glob-parent@https://registry.npmjs.org/glob-parent/-/glob-parent-6.0.2.tgz 0ms (cache hit)
1248 http cache debug@https://registry.npmjs.org/debug/-/debug-2.6.9.tgz 0ms (cache hit)
1249 http cache ini@https://registry.npmjs.org/ini/-/ini-1.3.8.tgz 0ms (cache hit)
1250 http cache globby@https://registry.npmjs.org/globby/-/globby-13.2.2.tgz 0ms (cache hit)
1251 http cache debug@https://registry.npmjs.org/debug/-/debug-2.6.9.tgz 0ms (cache hit)
1252 http cache slash@https://registry.npmjs.org/slash/-/slash-4.0.0.tgz 0ms (cache hit)
1253 http cache mime-db@https://registry.npmjs.org/mime-db/-/mime-db-1.54.0.tgz 0ms (cache hit)
1254 http cache ms@https://registry.npmjs.org/ms/-/ms-2.0.0.tgz 0ms (cache hit)
1255 http cache bytes@https://registry.npmjs.org/bytes/-/bytes-3.1.2.tgz 0ms (cache hit)
1256 http cache emoji-regex@https://registry.npmjs.org/emoji-regex/-/emoji-regex-8.0.0.tgz 0ms (cache hit)
1257 http cache string-width@https://registry.npmjs.org/string-width/-/string-width-4.2.3.tgz 0ms (cache hit)
1258 http cache source-map@https://registry.npmjs.org/source-map/-/source-map-0.6.1.tgz 0ms (cache hit)
1259 http cache bytes@https://registry.npmjs.org/bytes/-/bytes-3.1.2.tgz 0ms (cache hit)
1260 http cache ms@https://registry.npmjs.org/ms/-/ms-2.0.0.tgz 0ms (cache hit)
1261 http cache semver@https://registry.npmjs.org/semver/-/semver-6.3.1.tgz 0ms (cache hit)
1262 http cache debug@https://registry.npmjs.org/debug/-/debug-2.6.9.tgz 1ms (cache hit)
1263 http cache string-width@https://registry.npmjs.org/string-width/-/string-width-4.2.3.tgz 0ms (cache hit)
1264 http cache graceful-fs@https://registry.npmjs.org/graceful-fs/-/graceful-fs-4.2.10.tgz 0ms (cache hit)
1265 http cache mime-types@https://registry.npmjs.org/mime-types/-/mime-types-2.1.35.tgz 0ms (cache hit)
1266 http cache mime-db@https://registry.npmjs.org/mime-db/-/mime-db-1.52.0.tgz 0ms (cache hit)
1267 http cache @types/send@https://registry.npmjs.org/@types/send/-/send-0.17.6.tgz 0ms (cache hit)
1268 http cache emoji-regex@https://registry.npmjs.org/emoji-regex/-/emoji-regex-8.0.0.tgz 0ms (cache hit)
1269 http cache @jsonjoy.com/buffers@https://registry.npmjs.org/@jsonjoy.com/buffers/-/buffers-1.2.1.tgz 0ms (cache hit)
1270 http cache @jsonjoy.com/buffers@https://registry.npmjs.org/@jsonjoy.com/buffers/-/buffers-1.2.1.tgz 0ms (cache hit)
1271 http cache @jsonjoy.com/json-pointer@https://registry.npmjs.org/@jsonjoy.com/json-pointer/-/json-pointer-17.67.0.tgz 0ms (cache hit)
1272 http cache @jsonjoy.com/util@https://registry.npmjs.org/@jsonjoy.com/util/-/util-17.67.0.tgz 0ms (cache hit)
1273 http cache negotiator@https://registry.npmjs.org/negotiator/-/negotiator-0.6.3.tgz 0ms (cache hit)
1274 http cache @jsonjoy.com/codegen@https://registry.npmjs.org/@jsonjoy.com/codegen/-/codegen-17.67.0.tgz 0ms (cache hit)
1275 http cache @jsonjoy.com/base64@https://registry.npmjs.org/@jsonjoy.com/base64/-/base64-17.67.0.tgz 0ms (cache hit)
1276 http cache @jsonjoy.com/json-pack@https://registry.npmjs.org/@jsonjoy.com/json-pack/-/json-pack-17.67.0.tgz 0ms (cache hit)
1277 http cache webpack-merge@https://registry.npmjs.org/webpack-merge/-/webpack-merge-6.0.1.tgz 0ms (cache hit)
1278 http cache @algolia/autocomplete-shared@https://registry.npmjs.org/@algolia/autocomplete-shared/-/autocomplete-shared-1.19.2.tgz 0ms (cache hit)
1279 http cache postcss-selector-parser@https://registry.npmjs.org/postcss-selector-parser/-/postcss-selector-parser-7.1.5.tgz 0ms (cache hit)
1280 http cache @algolia/autocomplete-plugin-algolia-insights@https://registry.npmjs.org/@algolia/autocomplete-plugin-algolia-insights/-/autocomplete-plugin-algolia-insights-1.19.2.tgz 0ms (cache hit)
1281 http cache postcss-selector-parser@https://registry.npmjs.org/postcss-selector-parser/-/postcss-selector-parser-7.1.5.tgz 0ms (cache hit)
1282 http cache postcss-selector-parser@https://registry.npmjs.org/postcss-selector-parser/-/postcss-selector-parser-7.1.5.tgz 0ms (cache hit)
1283 http cache semver@https://registry.npmjs.org/semver/-/semver-6.3.1.tgz 0ms (cache hit)
1284 http cache semver@https://registry.npmjs.org/semver/-/semver-6.3.1.tgz 0ms (cache hit)
1285 http cache semver@https://registry.npmjs.org/semver/-/semver-6.3.1.tgz 0ms (cache hit)
1286 http cache semver@https://registry.npmjs.org/semver/-/semver-6.3.1.tgz 0ms (cache hit)
1287 http cache babel-plugin-polyfill-corejs3@https://registry.npmjs.org/babel-plugin-polyfill-corejs3/-/babel-plugin-polyfill-corejs3-0.14.2.tgz 0ms (cache hit)
1288 http cache semver@https://registry.npmjs.org/semver/-/semver-6.3.1.tgz 0ms (cache hit)
1289 silly tarball no local data for zwitch@https://registry.npmjs.org/zwitch/-/zwitch-2.0.4.tgz. Extracting by manifest.
1290 silly tarball no local data for yallist@https://registry.npmjs.org/yallist/-/yallist-3.1.1.tgz. Extracting by manifest.
1291 silly tarball no local data for xml-js@https://registry.npmjs.org/xml-js/-/xml-js-1.6.11.tgz. Extracting by manifest.
1292 silly tarball no local data for xdg-basedir@https://registry.npmjs.org/xdg-basedir/-/xdg-basedir-5.1.0.tgz. Extracting by manifest.
1293 http cache semver@https://registry.npmjs.org/semver/-/semver-6.3.1.tgz 0ms (cache hit)
1294 silly tarball no local data for wsl-utils@https://registry.npmjs.org/wsl-utils/-/wsl-utils-0.1.0.tgz. Extracting by manifest.
1295 http cache @algolia/autocomplete-core@https://registry.npmjs.org/@algolia/autocomplete-core/-/autocomplete-core-1.19.2.tgz 0ms (cache hit)
1296 silly tarball no local data for write-file-atomic@https://registry.npmjs.org/write-file-atomic/-/write-file-atomic-3.0.3.tgz. Extracting by manifest.
1297 silly tarball no local data for yocto-queue@https://registry.npmjs.org/yocto-queue/-/yocto-queue-1.2.2.tgz. Extracting by manifest.
1298 silly tarball no local data for ws@https://registry.npmjs.org/ws/-/ws-7.5.12.tgz. Extracting by manifest.
1299 silly tarball no local data for widest-line@https://registry.npmjs.org/widest-line/-/widest-line-4.0.1.tgz. Extracting by manifest.
1300 silly tarball no local data for websocket-extensions@https://registry.npmjs.org/websocket-extensions/-/websocket-extensions-0.1.4.tgz. Extracting by manifest.
1301 silly tarball no local data for webpackbar@https://registry.npmjs.org/webpackbar/-/webpackbar-7.0.0.tgz. Extracting by manifest.
1302 silly tarball no local data for webpack-sources@https://registry.npmjs.org/webpack-sources/-/webpack-sources-3.5.1.tgz. Extracting by manifest.
1303 silly tarball no local data for webpack-merge@https://registry.npmjs.org/webpack-merge/-/webpack-merge-5.10.0.tgz. Extracting by manifest.
1304 silly tarball no local data for webpack-dev-server@https://registry.npmjs.org/webpack-dev-server/-/webpack-dev-server-5.2.6.tgz. Extracting by manifest.
1305 silly tarball no local data for webpack-dev-middleware@https://registry.npmjs.org/webpack-dev-middleware/-/webpack-dev-middleware-7.4.5.tgz. Extracting by manifest.
1306 silly tarball no local data for webpack-bundle-analyzer@https://registry.npmjs.org/webpack-bundle-analyzer/-/webpack-bundle-analyzer-4.10.2.tgz. Extracting by manifest.
1307 silly tarball no local data for websocket-driver@https://registry.npmjs.org/websocket-driver/-/websocket-driver-0.7.5.tgz. Extracting by manifest.
1308 silly tarball no local data for webpack@https://registry.npmjs.org/webpack/-/webpack-5.108.4.tgz. Extracting by manifest.
1309 silly tarball no local data for web-namespaces@https://registry.npmjs.org/web-namespaces/-/web-namespaces-2.0.1.tgz. Extracting by manifest.
1310 silly tarball no local data for watchpack@https://registry.npmjs.org/watchpack/-/watchpack-2.5.2.tgz. Extracting by manifest.
1311 silly tarball no local data for wbuf@https://registry.npmjs.org/wbuf/-/wbuf-1.7.3.tgz. Extracting by manifest.
1312 silly tarball no local data for vfile-message@https://registry.npmjs.org/vfile-message/-/vfile-message-4.0.3.tgz. Extracting by manifest.
1313 silly tarball no local data for vfile-location@https://registry.npmjs.org/vfile-location/-/vfile-location-5.0.3.tgz. Extracting by manifest.
1314 silly tarball no local data for vfile@https://registry.npmjs.org/vfile/-/vfile-6.0.3.tgz. Extracting by manifest.
1315 silly tarball no local data for value-equal@https://registry.npmjs.org/value-equal/-/value-equal-1.0.1.tgz. Extracting by manifest.
1316 silly tarball no local data for uuid@https://registry.npmjs.org/uuid/-/uuid-8.3.2.tgz. Extracting by manifest.
1317 silly tarball no local data for vary@https://registry.npmjs.org/vary/-/vary-1.1.2.tgz. Extracting by manifest.
1318 silly tarball no local data for utility-types@https://registry.npmjs.org/utility-types/-/utility-types-3.11.0.tgz. Extracting by manifest.
1319 silly tarball no local data for utila@https://registry.npmjs.org/utila/-/utila-0.4.0.tgz. Extracting by manifest.
1320 silly tarball no local data for url-loader@https://registry.npmjs.org/url-loader/-/url-loader-4.1.1.tgz. Extracting by manifest.
1321 silly tarball no local data for utils-merge@https://registry.npmjs.org/utils-merge/-/utils-merge-1.0.1.tgz. Extracting by manifest.
1322 silly tarball no local data for wildcard@https://registry.npmjs.org/wildcard/-/wildcard-2.0.1.tgz. Extracting by manifest.
1323 silly tarball no local data for uri-js@https://registry.npmjs.org/uri-js/-/uri-js-4.4.1.tgz. Extracting by manifest.
1324 silly tarball no local data for util-deprecate@https://registry.npmjs.org/util-deprecate/-/util-deprecate-1.0.2.tgz. Extracting by manifest.
1325 silly tarball no local data for unpipe@https://registry.npmjs.org/unpipe/-/unpipe-1.0.0.tgz. Extracting by manifest.
1326 silly tarball no local data for universalify@https://registry.npmjs.org/universalify/-/universalify-2.0.1.tgz. Extracting by manifest.
1327 silly tarball no local data for unist-util-stringify-position@https://registry.npmjs.org/unist-util-stringify-position/-/unist-util-stringify-position-4.0.0.tgz. Extracting by manifest.
1328 silly tarball no local data for unist-util-visit@https://registry.npmjs.org/unist-util-visit/-/unist-util-visit-5.1.0.tgz. Extracting by manifest.
1329 silly tarball no local data for update-browserslist-db@https://registry.npmjs.org/update-browserslist-db/-/update-browserslist-db-1.2.3.tgz. Extracting by manifest.
1330 silly tarball no local data for unist-util-position-from-estree@https://registry.npmjs.org/unist-util-position-from-estree/-/unist-util-position-from-estree-2.0.0.tgz. Extracting by manifest.
1331 silly tarball no local data for unist-util-position@https://registry.npmjs.org/unist-util-position/-/unist-util-position-5.0.0.tgz. Extracting by manifest.
1332 silly tarball no local data for unist-util-is@https://registry.npmjs.org/unist-util-is/-/unist-util-is-6.0.1.tgz. Extracting by manifest.
1333 silly tarball no local data for unist-util-visit-parents@https://registry.npmjs.org/unist-util-visit-parents/-/unist-util-visit-parents-6.0.2.tgz. Extracting by manifest.
1334 silly tarball no local data for update-notifier@https://registry.npmjs.org/update-notifier/-/update-notifier-6.0.2.tgz. Extracting by manifest.
1335 silly tarball no local data for unified@https://registry.npmjs.org/unified/-/unified-11.0.5.tgz. Extracting by manifest.
1336 silly tarball no local data for unicode-match-property-value-ecmascript@https://registry.npmjs.org/unicode-match-property-value-ecmascript/-/unicode-match-property-value-ecmascript-2.2.1.tgz. Extracting by manifest.
1337 silly tarball no local data for unicode-property-aliases-ecmascript@https://registry.npmjs.org/unicode-property-aliases-ecmascript/-/unicode-property-aliases-ecmascript-2.2.0.tgz. Extracting by manifest.
1338 silly tarball no local data for unicode-emoji-modifier-base@https://registry.npmjs.org/unicode-emoji-modifier-base/-/unicode-emoji-modifier-base-1.0.0.tgz. Extracting by manifest.
1339 silly tarball no local data for unicode-canonical-property-names-ecmascript@https://registry.npmjs.org/unicode-canonical-property-names-ecmascript/-/unicode-canonical-property-names-ecmascript-2.0.1.tgz. Extracting by manifest.
1340 silly tarball no local data for undici-types@https://registry.npmjs.org/undici-types/-/undici-types-8.3.0.tgz. Extracting by manifest.
1341 silly tarball no local data for unique-string@https://registry.npmjs.org/unique-string/-/unique-string-3.0.0.tgz. Extracting by manifest.
1342 silly tarball no local data for type-is@https://registry.npmjs.org/type-is/-/type-is-1.6.18.tgz. Extracting by manifest.
1343 silly tarball no local data for typedarray-to-buffer@https://registry.npmjs.org/typedarray-to-buffer/-/typedarray-to-buffer-3.1.5.tgz. Extracting by manifest.
1344 silly tarball no local data for type-fest@https://registry.npmjs.org/type-fest/-/type-fest-2.19.0.tgz. Extracting by manifest.
1345 silly tarball no local data for unicode-match-property-ecmascript@https://registry.npmjs.org/unicode-match-property-ecmascript/-/unicode-match-property-ecmascript-2.0.0.tgz. Extracting by manifest.
1346 silly tarball no local data for tslib@https://registry.npmjs.org/tslib/-/tslib-2.8.1.tgz. Extracting by manifest.
1347 silly tarball no local data for trough@https://registry.npmjs.org/trough/-/trough-2.2.0.tgz. Extracting by manifest.
1348 silly tarball no local data for trim-lines@https://registry.npmjs.org/trim-lines/-/trim-lines-3.0.1.tgz. Extracting by manifest.
1349 silly tarball no local data for totalist@https://registry.npmjs.org/totalist/-/totalist-3.0.1.tgz. Extracting by manifest.
1350 silly tarball no local data for tree-dump@https://registry.npmjs.org/tree-dump/-/tree-dump-1.1.0.tgz. Extracting by manifest.
1351 silly tarball no local data for to-regex-range@https://registry.npmjs.org/to-regex-range/-/to-regex-range-5.0.1.tgz. Extracting by manifest.
1352 silly tarball no local data for tiny-warning@https://registry.npmjs.org/tiny-warning/-/tiny-warning-1.0.3.tgz. Extracting by manifest.
1353 silly tarball no local data for tinypool@https://registry.npmjs.org/tinypool/-/tinypool-1.1.1.tgz. Extracting by manifest.
1354 silly tarball no local data for tiny-invariant@https://registry.npmjs.org/tiny-invariant/-/tiny-invariant-1.3.3.tgz. Extracting by manifest.
1355 silly tarball no local data for thingies@https://registry.npmjs.org/thingies/-/thingies-2.6.1.tgz. Extracting by manifest.
1356 silly tarball no local data for tsyringe@https://registry.npmjs.org/tsyringe/-/tsyringe-4.10.0.tgz. Extracting by manifest.
1357 silly tarball no local data for toidentifier@https://registry.npmjs.org/toidentifier/-/toidentifier-1.0.1.tgz. Extracting by manifest.
1358 silly tarball no local data for terser-webpack-plugin@https://registry.npmjs.org/terser-webpack-plugin/-/terser-webpack-plugin-5.6.1.tgz. Extracting by manifest.
1359 silly tarball no local data for thunky@https://registry.npmjs.org/thunky/-/thunky-1.1.0.tgz. Extracting by manifest.
1360 silly tarball no local data for svgo@https://registry.npmjs.org/svgo/-/svgo-3.3.4.tgz. Extracting by manifest.
1361 silly tarball no local data for supports-preserve-symlinks-flag@https://registry.npmjs.org/supports-preserve-symlinks-flag/-/supports-preserve-symlinks-flag-1.0.0.tgz. Extracting by manifest.
1362 silly tarball no local data for tapable@https://registry.npmjs.org/tapable/-/tapable-2.3.3.tgz. Extracting by manifest.
1363 silly tarball no local data for svg-parser@https://registry.npmjs.org/svg-parser/-/svg-parser-2.0.4.tgz. Extracting by manifest.
1364 silly tarball no local data for terser@https://registry.npmjs.org/terser/-/terser-5.49.0.tgz. Extracting by manifest.
1365 silly tarball no local data for supports-color@https://registry.npmjs.org/supports-color/-/supports-color-7.2.0.tgz. Extracting by manifest.
1366 silly tarball no local data for stylehacks@https://registry.npmjs.org/stylehacks/-/stylehacks-6.1.1.tgz. Extracting by manifest.
1367 silly tarball no local data for strip-bom-string@https://registry.npmjs.org/strip-bom-string/-/strip-bom-string-1.0.0.tgz. Extracting by manifest.
1368 silly tarball no local data for strip-final-newline@https://registry.npmjs.org/strip-final-newline/-/strip-final-newline-2.0.0.tgz. Extracting by manifest.
1369 silly tarball no local data for stringify-object@https://registry.npmjs.org/stringify-object/-/stringify-object-3.3.0.tgz. Extracting by manifest.
1370 silly tarball no local data for stringify-entities@https://registry.npmjs.org/stringify-entities/-/stringify-entities-4.0.4.tgz. Extracting by manifest.
1371 silly tarball no local data for style-to-object@https://registry.npmjs.org/style-to-object/-/style-to-object-1.0.14.tgz. Extracting by manifest.
1372 silly tarball no local data for style-to-js@https://registry.npmjs.org/style-to-js/-/style-to-js-1.1.21.tgz. Extracting by manifest.
1373 silly tarball no local data for std-env@https://registry.npmjs.org/std-env/-/std-env-3.10.0.tgz. Extracting by manifest.
1374 silly tarball no local data for statuses@https://registry.npmjs.org/statuses/-/statuses-2.0.2.tgz. Extracting by manifest.
1375 silly tarball no local data for srcset@https://registry.npmjs.org/srcset/-/srcset-4.0.0.tgz. Extracting by manifest.
1376 silly tarball no local data for spdy-transport@https://registry.npmjs.org/spdy-transport/-/spdy-transport-3.0.0.tgz. Extracting by manifest.
1377 silly tarball no local data for string_decoder@https://registry.npmjs.org/string_decoder/-/string_decoder-1.3.0.tgz. Extracting by manifest.
1378 silly tarball no local data for source-map-support@https://registry.npmjs.org/source-map-support/-/source-map-support-0.5.21.tgz. Extracting by manifest.
1379 silly tarball no local data for source-map-js@https://registry.npmjs.org/source-map-js/-/source-map-js-1.2.1.tgz. Extracting by manifest.
1380 silly tarball no local data for space-separated-tokens@https://registry.npmjs.org/space-separated-tokens/-/space-separated-tokens-2.0.2.tgz. Extracting by manifest.
1381 silly tarball no local data for sockjs@https://registry.npmjs.org/sockjs/-/sockjs-0.3.24.tgz. Extracting by manifest.
1382 silly tarball no local data for snake-case@https://registry.npmjs.org/snake-case/-/snake-case-3.0.4.tgz. Extracting by manifest.
1383 silly tarball no local data for sort-css-media-queries@https://registry.npmjs.org/sort-css-media-queries/-/sort-css-media-queries-2.2.0.tgz. Extracting by manifest.
1384 silly tarball no local data for source-map@https://registry.npmjs.org/source-map/-/source-map-0.7.6.tgz. Extracting by manifest.
1385 silly tarball no local data for sitemap@https://registry.npmjs.org/sitemap/-/sitemap-7.1.3.tgz. Extracting by manifest.
1386 silly tarball no local data for sisteransi@https://registry.npmjs.org/sisteransi/-/sisteransi-1.0.5.tgz. Extracting by manifest.
1387 silly tarball no local data for skin-tone@https://registry.npmjs.org/skin-tone/-/skin-tone-2.0.0.tgz. Extracting by manifest.
1388 silly tarball no local data for sirv@https://registry.npmjs.org/sirv/-/sirv-2.0.4.tgz. Extracting by manifest.
1389 silly tarball no local data for slash@https://registry.npmjs.org/slash/-/slash-3.0.0.tgz. Extracting by manifest.
1390 silly tarball no local data for side-channel-weakmap@https://registry.npmjs.org/side-channel-weakmap/-/side-channel-weakmap-1.0.2.tgz. Extracting by manifest.
1391 silly tarball no local data for side-channel-map@https://registry.npmjs.org/side-channel-map/-/side-channel-map-1.0.1.tgz. Extracting by manifest.
1392 silly tarball no local data for spdy@https://registry.npmjs.org/spdy/-/spdy-4.0.2.tgz. Extracting by manifest.
1393 silly tarball no local data for side-channel-list@https://registry.npmjs.org/side-channel-list/-/side-channel-list-1.0.1.tgz. Extracting by manifest.
1394 silly tarball no local data for side-channel@https://registry.npmjs.org/side-channel/-/side-channel-1.1.1.tgz. Extracting by manifest.
1395 silly tarball no local data for shell-quote@https://registry.npmjs.org/shell-quote/-/shell-quote-1.10.0.tgz. Extracting by manifest.
1396 silly tarball no local data for signal-exit@https://registry.npmjs.org/signal-exit/-/signal-exit-3.0.7.tgz. Extracting by manifest.
1397 silly tarball no local data for shallow-clone@https://registry.npmjs.org/shallow-clone/-/shallow-clone-3.0.1.tgz. Extracting by manifest.
1398 silly tarball no local data for setprototypeof@https://registry.npmjs.org/setprototypeof/-/setprototypeof-1.2.0.tgz. Extracting by manifest.
1399 silly tarball no local data for set-function-length@https://registry.npmjs.org/set-function-length/-/set-function-length-1.2.2.tgz. Extracting by manifest.
1400 silly tarball no local data for shallowequal@https://registry.npmjs.org/shallowequal/-/shallowequal-1.1.0.tgz. Extracting by manifest.
1401 silly tarball no local data for serve-handler@https://registry.npmjs.org/serve-handler/-/serve-handler-6.1.7.tgz. Extracting by manifest.
1402 silly tarball no local data for serialize-javascript@https://registry.npmjs.org/serialize-javascript/-/serialize-javascript-6.0.2.tgz. Extracting by manifest.
1403 silly tarball no local data for semver-diff@https://registry.npmjs.org/semver-diff/-/semver-diff-4.0.0.tgz. Extracting by manifest.
1404 silly tarball no local data for send@https://registry.npmjs.org/send/-/send-0.19.2.tgz. Extracting by manifest.
1405 silly tarball no local data for selfsigned@https://registry.npmjs.org/selfsigned/-/selfsigned-5.5.0.tgz. Extracting by manifest.
1406 silly tarball no local data for select-hose@https://registry.npmjs.org/select-hose/-/select-hose-2.0.0.tgz. Extracting by manifest.
1407 silly tarball no local data for serve-static@https://registry.npmjs.org/serve-static/-/serve-static-1.16.3.tgz. Extracting by manifest.
1408 silly tarball no local data for serve-index@https://registry.npmjs.org/serve-index/-/serve-index-1.9.2.tgz. Extracting by manifest.
1409 silly tarball no local data for semver@https://registry.npmjs.org/semver/-/semver-7.8.5.tgz. Extracting by manifest.
1410 silly tarball no local data for scheduler@https://registry.npmjs.org/scheduler/-/scheduler-0.27.0.tgz. Extracting by manifest.
1411 silly tarball no local data for section-matter@https://registry.npmjs.org/section-matter/-/section-matter-1.0.0.tgz. Extracting by manifest.
1412 silly tarball no local data for schema-utils@https://registry.npmjs.org/schema-utils/-/schema-utils-4.3.3.tgz. Extracting by manifest.
1413 silly tarball no local data for schema-dts@https://registry.npmjs.org/schema-dts/-/schema-dts-1.1.5.tgz. Extracting by manifest.
1414 silly tarball no local data for run-parallel@https://registry.npmjs.org/run-parallel/-/run-parallel-1.2.0.tgz. Extracting by manifest.
1415 silly tarball no local data for safer-buffer@https://registry.npmjs.org/safer-buffer/-/safer-buffer-2.1.2.tgz. Extracting by manifest.
1416 silly tarball no local data for safe-buffer@https://registry.npmjs.org/safe-buffer/-/safe-buffer-5.2.1.tgz. Extracting by manifest.
1417 silly tarball no local data for rtlcss@https://registry.npmjs.org/rtlcss/-/rtlcss-4.3.0.tgz. Extracting by manifest.
1418 silly tarball no local data for reusify@https://registry.npmjs.org/reusify/-/reusify-1.1.0.tgz. Extracting by manifest.
1419 silly tarball no local data for retry@https://registry.npmjs.org/retry/-/retry-0.13.1.tgz. Extracting by manifest.
1420 silly tarball no local data for responselike@https://registry.npmjs.org/responselike/-/responselike-3.0.0.tgz. Extracting by manifest.
1421 silly tarball no local data for resolve-pathname@https://registry.npmjs.org/resolve-pathname/-/resolve-pathname-3.0.0.tgz. Extracting by manifest.
1422 silly tarball no local data for resolve-alpn@https://registry.npmjs.org/resolve-alpn/-/resolve-alpn-1.2.1.tgz. Extracting by manifest.
1423 silly tarball no local data for resolve-from@https://registry.npmjs.org/resolve-from/-/resolve-from-4.0.0.tgz. Extracting by manifest.
1424 silly tarball no local data for sax@https://registry.npmjs.org/sax/-/sax-1.6.1.tgz. Extracting by manifest.
1425 silly tarball no local data for run-applescript@https://registry.npmjs.org/run-applescript/-/run-applescript-7.1.0.tgz. Extracting by manifest.
1426 silly tarball no local data for renderkid@https://registry.npmjs.org/renderkid/-/renderkid-3.0.0.tgz. Extracting by manifest.
1427 silly tarball no local data for remark-stringify@https://registry.npmjs.org/remark-stringify/-/remark-stringify-11.0.0.tgz. Extracting by manifest.
1428 silly tarball no local data for remark-rehype@https://registry.npmjs.org/remark-rehype/-/remark-rehype-11.1.2.tgz. Extracting by manifest.
1429 silly tarball no local data for resolve@https://registry.npmjs.org/resolve/-/resolve-1.22.12.tgz. Extracting by manifest.
1430 silly tarball no local data for require-from-string@https://registry.npmjs.org/require-from-string/-/require-from-string-2.0.2.tgz. Extracting by manifest.
1431 silly tarball no local data for remark-parse@https://registry.npmjs.org/remark-parse/-/remark-parse-11.0.0.tgz. Extracting by manifest.
1432 silly tarball no local data for require-like@https://registry.npmjs.org/require-like/-/require-like-0.1.2.tgz. Extracting by manifest.
1433 silly tarball no local data for requires-port@https://registry.npmjs.org/requires-port/-/requires-port-1.0.0.tgz. Extracting by manifest.
1434 silly tarball no local data for remark-mdx@https://registry.npmjs.org/remark-mdx/-/remark-mdx-3.1.1.tgz. Extracting by manifest.
1435 silly tarball no local data for remark-gfm@https://registry.npmjs.org/remark-gfm/-/remark-gfm-4.0.1.tgz. Extracting by manifest.
1436 silly tarball no local data for remark-emoji@https://registry.npmjs.org/remark-emoji/-/remark-emoji-4.0.1.tgz. Extracting by manifest.
1437 silly tarball no local data for remark-frontmatter@https://registry.npmjs.org/remark-frontmatter/-/remark-frontmatter-5.0.0.tgz. Extracting by manifest.
1438 silly tarball no local data for remark-directive@https://registry.npmjs.org/remark-directive/-/remark-directive-3.0.1.tgz. Extracting by manifest.
1439 silly tarball no local data for relateurl@https://registry.npmjs.org/relateurl/-/relateurl-0.2.7.tgz. Extracting by manifest.
1440 silly tarball no local data for rehype-recma@https://registry.npmjs.org/rehype-recma/-/rehype-recma-1.0.0.tgz. Extracting by manifest.
1441 silly tarball no local data for rehype-raw@https://registry.npmjs.org/rehype-raw/-/rehype-raw-7.0.0.tgz. Extracting by manifest.
1442 silly tarball no local data for regjsgen@https://registry.npmjs.org/regjsgen/-/regjsgen-0.8.0.tgz. Extracting by manifest.
1443 silly tarball no local data for regjsparser@https://registry.npmjs.org/regjsparser/-/regjsparser-0.13.2.tgz. Extracting by manifest.
1444 silly tarball no local data for registry-auth-token@https://registry.npmjs.org/registry-auth-token/-/registry-auth-token-5.1.1.tgz. Extracting by manifest.
1445 silly tarball no local data for registry-url@https://registry.npmjs.org/registry-url/-/registry-url-6.0.1.tgz. Extracting by manifest.
1446 silly tarball no local data for regenerate-unicode-properties@https://registry.npmjs.org/regenerate-unicode-properties/-/regenerate-unicode-properties-10.2.2.tgz. Extracting by manifest.
1447 silly tarball no local data for regexpu-core@https://registry.npmjs.org/regexpu-core/-/regexpu-core-6.4.0.tgz. Extracting by manifest.
1448 silly tarball no local data for reflect-metadata@https://registry.npmjs.org/reflect-metadata/-/reflect-metadata-0.2.2.tgz. Extracting by manifest.
1449 silly tarball no local data for recma-jsx@https://registry.npmjs.org/recma-jsx/-/recma-jsx-1.0.1.tgz. Extracting by manifest.
1450 silly tarball no local data for recma-build-jsx@https://registry.npmjs.org/recma-build-jsx/-/recma-build-jsx-1.0.0.tgz. Extracting by manifest.
1451 silly tarball no local data for readdirp@https://registry.npmjs.org/readdirp/-/readdirp-3.6.0.tgz. Extracting by manifest.
1452 silly tarball no local data for regenerate@https://registry.npmjs.org/regenerate/-/regenerate-1.4.2.tgz. Extracting by manifest.
1453 silly tarball no local data for recma-parse@https://registry.npmjs.org/recma-parse/-/recma-parse-1.0.0.tgz. Extracting by manifest.
1454 silly tarball no local data for recma-stringify@https://registry.npmjs.org/recma-stringify/-/recma-stringify-1.0.0.tgz. Extracting by manifest.
1455 silly tarball no local data for react-router-dom@https://registry.npmjs.org/react-router-dom/-/react-router-dom-5.3.4.tgz. Extracting by manifest.
1456 silly tarball no local data for react-router-config@https://registry.npmjs.org/react-router-config/-/react-router-config-5.1.1.tgz. Extracting by manifest.
1457 silly tarball no local data for react-router@https://registry.npmjs.org/react-router/-/react-router-5.3.4.tgz. Extracting by manifest.
1458 silly tarball no local data for readable-stream@https://registry.npmjs.org/readable-stream/-/readable-stream-3.6.2.tgz. Extracting by manifest.
1459 silly tarball no local data for react-loadable-ssr-addon-v5-slorber@https://registry.npmjs.org/react-loadable-ssr-addon-v5-slorber/-/react-loadable-ssr-addon-v5-slorber-1.0.3.tgz. Extracting by manifest.
1460 silly tarball no local data for react-json-view-lite@https://registry.npmjs.org/react-json-view-lite/-/react-json-view-lite-2.5.0.tgz. Extracting by manifest.
1461 silly tarball no local data for react-is@https://registry.npmjs.org/react-is/-/react-is-16.13.1.tgz. Extracting by manifest.
1462 silly tarball no local data for react-helmet-async@https://registry.npmjs.org/@slorber/react-helmet-async/-/react-helmet-async-1.3.0.tgz. Extracting by manifest.
1463 silly tarball no local data for react-fast-compare@https://registry.npmjs.org/react-fast-compare/-/react-fast-compare-3.2.2.tgz. Extracting by manifest.
1464 silly tarball no local data for react-dom@https://registry.npmjs.org/react-dom/-/react-dom-19.2.7.tgz. Extracting by manifest.
1465 silly tarball no local data for react-loadable@https://registry.npmjs.org/@docusaurus/react-loadable/-/react-loadable-6.0.0.tgz. Extracting by manifest.
1466 silly tarball no local data for raw-body@https://registry.npmjs.org/raw-body/-/raw-body-2.5.3.tgz. Extracting by manifest.
1467 silly tarball no local data for react@https://registry.npmjs.org/react/-/react-19.2.7.tgz. Extracting by manifest.
1468 silly tarball no local data for rc@https://registry.npmjs.org/rc/-/rc-1.2.8.tgz. Extracting by manifest.
1469 silly tarball no local data for quick-lru@https://registry.npmjs.org/quick-lru/-/quick-lru-5.1.1.tgz. Extracting by manifest.
1470 silly tarball no local data for queue-microtask@https://registry.npmjs.org/queue-microtask/-/queue-microtask-1.2.3.tgz. Extracting by manifest.
1471 silly tarball no local data for qs@https://registry.npmjs.org/qs/-/qs-6.15.3.tgz. Extracting by manifest.
1472 silly tarball no local data for randombytes@https://registry.npmjs.org/randombytes/-/randombytes-2.1.0.tgz. Extracting by manifest.
1473 silly tarball no local data for range-parser@https://registry.npmjs.org/range-parser/-/range-parser-1.2.0.tgz. Extracting by manifest.
1474 silly tarball no local data for punycode@https://registry.npmjs.org/punycode/-/punycode-2.3.1.tgz. Extracting by manifest.
1475 silly tarball no local data for proxy-addr@https://registry.npmjs.org/proxy-addr/-/proxy-addr-2.0.7.tgz. Extracting by manifest.
1476 silly tarball no local data for proto-list@https://registry.npmjs.org/proto-list/-/proto-list-1.2.4.tgz. Extracting by manifest.
1477 silly tarball no local data for pvtsutils@https://registry.npmjs.org/pvtsutils/-/pvtsutils-1.3.6.tgz. Extracting by manifest.
1478 silly tarball no local data for prop-types@https://registry.npmjs.org/prop-types/-/prop-types-15.8.1.tgz. Extracting by manifest.
1479 silly tarball no local data for pupa@https://registry.npmjs.org/pupa/-/pupa-3.3.0.tgz. Extracting by manifest.
1480 silly tarball no local data for property-information@https://registry.npmjs.org/property-information/-/property-information-7.2.0.tgz. Extracting by manifest.
1481 silly tarball no local data for prism-react-renderer@https://registry.npmjs.org/prism-react-renderer/-/prism-react-renderer-2.4.1.tgz. Extracting by manifest.
1482 silly tarball no local data for process-nextick-args@https://registry.npmjs.org/process-nextick-args/-/process-nextick-args-2.0.1.tgz. Extracting by manifest.
1483 silly tarball no local data for pretty-time@https://registry.npmjs.org/pretty-time/-/pretty-time-1.1.0.tgz. Extracting by manifest.
1484 silly tarball no local data for pvutils@https://registry.npmjs.org/pvutils/-/pvutils-1.2.0.tgz. Extracting by manifest.
1485 silly tarball no local data for postcss-zindex@https://registry.npmjs.org/postcss-zindex/-/postcss-zindex-6.0.2.tgz. Extracting by manifest.
1486 silly tarball no local data for prompts@https://registry.npmjs.org/prompts/-/prompts-2.4.2.tgz. Extracting by manifest.
1487 silly tarball no local data for postcss-unique-selectors@https://registry.npmjs.org/postcss-unique-selectors/-/postcss-unique-selectors-6.0.4.tgz. Extracting by manifest.
1488 silly tarball no local data for postcss-value-parser@https://registry.npmjs.org/postcss-value-parser/-/postcss-value-parser-4.2.0.tgz. Extracting by manifest.
1489 silly tarball no local data for postcss-svgo@https://registry.npmjs.org/postcss-svgo/-/postcss-svgo-6.0.3.tgz. Extracting by manifest.
1490 silly tarball no local data for postcss-sort-media-queries@https://registry.npmjs.org/postcss-sort-media-queries/-/postcss-sort-media-queries-5.2.0.tgz. Extracting by manifest.
1491 silly tarball no local data for postcss-selector-not@https://registry.npmjs.org/postcss-selector-not/-/postcss-selector-not-8.0.1.tgz. Extracting by manifest.
1492 silly tarball no local data for postcss-selector-parser@https://registry.npmjs.org/postcss-selector-parser/-/postcss-selector-parser-6.1.4.tgz. Extracting by manifest.
1493 silly tarball no local data for prismjs@https://registry.npmjs.org/prismjs/-/prismjs-1.30.0.tgz. Extracting by manifest.
1494 silly tarball no local data for postcss-reduce-transforms@https://registry.npmjs.org/postcss-reduce-transforms/-/postcss-reduce-transforms-6.0.2.tgz. Extracting by manifest.
1495 silly tarball no local data for postcss-replace-overflow-wrap@https://registry.npmjs.org/postcss-replace-overflow-wrap/-/postcss-replace-overflow-wrap-4.0.0.tgz. Extracting by manifest.
1496 silly tarball no local data for postcss-reduce-idents@https://registry.npmjs.org/postcss-reduce-idents/-/postcss-reduce-idents-6.0.3.tgz. Extracting by manifest.
1497 silly tarball no local data for pretty-error@https://registry.npmjs.org/pretty-error/-/pretty-error-4.0.0.tgz. Extracting by manifest.
1498 silly tarball no local data for postcss-reduce-initial@https://registry.npmjs.org/postcss-reduce-initial/-/postcss-reduce-initial-6.1.0.tgz. Extracting by manifest.
1499 silly tarball no local data for postcss-preset-env@https://registry.npmjs.org/postcss-preset-env/-/postcss-preset-env-10.6.1.tgz. Extracting by manifest.
1500 silly tarball no local data for postcss-page-break@https://registry.npmjs.org/postcss-page-break/-/postcss-page-break-3.0.4.tgz. Extracting by manifest.
1501 silly tarball no local data for postcss-place@https://registry.npmjs.org/postcss-place/-/postcss-place-10.0.0.tgz. Extracting by manifest.
1502 silly tarball no local data for postcss-ordered-values@https://registry.npmjs.org/postcss-ordered-values/-/postcss-ordered-values-6.0.2.tgz. Extracting by manifest.
1503 silly tarball no local data for postcss-pseudo-class-any-link@https://registry.npmjs.org/postcss-pseudo-class-any-link/-/postcss-pseudo-class-any-link-10.0.1.tgz. Extracting by manifest.
1504 silly tarball no local data for postcss-opacity-percentage@https://registry.npmjs.org/postcss-opacity-percentage/-/postcss-opacity-percentage-3.0.0.tgz. Extracting by manifest.
1505 silly tarball no local data for postcss-normalize-whitespace@https://registry.npmjs.org/postcss-normalize-whitespace/-/postcss-normalize-whitespace-6.0.2.tgz. Extracting by manifest.
1506 silly tarball no local data for postcss-normalize-url@https://registry.npmjs.org/postcss-normalize-url/-/postcss-normalize-url-6.0.2.tgz. Extracting by manifest.
1507 silly tarball no local data for postcss-overflow-shorthand@https://registry.npmjs.org/postcss-overflow-shorthand/-/postcss-overflow-shorthand-6.0.0.tgz. Extracting by manifest.
1508 silly tarball no local data for postcss-normalize-unicode@https://registry.npmjs.org/postcss-normalize-unicode/-/postcss-normalize-unicode-6.1.0.tgz. Extracting by manifest.
1509 silly tarball no local data for postcss-normalize-string@https://registry.npmjs.org/postcss-normalize-string/-/postcss-normalize-string-6.0.2.tgz. Extracting by manifest.
1510 silly tarball no local data for postcss-normalize-timing-functions@https://registry.npmjs.org/postcss-normalize-timing-functions/-/postcss-normalize-timing-functions-6.0.2.tgz. Extracting by manifest.
1511 silly tarball no local data for postcss-normalize-display-values@https://registry.npmjs.org/postcss-normalize-display-values/-/postcss-normalize-display-values-6.0.2.tgz. Extracting by manifest.
1512 silly tarball no local data for postcss-normalize-charset@https://registry.npmjs.org/postcss-normalize-charset/-/postcss-normalize-charset-6.0.2.tgz. Extracting by manifest.
1513 silly tarball no local data for postcss-nesting@https://registry.npmjs.org/postcss-nesting/-/postcss-nesting-13.0.2.tgz. Extracting by manifest.
1514 silly tarball no local data for postcss-normalize-repeat-style@https://registry.npmjs.org/postcss-normalize-repeat-style/-/postcss-normalize-repeat-style-6.0.2.tgz. Extracting by manifest.
1515 silly tarball no local data for postcss-modules-values@https://registry.npmjs.org/postcss-modules-values/-/postcss-modules-values-4.0.0.tgz. Extracting by manifest.
1516 silly tarball no local data for postcss-modules-scope@https://registry.npmjs.org/postcss-modules-scope/-/postcss-modules-scope-3.2.1.tgz. Extracting by manifest.
1517 silly tarball no local data for postcss-modules-local-by-default@https://registry.npmjs.org/postcss-modules-local-by-default/-/postcss-modules-local-by-default-4.2.0.tgz. Extracting by manifest.
1518 silly tarball no local data for postcss-normalize-positions@https://registry.npmjs.org/postcss-normalize-positions/-/postcss-normalize-positions-6.0.2.tgz. Extracting by manifest.
1519 silly tarball no local data for postcss-minify-params@https://registry.npmjs.org/postcss-minify-params/-/postcss-minify-params-6.1.0.tgz. Extracting by manifest.
1520 silly tarball no local data for postcss-minify-gradients@https://registry.npmjs.org/postcss-minify-gradients/-/postcss-minify-gradients-6.0.3.tgz. Extracting by manifest.
1521 silly tarball no local data for postcss-modules-extract-imports@https://registry.npmjs.org/postcss-modules-extract-imports/-/postcss-modules-extract-imports-3.1.0.tgz. Extracting by manifest.
1522 silly tarball no local data for postcss-merge-rules@https://registry.npmjs.org/postcss-merge-rules/-/postcss-merge-rules-6.1.1.tgz. Extracting by manifest.
1523 silly tarball no local data for postcss-merge-longhand@https://registry.npmjs.org/postcss-merge-longhand/-/postcss-merge-longhand-6.0.5.tgz. Extracting by manifest.
1524 silly tarball no local data for postcss-merge-idents@https://registry.npmjs.org/postcss-merge-idents/-/postcss-merge-idents-6.0.3.tgz. Extracting by manifest.
1525 silly tarball no local data for postcss-logical@https://registry.npmjs.org/postcss-logical/-/postcss-logical-8.1.0.tgz. Extracting by manifest.
1526 silly tarball no local data for postcss-loader@https://registry.npmjs.org/postcss-loader/-/postcss-loader-7.3.4.tgz. Extracting by manifest.
1527 silly tarball no local data for postcss-image-set-function@https://registry.npmjs.org/postcss-image-set-function/-/postcss-image-set-function-7.0.0.tgz. Extracting by manifest.
1528 silly tarball no local data for postcss-gap-properties@https://registry.npmjs.org/postcss-gap-properties/-/postcss-gap-properties-6.0.0.tgz. Extracting by manifest.
1529 silly tarball no local data for postcss-minify-selectors@https://registry.npmjs.org/postcss-minify-selectors/-/postcss-minify-selectors-6.0.4.tgz. Extracting by manifest.
1530 silly tarball no local data for postcss-font-variant@https://registry.npmjs.org/postcss-font-variant/-/postcss-font-variant-5.0.0.tgz. Extracting by manifest.
1531 silly tarball no local data for postcss-minify-font-values@https://registry.npmjs.org/postcss-minify-font-values/-/postcss-minify-font-values-6.1.0.tgz. Extracting by manifest.
1532 silly tarball no local data for postcss-focus-within@https://registry.npmjs.org/postcss-focus-within/-/postcss-focus-within-9.0.1.tgz. Extracting by manifest.
1533 silly tarball no local data for postcss-focus-visible@https://registry.npmjs.org/postcss-focus-visible/-/postcss-focus-visible-10.0.1.tgz. Extracting by manifest.
1534 silly tarball no local data for postcss-double-position-gradients@https://registry.npmjs.org/postcss-double-position-gradients/-/postcss-double-position-gradients-6.0.4.tgz. Extracting by manifest.
1535 silly tarball no local data for postcss-discard-overridden@https://registry.npmjs.org/postcss-discard-overridden/-/postcss-discard-overridden-6.0.2.tgz. Extracting by manifest.
1536 silly tarball no local data for postcss-lab-function@https://registry.npmjs.org/postcss-lab-function/-/postcss-lab-function-7.0.12.tgz. Extracting by manifest.
1537 silly tarball no local data for postcss-discard-unused@https://registry.npmjs.org/postcss-discard-unused/-/postcss-discard-unused-6.0.5.tgz. Extracting by manifest.
1538 silly tarball no local data for postcss-discard-comments@https://registry.npmjs.org/postcss-discard-comments/-/postcss-discard-comments-6.0.2.tgz. Extracting by manifest.
1539 silly tarball no local data for postcss-dir-pseudo-class@https://registry.npmjs.org/postcss-dir-pseudo-class/-/postcss-dir-pseudo-class-9.0.1.tgz. Extracting by manifest.
1540 silly tarball no local data for postcss-custom-selectors@https://registry.npmjs.org/postcss-custom-selectors/-/postcss-custom-selectors-8.0.5.tgz. Extracting by manifest.
1541 silly tarball no local data for postcss-custom-properties@https://registry.npmjs.org/postcss-custom-properties/-/postcss-custom-properties-14.0.6.tgz. Extracting by manifest.
1542 silly tarball no local data for postcss-discard-duplicates@https://registry.npmjs.org/postcss-discard-duplicates/-/postcss-discard-duplicates-6.0.3.tgz. Extracting by manifest.
1543 silly tarball no local data for postcss-custom-media@https://registry.npmjs.org/postcss-custom-media/-/postcss-custom-media-11.0.6.tgz. Extracting by manifest.
1544 silly tarball no local data for postcss-convert-values@https://registry.npmjs.org/postcss-convert-values/-/postcss-convert-values-6.1.0.tgz. Extracting by manifest.
1545 silly tarball no local data for postcss-color-rebeccapurple@https://registry.npmjs.org/postcss-color-rebeccapurple/-/postcss-color-rebeccapurple-10.0.0.tgz. Extracting by manifest.
1546 silly tarball no local data for postcss-color-hex-alpha@https://registry.npmjs.org/postcss-color-hex-alpha/-/postcss-color-hex-alpha-10.0.0.tgz. Extracting by manifest.
1547 silly tarball no local data for postcss-discard-empty@https://registry.npmjs.org/postcss-discard-empty/-/postcss-discard-empty-6.0.3.tgz. Extracting by manifest.
1548 silly tarball no local data for postcss-color-functional-notation@https://registry.npmjs.org/postcss-color-functional-notation/-/postcss-color-functional-notation-7.0.12.tgz. Extracting by manifest.
1549 silly tarball no local data for postcss-calc@https://registry.npmjs.org/postcss-calc/-/postcss-calc-9.0.1.tgz. Extracting by manifest.
1550 silly tarball no local data for pkijs@https://registry.npmjs.org/pkijs/-/pkijs-3.4.0.tgz. Extracting by manifest.
1551 silly tarball no local data for postcss@https://registry.npmjs.org/postcss/-/postcss-8.5.26.tgz. Extracting by manifest.
1552 silly tarball no local data for pkg-dir@https://registry.npmjs.org/pkg-dir/-/pkg-dir-7.0.0.tgz. Extracting by manifest.
1553 silly tarball no local data for postcss-clamp@https://registry.npmjs.org/postcss-clamp/-/postcss-clamp-4.1.0.tgz. Extracting by manifest.
1554 silly tarball no local data for picocolors@https://registry.npmjs.org/picocolors/-/picocolors-1.1.1.tgz. Extracting by manifest.
1555 silly tarball no local data for path-type@https://registry.npmjs.org/path-type/-/path-type-4.0.0.tgz. Extracting by manifest.
1556 silly tarball no local data for postcss-colormin@https://registry.npmjs.org/postcss-colormin/-/postcss-colormin-6.1.0.tgz. Extracting by manifest.
1557 silly tarball no local data for postcss-attribute-case-insensitive@https://registry.npmjs.org/postcss-attribute-case-insensitive/-/postcss-attribute-case-insensitive-7.0.1.tgz. Extracting by manifest.
1558 silly tarball no local data for picomatch@https://registry.npmjs.org/picomatch/-/picomatch-2.3.2.tgz. Extracting by manifest.
1559 silly tarball no local data for path-is-inside@https://registry.npmjs.org/path-is-inside/-/path-is-inside-1.0.2.tgz. Extracting by manifest.
1560 silly tarball no local data for path-to-regexp@https://registry.npmjs.org/path-to-regexp/-/path-to-regexp-1.9.0.tgz. Extracting by manifest.
1561 silly tarball no local data for parseurl@https://registry.npmjs.org/parseurl/-/parseurl-1.3.3.tgz. Extracting by manifest.
1562 silly tarball no local data for parse5-htmlparser2-tree-adapter@https://registry.npmjs.org/parse5-htmlparser2-tree-adapter/-/parse5-htmlparser2-tree-adapter-7.1.0.tgz. Extracting by manifest.
1563 silly tarball no local data for parse-numeric-range@https://registry.npmjs.org/parse-numeric-range/-/parse-numeric-range-1.3.0.tgz. Extracting by manifest.
1564 silly tarball no local data for parse-json@https://registry.npmjs.org/parse-json/-/parse-json-5.2.0.tgz. Extracting by manifest.
1565 silly tarball no local data for parse-entities@https://registry.npmjs.org/parse-entities/-/parse-entities-4.0.2.tgz. Extracting by manifest.
1566 silly tarball no local data for parent-module@https://registry.npmjs.org/parent-module/-/parent-module-1.0.1.tgz. Extracting by manifest.
1567 silly tarball no local data for parse5@https://registry.npmjs.org/parse5/-/parse5-7.3.0.tgz. Extracting by manifest.
1568 silly tarball no local data for pascal-case@https://registry.npmjs.org/pascal-case/-/pascal-case-3.1.2.tgz. Extracting by manifest.
1569 silly tarball no local data for path-exists@https://registry.npmjs.org/path-exists/-/path-exists-5.0.0.tgz. Extracting by manifest.
1570 silly tarball no local data for param-case@https://registry.npmjs.org/param-case/-/param-case-3.0.4.tgz. Extracting by manifest.
1571 silly tarball no local data for p-timeout@https://registry.npmjs.org/p-timeout/-/p-timeout-3.2.0.tgz. Extracting by manifest.
1572 silly tarball no local data for p-retry@https://registry.npmjs.org/p-retry/-/p-retry-6.2.1.tgz. Extracting by manifest.
1573 silly tarball no local data for p-queue@https://registry.npmjs.org/p-queue/-/p-queue-6.6.2.tgz. Extracting by manifest.
1574 silly tarball no local data for p-map@https://registry.npmjs.org/p-map/-/p-map-4.0.0.tgz. Extracting by manifest.
1575 silly tarball no local data for package-json@https://registry.npmjs.org/package-json/-/package-json-8.1.1.tgz. Extracting by manifest.
1576 silly tarball no local data for p-locate@https://registry.npmjs.org/p-locate/-/p-locate-6.0.0.tgz. Extracting by manifest.
1577 silly tarball no local data for path-parse@https://registry.npmjs.org/path-parse/-/path-parse-1.0.7.tgz. Extracting by manifest.
1578 silly tarball no local data for p-limit@https://registry.npmjs.org/p-limit/-/p-limit-4.0.0.tgz. Extracting by manifest.
1579 silly tarball no local data for p-finally@https://registry.npmjs.org/p-finally/-/p-finally-1.0.0.tgz. Extracting by manifest.
1580 silly tarball no local data for p-cancelable@https://registry.npmjs.org/p-cancelable/-/p-cancelable-3.0.0.tgz. Extracting by manifest.
1581 silly tarball no local data for open@https://registry.npmjs.org/open/-/open-8.4.2.tgz. Extracting by manifest.
1582 silly tarball no local data for onetime@https://registry.npmjs.org/onetime/-/onetime-5.1.2.tgz. Extracting by manifest.
1583 silly tarball no local data for on-finished@https://registry.npmjs.org/on-finished/-/on-finished-2.4.1.tgz. Extracting by manifest.
1584 silly tarball no local data for opener@https://registry.npmjs.org/opener/-/opener-1.5.2.tgz. Extracting by manifest.
1585 silly tarball no local data for obuf@https://registry.npmjs.org/obuf/-/obuf-1.1.2.tgz. Extracting by manifest.
1586 silly tarball no local data for object.assign@https://registry.npmjs.org/object.assign/-/object.assign-4.1.7.tgz. Extracting by manifest.
1587 silly tarball no local data for object-keys@https://registry.npmjs.org/object-keys/-/object-keys-1.1.1.tgz. Extracting by manifest.
1588 silly tarball no local data for on-headers@https://registry.npmjs.org/on-headers/-/on-headers-1.1.0.tgz. Extracting by manifest.
1589 silly tarball no local data for object-inspect@https://registry.npmjs.org/object-inspect/-/object-inspect-1.13.4.tgz. Extracting by manifest.
1590 silly tarball no local data for object-assign@https://registry.npmjs.org/object-assign/-/object-assign-4.1.1.tgz. Extracting by manifest.
1591 silly tarball no local data for nprogress@https://registry.npmjs.org/nprogress/-/nprogress-0.2.0.tgz. Extracting by manifest.
1592 silly tarball no local data for nth-check@https://registry.npmjs.org/nth-check/-/nth-check-2.1.1.tgz. Extracting by manifest.
1593 silly tarball no local data for npm-run-path@https://registry.npmjs.org/npm-run-path/-/npm-run-path-4.0.1.tgz. Extracting by manifest.
1594 silly tarball no local data for null-loader@https://registry.npmjs.org/null-loader/-/null-loader-4.0.1.tgz. Extracting by manifest.
1595 silly tarball no local data for normalize-url@https://registry.npmjs.org/normalize-url/-/normalize-url-8.1.1.tgz. Extracting by manifest.
1596 silly tarball no local data for no-case@https://registry.npmjs.org/no-case/-/no-case-3.0.4.tgz. Extracting by manifest.
1597 silly tarball no local data for node-releases@https://registry.npmjs.org/node-releases/-/node-releases-2.0.51.tgz. Extracting by manifest.
1598 silly tarball no local data for neo-async@https://registry.npmjs.org/neo-async/-/neo-async-2.6.2.tgz. Extracting by manifest.
1599 silly tarball no local data for normalize-path@https://registry.npmjs.org/normalize-path/-/normalize-path-3.0.0.tgz. Extracting by manifest.
1600 silly tarball no local data for nanoid@https://registry.npmjs.org/nanoid/-/nanoid-3.3.18.tgz. Extracting by manifest.
1601 silly tarball no local data for multicast-dns@https://registry.npmjs.org/multicast-dns/-/multicast-dns-7.2.5.tgz. Extracting by manifest.
1602 silly tarball no local data for ms@https://registry.npmjs.org/ms/-/ms-2.1.3.tgz. Extracting by manifest.
1603 silly tarball no local data for mrmime@https://registry.npmjs.org/mrmime/-/mrmime-2.0.1.tgz. Extracting by manifest.
1604 silly tarball no local data for minimizer-webpack-plugin@https://registry.npmjs.org/minimizer-webpack-plugin/-/minimizer-webpack-plugin-5.6.1.tgz. Extracting by manifest.
1605 silly tarball no local data for node-emoji@https://registry.npmjs.org/node-emoji/-/node-emoji-2.2.0.tgz. Extracting by manifest.
1606 silly tarball no local data for negotiator@https://registry.npmjs.org/negotiator/-/negotiator-0.6.4.tgz. Extracting by manifest.
1607 silly tarball no local data for minimatch@https://registry.npmjs.org/minimatch/-/minimatch-3.1.5.tgz. Extracting by manifest.
1608 silly tarball no local data for minimalistic-assert@https://registry.npmjs.org/minimalistic-assert/-/minimalistic-assert-1.0.1.tgz. Extracting by manifest.
1609 silly tarball no local data for mini-css-extract-plugin@https://registry.npmjs.org/mini-css-extract-plugin/-/mini-css-extract-plugin-2.10.2.tgz. Extracting by manifest.
1610 silly tarball no local data for mimic-response@https://registry.npmjs.org/mimic-response/-/mimic-response-4.0.0.tgz. Extracting by manifest.
1611 silly tarball no local data for mime@https://registry.npmjs.org/mime/-/mime-1.6.0.tgz. Extracting by manifest.
1612 silly tarball no local data for mime-db@https://registry.npmjs.org/mime-db/-/mime-db-1.33.0.tgz. Extracting by manifest.
1613 silly tarball no local data for mimic-fn@https://registry.npmjs.org/mimic-fn/-/mimic-fn-2.1.0.tgz. Extracting by manifest.
1614 silly tarball no local data for micromatch@https://registry.npmjs.org/micromatch/-/micromatch-4.0.8.tgz. Extracting by manifest.
1615 silly tarball no local data for mime-types@https://registry.npmjs.org/mime-types/-/mime-types-2.1.18.tgz. Extracting by manifest.
1616 silly tarball no local data for micromark-util-subtokenize@https://registry.npmjs.org/micromark-util-subtokenize/-/micromark-util-subtokenize-2.1.0.tgz. Extracting by manifest.
1617 silly tarball no local data for micromark-util-types@https://registry.npmjs.org/micromark-util-types/-/micromark-util-types-2.0.2.tgz. Extracting by manifest.
1618 silly tarball no local data for micromark-util-normalize-identifier@https://registry.npmjs.org/micromark-util-normalize-identifier/-/micromark-util-normalize-identifier-2.0.1.tgz. Extracting by manifest.
1619 silly tarball no local data for micromark-util-resolve-all@https://registry.npmjs.org/micromark-util-resolve-all/-/micromark-util-resolve-all-2.0.1.tgz. Extracting by manifest.
1620 silly tarball no local data for micromark-util-html-tag-name@https://registry.npmjs.org/micromark-util-html-tag-name/-/micromark-util-html-tag-name-2.0.1.tgz. Extracting by manifest.
1621 silly tarball no local data for micromark-util-events-to-acorn@https://registry.npmjs.org/micromark-util-events-to-acorn/-/micromark-util-events-to-acorn-2.0.3.tgz. Extracting by manifest.
1622 silly tarball no local data for micromark-util-symbol@https://registry.npmjs.org/micromark-util-symbol/-/micromark-util-symbol-1.1.0.tgz. Extracting by manifest.
1623 silly tarball no local data for micromark-util-encode@https://registry.npmjs.org/micromark-util-encode/-/micromark-util-encode-2.0.1.tgz. Extracting by manifest.
1624 silly tarball no local data for micromark-util-sanitize-uri@https://registry.npmjs.org/micromark-util-sanitize-uri/-/micromark-util-sanitize-uri-2.0.1.tgz. Extracting by manifest.
1625 silly tarball no local data for micromark-util-decode-string@https://registry.npmjs.org/micromark-util-decode-string/-/micromark-util-decode-string-2.0.1.tgz. Extracting by manifest.
1626 silly tarball no local data for micromark-util-decode-numeric-character-reference@https://registry.npmjs.org/micromark-util-decode-numeric-character-reference/-/micromark-util-decode-numeric-character-reference-2.0.2.tgz. Extracting by manifest.
1627 silly tarball no local data for micromark-util-chunked@https://registry.npmjs.org/micromark-util-chunked/-/micromark-util-chunked-2.0.1.tgz. Extracting by manifest.
1628 silly tarball no local data for micromark-factory-whitespace@https://registry.npmjs.org/micromark-factory-whitespace/-/micromark-factory-whitespace-2.0.1.tgz. Extracting by manifest.
1629 silly tarball no local data for micromark-factory-title@https://registry.npmjs.org/micromark-factory-title/-/micromark-factory-title-2.0.1.tgz. Extracting by manifest.
1630 silly tarball no local data for micromark-factory-space@https://registry.npmjs.org/micromark-factory-space/-/micromark-factory-space-1.1.0.tgz. Extracting by manifest.
1631 silly tarball no local data for micromark-factory-mdx-expression@https://registry.npmjs.org/micromark-factory-mdx-expression/-/micromark-factory-mdx-expression-2.0.3.tgz. Extracting by manifest.
1632 silly tarball no local data for micromark-util-combine-extensions@https://registry.npmjs.org/micromark-util-combine-extensions/-/micromark-util-combine-extensions-2.0.1.tgz. Extracting by manifest.
1633 silly tarball no local data for micromark-util-classify-character@https://registry.npmjs.org/micromark-util-classify-character/-/micromark-util-classify-character-2.0.1.tgz. Extracting by manifest.
1634 silly tarball no local data for micromark-extension-mdxjs-esm@https://registry.npmjs.org/micromark-extension-mdxjs-esm/-/micromark-extension-mdxjs-esm-3.0.0.tgz. Extracting by manifest.
1635 silly tarball no local data for micromark-util-character@https://registry.npmjs.org/micromark-util-character/-/micromark-util-character-1.2.0.tgz. Extracting by manifest.
1636 silly tarball no local data for micromark-factory-destination@https://registry.npmjs.org/micromark-factory-destination/-/micromark-factory-destination-2.0.1.tgz. Extracting by manifest.
1637 silly tarball no local data for micromark-extension-mdx-jsx@https://registry.npmjs.org/micromark-extension-mdx-jsx/-/micromark-extension-mdx-jsx-3.0.2.tgz. Extracting by manifest.
1638 silly tarball no local data for micromark-factory-label@https://registry.npmjs.org/micromark-factory-label/-/micromark-factory-label-2.0.1.tgz. Extracting by manifest.
1639 silly tarball no local data for micromark-extension-mdx-expression@https://registry.npmjs.org/micromark-extension-mdx-expression/-/micromark-extension-mdx-expression-3.0.1.tgz. Extracting by manifest.
1640 silly tarball no local data for micromark-extension-gfm-task-list-item@https://registry.npmjs.org/micromark-extension-gfm-task-list-item/-/micromark-extension-gfm-task-list-item-2.1.0.tgz. Extracting by manifest.
1641 silly tarball no local data for micromark-extension-gfm-tagfilter@https://registry.npmjs.org/micromark-extension-gfm-tagfilter/-/micromark-extension-gfm-tagfilter-2.0.0.tgz. Extracting by manifest.
1642 silly tarball no local data for micromark-extension-mdxjs@https://registry.npmjs.org/micromark-extension-mdxjs/-/micromark-extension-mdxjs-3.0.0.tgz. Extracting by manifest.
1643 silly tarball no local data for micromark-extension-gfm-strikethrough@https://registry.npmjs.org/micromark-extension-gfm-strikethrough/-/micromark-extension-gfm-strikethrough-2.1.0.tgz. Extracting by manifest.
1644 silly tarball no local data for micromark-extension-gfm-footnote@https://registry.npmjs.org/micromark-extension-gfm-footnote/-/micromark-extension-gfm-footnote-2.1.0.tgz. Extracting by manifest.
1645 silly tarball no local data for micromark-extension-gfm-autolink-literal@https://registry.npmjs.org/micromark-extension-gfm-autolink-literal/-/micromark-extension-gfm-autolink-literal-2.1.0.tgz. Extracting by manifest.
1646 silly tarball no local data for micromark-extension-mdx-md@https://registry.npmjs.org/micromark-extension-mdx-md/-/micromark-extension-mdx-md-2.0.0.tgz. Extracting by manifest.
1647 silly tarball no local data for micromark-extension-frontmatter@https://registry.npmjs.org/micromark-extension-frontmatter/-/micromark-extension-frontmatter-2.0.0.tgz. Extracting by manifest.
1648 silly tarball no local data for micromark-extension-gfm-table@https://registry.npmjs.org/micromark-extension-gfm-table/-/micromark-extension-gfm-table-2.1.1.tgz. Extracting by manifest.
1649 silly tarball no local data for methods@https://registry.npmjs.org/methods/-/methods-1.1.2.tgz. Extracting by manifest.
1650 silly tarball no local data for micromark@https://registry.npmjs.org/micromark/-/micromark-4.0.2.tgz. Extracting by manifest.
1651 silly tarball no local data for merge2@https://registry.npmjs.org/merge2/-/merge2-1.4.1.tgz. Extracting by manifest.
1652 silly tarball no local data for micromark-core-commonmark@https://registry.npmjs.org/micromark-core-commonmark/-/micromark-core-commonmark-2.0.3.tgz. Extracting by manifest.
1653 silly tarball no local data for merge-stream@https://registry.npmjs.org/merge-stream/-/merge-stream-2.0.0.tgz. Extracting by manifest.
1654 silly tarball no local data for memfs@https://registry.npmjs.org/memfs/-/memfs-4.68.0.tgz. Extracting by manifest.
1655 silly tarball no local data for micromark-extension-gfm@https://registry.npmjs.org/micromark-extension-gfm/-/micromark-extension-gfm-3.0.0.tgz. Extracting by manifest.
1656 silly tarball no local data for micromark-extension-directive@https://registry.npmjs.org/micromark-extension-directive/-/micromark-extension-directive-3.0.2.tgz. Extracting by manifest.
1657 silly tarball no local data for media-typer@https://registry.npmjs.org/media-typer/-/media-typer-0.3.0.tgz. Extracting by manifest.
1658 silly tarball no local data for merge-descriptors@https://registry.npmjs.org/merge-descriptors/-/merge-descriptors-1.0.3.tgz. Extracting by manifest.
1659 silly tarball no local data for mdast-util-to-markdown@https://registry.npmjs.org/mdast-util-to-markdown/-/mdast-util-to-markdown-2.1.2.tgz. Extracting by manifest.
1660 silly tarball no local data for mdn-data@https://registry.npmjs.org/mdn-data/-/mdn-data-2.0.30.tgz. Extracting by manifest.
1661 silly tarball no local data for mdast-util-to-string@https://registry.npmjs.org/mdast-util-to-string/-/mdast-util-to-string-4.0.0.tgz. Extracting by manifest.
1662 silly tarball no local data for mdast-util-to-hast@https://registry.npmjs.org/mdast-util-to-hast/-/mdast-util-to-hast-13.2.1.tgz. Extracting by manifest.
1663 silly tarball no local data for mdast-util-mdx-jsx@https://registry.npmjs.org/mdast-util-mdx-jsx/-/mdast-util-mdx-jsx-3.2.0.tgz. Extracting by manifest.
1664 silly tarball no local data for mdast-util-phrasing@https://registry.npmjs.org/mdast-util-phrasing/-/mdast-util-phrasing-4.1.0.tgz. Extracting by manifest.
1665 silly tarball no local data for mdast-util-mdx@https://registry.npmjs.org/mdast-util-mdx/-/mdast-util-mdx-3.0.0.tgz. Extracting by manifest.
1666 silly tarball no local data for mdast-util-gfm-task-list-item@https://registry.npmjs.org/mdast-util-gfm-task-list-item/-/mdast-util-gfm-task-list-item-2.0.0.tgz. Extracting by manifest.
1667 silly tarball no local data for mdast-util-mdxjs-esm@https://registry.npmjs.org/mdast-util-mdxjs-esm/-/mdast-util-mdxjs-esm-2.0.1.tgz. Extracting by manifest.
1668 silly tarball no local data for mdast-util-mdx-expression@https://registry.npmjs.org/mdast-util-mdx-expression/-/mdast-util-mdx-expression-2.0.1.tgz. Extracting by manifest.
1669 silly tarball no local data for mdast-util-gfm-table@https://registry.npmjs.org/mdast-util-gfm-table/-/mdast-util-gfm-table-2.0.0.tgz. Extracting by manifest.
1670 silly tarball no local data for mdast-util-gfm-footnote@https://registry.npmjs.org/mdast-util-gfm-footnote/-/mdast-util-gfm-footnote-2.1.0.tgz. Extracting by manifest.
1671 silly tarball no local data for mdast-util-gfm-strikethrough@https://registry.npmjs.org/mdast-util-gfm-strikethrough/-/mdast-util-gfm-strikethrough-2.0.0.tgz. Extracting by manifest.
1672 silly tarball no local data for mdast-util-gfm-autolink-literal@https://registry.npmjs.org/mdast-util-gfm-autolink-literal/-/mdast-util-gfm-autolink-literal-2.0.1.tgz. Extracting by manifest.
1673 silly tarball no local data for mdast-util-frontmatter@https://registry.npmjs.org/mdast-util-frontmatter/-/mdast-util-frontmatter-2.0.1.tgz. Extracting by manifest.
1674 silly tarball no local data for mdast-util-gfm@https://registry.npmjs.org/mdast-util-gfm/-/mdast-util-gfm-3.1.0.tgz. Extracting by manifest.
1675 silly tarball no local data for mdast-util-from-markdown@https://registry.npmjs.org/mdast-util-from-markdown/-/mdast-util-from-markdown-2.0.3.tgz. Extracting by manifest.
1676 silly tarball no local data for mdast-util-find-and-replace@https://registry.npmjs.org/mdast-util-find-and-replace/-/mdast-util-find-and-replace-3.0.2.tgz. Extracting by manifest.
1677 silly tarball no local data for mdast-util-directive@https://registry.npmjs.org/mdast-util-directive/-/mdast-util-directive-3.1.0.tgz. Extracting by manifest.
1678 silly tarball no local data for markdown-table@https://registry.npmjs.org/markdown-table/-/markdown-table-3.0.4.tgz. Extracting by manifest.
1679 silly tarball no local data for markdown-extensions@https://registry.npmjs.org/markdown-extensions/-/markdown-extensions-2.0.0.tgz. Extracting by manifest.
1680 silly tarball no local data for lru-cache@https://registry.npmjs.org/lru-cache/-/lru-cache-5.1.1.tgz. Extracting by manifest.
1681 silly tarball no local data for math-intrinsics@https://registry.npmjs.org/math-intrinsics/-/math-intrinsics-1.1.0.tgz. Extracting by manifest.
1682 silly tarball no local data for lowercase-keys@https://registry.npmjs.org/lowercase-keys/-/lowercase-keys-3.0.0.tgz. Extracting by manifest.
1683 silly tarball no local data for lower-case@https://registry.npmjs.org/lower-case/-/lower-case-2.0.2.tgz. Extracting by manifest.
1684 silly tarball no local data for loose-envify@https://registry.npmjs.org/loose-envify/-/loose-envify-1.4.0.tgz. Extracting by manifest.
1685 silly tarball no local data for longest-streak@https://registry.npmjs.org/longest-streak/-/longest-streak-3.1.0.tgz. Extracting by manifest.
1686 silly tarball no local data for lodash.debounce@https://registry.npmjs.org/lodash.debounce/-/lodash.debounce-4.0.8.tgz. Extracting by manifest.
1687 silly tarball no local data for lodash.memoize@https://registry.npmjs.org/lodash.memoize/-/lodash.memoize-4.1.2.tgz. Extracting by manifest.
1688 silly tarball no local data for locate-path@https://registry.npmjs.org/locate-path/-/locate-path-7.2.0.tgz. Extracting by manifest.
1689 silly tarball no local data for loader-utils@https://registry.npmjs.org/loader-utils/-/loader-utils-2.0.4.tgz. Extracting by manifest.
1690 silly tarball no local data for loader-runner@https://registry.npmjs.org/loader-runner/-/loader-runner-4.3.2.tgz. Extracting by manifest.
1691 silly tarball no local data for lines-and-columns@https://registry.npmjs.org/lines-and-columns/-/lines-and-columns-1.2.4.tgz. Extracting by manifest.
1692 silly tarball no local data for leven@https://registry.npmjs.org/leven/-/leven-3.1.0.tgz. Extracting by manifest.
1693 silly tarball no local data for lodash@https://registry.npmjs.org/lodash/-/lodash-4.18.1.tgz. Extracting by manifest.
1694 silly tarball no local data for latest-version@https://registry.npmjs.org/latest-version/-/latest-version-7.0.0.tgz. Extracting by manifest.
1695 silly tarball no local data for lodash.uniq@https://registry.npmjs.org/lodash.uniq/-/lodash.uniq-4.5.0.tgz. Extracting by manifest.
1696 silly tarball no local data for launch-editor@https://registry.npmjs.org/launch-editor/-/launch-editor-2.14.1.tgz. Extracting by manifest.
1697 silly tarball no local data for lilconfig@https://registry.npmjs.org/lilconfig/-/lilconfig-3.1.3.tgz. Extracting by manifest.
1698 silly tarball no local data for keyv@https://registry.npmjs.org/keyv/-/keyv-4.5.4.tgz. Extracting by manifest.
1699 silly tarball no local data for kind-of@https://registry.npmjs.org/kind-of/-/kind-of-6.0.3.tgz. Extracting by manifest.
1700 silly tarball no local data for kleur@https://registry.npmjs.org/kleur/-/kleur-3.0.3.tgz. Extracting by manifest.
1701 silly tarball no local data for jsonfile@https://registry.npmjs.org/jsonfile/-/jsonfile-6.2.1.tgz. Extracting by manifest.
1702 silly tarball no local data for json-parse-even-better-errors@https://registry.npmjs.org/json-parse-even-better-errors/-/json-parse-even-better-errors-2.3.1.tgz. Extracting by manifest.
1703 silly tarball no local data for json5@https://registry.npmjs.org/json5/-/json5-2.2.3.tgz. Extracting by manifest.
1704 silly tarball no local data for json-schema-traverse@https://registry.npmjs.org/json-schema-traverse/-/json-schema-traverse-1.0.0.tgz. Extracting by manifest.
1705 silly tarball no local data for json-buffer@https://registry.npmjs.org/json-buffer/-/json-buffer-3.0.1.tgz. Extracting by manifest.
1706 silly tarball no local data for js-tokens@https://registry.npmjs.org/js-tokens/-/js-tokens-4.0.0.tgz. Extracting by manifest.
1707 silly tarball no local data for jiti@https://registry.npmjs.org/jiti/-/jiti-1.21.7.tgz. Extracting by manifest.
1708 silly tarball no local data for js-yaml@https://registry.npmjs.org/js-yaml/-/js-yaml-4.3.1.tgz. Extracting by manifest.
1709 silly tarball no local data for jest-worker@https://registry.npmjs.org/jest-worker/-/jest-worker-29.7.0.tgz. Extracting by manifest.
1710 silly tarball no local data for jest-util@https://registry.npmjs.org/jest-util/-/jest-util-29.7.0.tgz. Extracting by manifest.
1711 silly tarball no local data for joi@https://registry.npmjs.org/joi/-/joi-17.13.4.tgz. Extracting by manifest.
1712 silly tarball no local data for isarray@https://registry.npmjs.org/isarray/-/isarray-0.0.1.tgz. Extracting by manifest.
1713 silly tarball no local data for is-yarn-global@https://registry.npmjs.org/is-yarn-global/-/is-yarn-global-0.4.1.tgz. Extracting by manifest.
1714 silly tarball no local data for jsesc@https://registry.npmjs.org/jsesc/-/jsesc-3.1.0.tgz. Extracting by manifest.
1715 silly tarball no local data for isobject@https://registry.npmjs.org/isobject/-/isobject-3.0.1.tgz. Extracting by manifest.
1716 silly tarball no local data for is-wsl@https://registry.npmjs.org/is-wsl/-/is-wsl-2.2.0.tgz. Extracting by manifest.
1717 silly tarball no local data for is-plain-object@https://registry.npmjs.org/is-plain-object/-/is-plain-object-2.0.4.tgz. Extracting by manifest.
1718 silly tarball no local data for is-plain-obj@https://registry.npmjs.org/is-plain-obj/-/is-plain-obj-4.1.0.tgz. Extracting by manifest.
1719 silly tarball no local data for is-typedarray@https://registry.npmjs.org/is-typedarray/-/is-typedarray-1.0.0.tgz. Extracting by manifest.
1720 silly tarball no local data for is-path-inside@https://registry.npmjs.org/is-path-inside/-/is-path-inside-3.0.3.tgz. Extracting by manifest.
1721 silly tarball no local data for is-obj@https://registry.npmjs.org/is-obj/-/is-obj-1.0.1.tgz. Extracting by manifest.
1722 silly tarball no local data for is-number@https://registry.npmjs.org/is-number/-/is-number-7.0.0.tgz. Extracting by manifest.
1723 silly tarball no local data for is-npm@https://registry.npmjs.org/is-npm/-/is-npm-6.1.0.tgz. Extracting by manifest.
1724 silly tarball no local data for is-stream@https://registry.npmjs.org/is-stream/-/is-stream-2.0.1.tgz. Extracting by manifest.
1725 silly tarball no local data for is-regexp@https://registry.npmjs.org/is-regexp/-/is-regexp-1.0.0.tgz. Extracting by manifest.
1726 silly tarball no local data for is-inside-container@https://registry.npmjs.org/is-inside-container/-/is-inside-container-1.0.0.tgz. Extracting by manifest.
1727 silly tarball no local data for is-hexadecimal@https://registry.npmjs.org/is-hexadecimal/-/is-hexadecimal-2.0.1.tgz. Extracting by manifest.
1728 silly tarball no local data for is-installed-globally@https://registry.npmjs.org/is-installed-globally/-/is-installed-globally-0.4.0.tgz. Extracting by manifest.
1729 silly tarball no local data for is-glob@https://registry.npmjs.org/is-glob/-/is-glob-4.0.3.tgz. Extracting by manifest.
1730 silly tarball no local data for is-extglob@https://registry.npmjs.org/is-extglob/-/is-extglob-2.1.1.tgz. Extracting by manifest.
1731 silly tarball no local data for is-docker@https://registry.npmjs.org/is-docker/-/is-docker-2.2.1.tgz. Extracting by manifest.
1732 silly tarball no local data for is-extendable@https://registry.npmjs.org/is-extendable/-/is-extendable-0.1.1.tgz. Extracting by manifest.
1733 silly tarball no local data for is-decimal@https://registry.npmjs.org/is-decimal/-/is-decimal-2.0.1.tgz. Extracting by manifest.
1734 silly tarball no local data for is-network-error@https://registry.npmjs.org/is-network-error/-/is-network-error-1.3.2.tgz. Extracting by manifest.
1735 silly tarball no local data for is-ci@https://registry.npmjs.org/is-ci/-/is-ci-3.0.1.tgz. Extracting by manifest.
1736 silly tarball no local data for is-binary-path@https://registry.npmjs.org/is-binary-path/-/is-binary-path-2.1.0.tgz. Extracting by manifest.
1737 silly tarball no local data for is-core-module@https://registry.npmjs.org/is-core-module/-/is-core-module-2.16.2.tgz. Extracting by manifest.
1738 silly tarball no local data for is-alphabetical@https://registry.npmjs.org/is-alphabetical/-/is-alphabetical-2.0.1.tgz. Extracting by manifest.
1739 silly tarball no local data for is-alphanumerical@https://registry.npmjs.org/is-alphanumerical/-/is-alphanumerical-2.0.1.tgz. Extracting by manifest.
1740 silly tarball no local data for is-arrayish@https://registry.npmjs.org/is-arrayish/-/is-arrayish-0.2.1.tgz. Extracting by manifest.
1741 silly tarball no local data for invariant@https://registry.npmjs.org/invariant/-/invariant-2.2.4.tgz. Extracting by manifest.
1742 silly tarball no local data for ipaddr.js@https://registry.npmjs.org/ipaddr.js/-/ipaddr.js-2.5.0.tgz. Extracting by manifest.
1743 silly tarball no local data for inline-style-parser@https://registry.npmjs.org/inline-style-parser/-/inline-style-parser-0.2.7.tgz. Extracting by manifest.
1744 silly tarball no local data for ini@https://registry.npmjs.org/ini/-/ini-2.0.0.tgz. Extracting by manifest.
1745 silly tarball no local data for inherits@https://registry.npmjs.org/inherits/-/inherits-2.0.4.tgz. Extracting by manifest.
1746 silly tarball no local data for infima@https://registry.npmjs.org/infima/-/infima-0.2.0-alpha.45.tgz. Extracting by manifest.
1747 silly tarball no local data for imurmurhash@https://registry.npmjs.org/imurmurhash/-/imurmurhash-0.1.4.tgz. Extracting by manifest.
1748 silly tarball no local data for indent-string@https://registry.npmjs.org/indent-string/-/indent-string-4.0.0.tgz. Extracting by manifest.
1749 silly tarball no local data for import-lazy@https://registry.npmjs.org/import-lazy/-/import-lazy-4.0.0.tgz. Extracting by manifest.
1750 silly tarball no local data for import-fresh@https://registry.npmjs.org/import-fresh/-/import-fresh-3.3.1.tgz. Extracting by manifest.
1751 silly tarball no local data for image-size@https://registry.npmjs.org/image-size/-/image-size-2.0.2.tgz. Extracting by manifest.
1752 silly tarball no local data for icss-utils@https://registry.npmjs.org/icss-utils/-/icss-utils-5.1.0.tgz. Extracting by manifest.
1753 silly tarball no local data for hyperdyperid@https://registry.npmjs.org/hyperdyperid/-/hyperdyperid-1.2.0.tgz. Extracting by manifest.
1754 silly tarball no local data for ignore@https://registry.npmjs.org/ignore/-/ignore-5.3.2.tgz. Extracting by manifest.
1755 silly tarball no local data for human-signals@https://registry.npmjs.org/human-signals/-/human-signals-2.1.0.tgz. Extracting by manifest.
1756 silly tarball no local data for iconv-lite@https://registry.npmjs.org/iconv-lite/-/iconv-lite-0.4.24.tgz. Extracting by manifest.
1757 silly tarball no local data for http-proxy-middleware@https://registry.npmjs.org/http-proxy-middleware/-/http-proxy-middleware-2.0.10.tgz. Extracting by manifest.
1758 silly tarball no local data for http-proxy@https://registry.npmjs.org/http-proxy/-/http-proxy-1.18.1.tgz. Extracting by manifest.
1759 silly tarball no local data for http-parser-js@https://registry.npmjs.org/http-parser-js/-/http-parser-js-0.5.10.tgz. Extracting by manifest.
1760 silly tarball no local data for http-errors@https://registry.npmjs.org/http-errors/-/http-errors-2.0.1.tgz. Extracting by manifest.
1761 silly tarball no local data for http-deceiver@https://registry.npmjs.org/http-deceiver/-/http-deceiver-1.2.7.tgz. Extracting by manifest.
1762 silly tarball no local data for http2-wrapper@https://registry.npmjs.org/http2-wrapper/-/http2-wrapper-2.2.1.tgz. Extracting by manifest.
1763 silly tarball no local data for htmlparser2@https://registry.npmjs.org/htmlparser2/-/htmlparser2-8.0.2.tgz. Extracting by manifest.
1764 silly tarball no local data for http-cache-semantics@https://registry.npmjs.org/http-cache-semantics/-/http-cache-semantics-4.2.0.tgz. Extracting by manifest.
1765 silly tarball no local data for html-void-elements@https://registry.npmjs.org/html-void-elements/-/html-void-elements-3.0.0.tgz. Extracting by manifest.
1766 silly tarball no local data for html-minifier-terser@https://registry.npmjs.org/html-minifier-terser/-/html-minifier-terser-7.2.0.tgz. Extracting by manifest.
1767 silly tarball no local data for hpack.js@https://registry.npmjs.org/hpack.js/-/hpack.js-2.1.6.tgz. Extracting by manifest.
1768 silly tarball no local data for html-escaper@https://registry.npmjs.org/html-escaper/-/html-escaper-2.0.2.tgz. Extracting by manifest.
1769 silly tarball no local data for html-webpack-plugin@https://registry.npmjs.org/html-webpack-plugin/-/html-webpack-plugin-5.6.7.tgz. Extracting by manifest.
1770 silly tarball no local data for html-tags@https://registry.npmjs.org/html-tags/-/html-tags-3.3.1.tgz. Extracting by manifest.
1771 silly tarball no local data for he@https://registry.npmjs.org/he/-/he-1.2.0.tgz. Extracting by manifest.
1772 silly tarball no local data for hastscript@https://registry.npmjs.org/hastscript/-/hastscript-9.0.1.tgz. Extracting by manifest.
1773 silly tarball no local data for hast-util-whitespace@https://registry.npmjs.org/hast-util-whitespace/-/hast-util-whitespace-3.0.0.tgz. Extracting by manifest.
1774 silly tarball no local data for hast-util-to-parse5@https://registry.npmjs.org/hast-util-to-parse5/-/hast-util-to-parse5-8.0.1.tgz. Extracting by manifest.
1775 silly tarball no local data for hoist-non-react-statics@https://registry.npmjs.org/hoist-non-react-statics/-/hoist-non-react-statics-3.3.2.tgz. Extracting by manifest.
1776 silly tarball no local data for hast-util-to-jsx-runtime@https://registry.npmjs.org/hast-util-to-jsx-runtime/-/hast-util-to-jsx-runtime-2.3.6.tgz. Extracting by manifest.
1777 silly tarball no local data for hast-util-to-estree@https://registry.npmjs.org/hast-util-to-estree/-/hast-util-to-estree-3.1.3.tgz. Extracting by manifest.
1778 silly tarball no local data for hast-util-parse-selector@https://registry.npmjs.org/hast-util-parse-selector/-/hast-util-parse-selector-4.0.0.tgz. Extracting by manifest.
1779 silly tarball no local data for history@https://registry.npmjs.org/history/-/history-4.10.1.tgz. Extracting by manifest.
1780 silly tarball no local data for hast-util-raw@https://registry.npmjs.org/hast-util-raw/-/hast-util-raw-9.1.0.tgz. Extracting by manifest.
1781 silly tarball no local data for hast-util-from-parse5@https://registry.npmjs.org/hast-util-from-parse5/-/hast-util-from-parse5-8.0.3.tgz. Extracting by manifest.
1782 silly tarball no local data for has-symbols@https://registry.npmjs.org/has-symbols/-/has-symbols-1.1.0.tgz. Extracting by manifest.
1783 silly tarball no local data for has-yarn@https://registry.npmjs.org/has-yarn/-/has-yarn-3.0.0.tgz. Extracting by manifest.
1784 silly tarball no local data for has-flag@https://registry.npmjs.org/has-flag/-/has-flag-4.0.0.tgz. Extracting by manifest.
1785 silly tarball no local data for handle-thing@https://registry.npmjs.org/handle-thing/-/handle-thing-2.0.1.tgz. Extracting by manifest.
1786 silly tarball no local data for gzip-size@https://registry.npmjs.org/gzip-size/-/gzip-size-6.0.0.tgz. Extracting by manifest.
1787 silly tarball no local data for has-property-descriptors@https://registry.npmjs.org/has-property-descriptors/-/has-property-descriptors-1.0.2.tgz. Extracting by manifest.
1788 silly tarball no local data for graceful-fs@https://registry.npmjs.org/graceful-fs/-/graceful-fs-4.2.11.tgz. Extracting by manifest.
1789 silly tarball no local data for hasown@https://registry.npmjs.org/hasown/-/hasown-2.0.4.tgz. Extracting by manifest.
1790 silly tarball no local data for globby@https://registry.npmjs.org/globby/-/globby-11.1.0.tgz. Extracting by manifest.
1791 silly tarball no local data for got@https://registry.npmjs.org/got/-/got-12.6.1.tgz. Extracting by manifest.
1792 silly tarball no local data for gopd@https://registry.npmjs.org/gopd/-/gopd-1.2.0.tgz. Extracting by manifest.
1793 silly tarball no local data for global-dirs@https://registry.npmjs.org/global-dirs/-/global-dirs-3.0.1.tgz. Extracting by manifest.
1794 silly tarball no local data for glob-parent@https://registry.npmjs.org/glob-parent/-/glob-parent-5.1.2.tgz. Extracting by manifest.
1795 silly tarball no local data for glob-to-regex.js@https://registry.npmjs.org/glob-to-regex.js/-/glob-to-regex.js-1.2.0.tgz. Extracting by manifest.
1796 silly tarball no local data for github-slugger@https://registry.npmjs.org/github-slugger/-/github-slugger-1.5.0.tgz. Extracting by manifest.
1797 silly tarball no local data for get-stream@https://registry.npmjs.org/get-stream/-/get-stream-6.0.1.tgz. Extracting by manifest.
1798 silly tarball no local data for get-proto@https://registry.npmjs.org/get-proto/-/get-proto-1.0.1.tgz. Extracting by manifest.
1799 silly tarball no local data for get-own-enumerable-property-symbols@https://registry.npmjs.org/get-own-enumerable-property-symbols/-/get-own-enumerable-property-symbols-3.0.2.tgz. Extracting by manifest.
1800 silly tarball no local data for get-intrinsic@https://registry.npmjs.org/get-intrinsic/-/get-intrinsic-1.3.0.tgz. Extracting by manifest.
1801 silly tarball no local data for gensync@https://registry.npmjs.org/gensync/-/gensync-1.0.0-beta.2.tgz. Extracting by manifest.
1802 silly tarball no local data for function-bind@https://registry.npmjs.org/function-bind/-/function-bind-1.1.2.tgz. Extracting by manifest.
1803 silly tarball no local data for fs-extra@https://registry.npmjs.org/fs-extra/-/fs-extra-11.3.6.tgz. Extracting by manifest.
1804 silly tarball no local data for fsevents@https://registry.npmjs.org/fsevents/-/fsevents-2.3.3.tgz. Extracting by manifest.
1805 silly tarball no local data for fresh@https://registry.npmjs.org/fresh/-/fresh-0.5.2.tgz. Extracting by manifest.
1806 silly tarball no local data for fraction.js@https://registry.npmjs.org/fraction.js/-/fraction.js-5.3.4.tgz. Extracting by manifest.
1807 silly tarball no local data for format@https://registry.npmjs.org/format/-/format-0.2.2.tgz. Extracting by manifest.
1808 silly tarball no local data for form-data-encoder@https://registry.npmjs.org/form-data-encoder/-/form-data-encoder-2.1.4.tgz. Extracting by manifest.
1809 silly tarball no local data for follow-redirects@https://registry.npmjs.org/follow-redirects/-/follow-redirects-1.16.0.tgz. Extracting by manifest.
1810 silly tarball no local data for forwarded@https://registry.npmjs.org/forwarded/-/forwarded-0.2.0.tgz. Extracting by manifest.
1811 silly tarball no local data for flat@https://registry.npmjs.org/flat/-/flat-5.0.2.tgz. Extracting by manifest.
1812 silly tarball no local data for find-cache-dir@https://registry.npmjs.org/find-cache-dir/-/find-cache-dir-4.0.0.tgz. Extracting by manifest.
1813 silly tarball no local data for find-up@https://registry.npmjs.org/find-up/-/find-up-6.3.0.tgz. Extracting by manifest.
1814 silly tarball no local data for finalhandler@https://registry.npmjs.org/finalhandler/-/finalhandler-1.3.2.tgz. Extracting by manifest.
1815 silly tarball no local data for fill-range@https://registry.npmjs.org/fill-range/-/fill-range-7.1.1.tgz. Extracting by manifest.
1816 silly tarball no local data for file-loader@https://registry.npmjs.org/file-loader/-/file-loader-6.2.0.tgz. Extracting by manifest.
1817 silly tarball no local data for feed@https://registry.npmjs.org/feed/-/feed-4.2.2.tgz. Extracting by manifest.
1818 silly tarball no local data for faye-websocket@https://registry.npmjs.org/faye-websocket/-/faye-websocket-0.11.4.tgz. Extracting by manifest.
1819 silly tarball no local data for fast-uri@https://registry.npmjs.org/fast-uri/-/fast-uri-3.1.5.tgz. Extracting by manifest.
1820 silly tarball no local data for fast-json-stable-stringify@https://registry.npmjs.org/fast-json-stable-stringify/-/fast-json-stable-stringify-2.1.0.tgz. Extracting by manifest.
1821 silly tarball no local data for fastq@https://registry.npmjs.org/fastq/-/fastq-1.20.1.tgz. Extracting by manifest.
1822 silly tarball no local data for fast-glob@https://registry.npmjs.org/fast-glob/-/fast-glob-3.3.3.tgz. Extracting by manifest.
1823 silly tarball no local data for fast-deep-equal@https://registry.npmjs.org/fast-deep-equal/-/fast-deep-equal-3.1.3.tgz. Extracting by manifest.
1824 silly tarball no local data for extend-shallow@https://registry.npmjs.org/extend-shallow/-/extend-shallow-2.0.1.tgz. Extracting by manifest.
1825 silly tarball no local data for express@https://registry.npmjs.org/express/-/express-4.22.2.tgz. Extracting by manifest.
1826 silly tarball no local data for fault@https://registry.npmjs.org/fault/-/fault-2.0.1.tgz. Extracting by manifest.
1827 silly tarball no local data for execa@https://registry.npmjs.org/execa/-/execa-5.1.1.tgz. Extracting by manifest.
1828 silly tarball no local data for extend@https://registry.npmjs.org/extend/-/extend-3.0.2.tgz. Extracting by manifest.
1829 silly tarball no local data for eval@https://registry.npmjs.org/eval/-/eval-0.1.8.tgz. Extracting by manifest.
1830 silly tarball no local data for events@https://registry.npmjs.org/events/-/events-3.3.0.tgz. Extracting by manifest.
1831 silly tarball no local data for eventemitter3@https://registry.npmjs.org/eventemitter3/-/eventemitter3-4.0.7.tgz. Extracting by manifest.
1832 silly tarball no local data for eta@https://registry.npmjs.org/eta/-/eta-2.2.0.tgz. Extracting by manifest.
1833 silly tarball no local data for etag@https://registry.npmjs.org/etag/-/etag-1.8.1.tgz. Extracting by manifest.
1834 silly tarball no local data for esutils@https://registry.npmjs.org/esutils/-/esutils-2.0.3.tgz. Extracting by manifest.
1835 silly tarball no local data for estree-walker@https://registry.npmjs.org/estree-walker/-/estree-walker-3.0.3.tgz. Extracting by manifest.
1836 silly tarball no local data for estree-util-value-to-estree@https://registry.npmjs.org/estree-util-value-to-estree/-/estree-util-value-to-estree-3.5.0.tgz. Extracting by manifest.
1837 silly tarball no local data for estree-util-scope@https://registry.npmjs.org/estree-util-scope/-/estree-util-scope-1.0.0.tgz. Extracting by manifest.
1838 silly tarball no local data for estree-util-to-js@https://registry.npmjs.org/estree-util-to-js/-/estree-util-to-js-2.0.0.tgz. Extracting by manifest.
1839 silly tarball no local data for estree-util-build-jsx@https://registry.npmjs.org/estree-util-build-jsx/-/estree-util-build-jsx-3.0.1.tgz. Extracting by manifest.
1840 silly tarball no local data for estree-util-visit@https://registry.npmjs.org/estree-util-visit/-/estree-util-visit-2.0.0.tgz. Extracting by manifest.
1841 silly tarball no local data for esrecurse@https://registry.npmjs.org/esrecurse/-/esrecurse-4.3.0.tgz. Extracting by manifest.
1842 silly tarball no local data for estraverse@https://registry.npmjs.org/estraverse/-/estraverse-4.3.0.tgz. Extracting by manifest.
1843 silly tarball no local data for eslint-scope@https://registry.npmjs.org/eslint-scope/-/eslint-scope-5.1.1.tgz. Extracting by manifest.
1844 silly tarball no local data for estree-util-is-identifier-name@https://registry.npmjs.org/estree-util-is-identifier-name/-/estree-util-is-identifier-name-3.0.0.tgz. Extracting by manifest.
1845 silly tarball no local data for escape-string-regexp@https://registry.npmjs.org/escape-string-regexp/-/escape-string-regexp-4.0.0.tgz. Extracting by manifest.
1846 silly tarball no local data for estree-util-attach-comments@https://registry.npmjs.org/estree-util-attach-comments/-/estree-util-attach-comments-3.0.0.tgz. Extracting by manifest.
1847 silly tarball no local data for escape-goat@https://registry.npmjs.org/escape-goat/-/escape-goat-4.0.0.tgz. Extracting by manifest.
1848 silly tarball no local data for escape-html@https://registry.npmjs.org/escape-html/-/escape-html-1.0.3.tgz. Extracting by manifest.
1849 silly tarball no local data for escalade@https://registry.npmjs.org/escalade/-/escalade-3.2.0.tgz. Extracting by manifest.
1850 silly tarball no local data for esast-util-from-js@https://registry.npmjs.org/esast-util-from-js/-/esast-util-from-js-2.0.1.tgz. Extracting by manifest.
1851 silly tarball no local data for esast-util-from-estree@https://registry.npmjs.org/esast-util-from-estree/-/esast-util-from-estree-2.0.0.tgz. Extracting by manifest.
1852 silly tarball no local data for es-errors@https://registry.npmjs.org/es-errors/-/es-errors-1.3.0.tgz. Extracting by manifest.
1853 silly tarball no local data for es-define-property@https://registry.npmjs.org/es-define-property/-/es-define-property-1.0.1.tgz. Extracting by manifest.
1854 silly tarball no local data for error-ex@https://registry.npmjs.org/error-ex/-/error-ex-1.3.4.tgz. Extracting by manifest.
1855 silly tarball no local data for enhanced-resolve@https://registry.npmjs.org/enhanced-resolve/-/enhanced-resolve-5.24.2.tgz. Extracting by manifest.
1856 silly tarball no local data for es-module-lexer@https://registry.npmjs.org/es-module-lexer/-/es-module-lexer-2.3.1.tgz. Extracting by manifest.
1857 silly tarball no local data for entities@https://registry.npmjs.org/entities/-/entities-4.5.0.tgz. Extracting by manifest.
1858 silly tarball no local data for emoticon@https://registry.npmjs.org/emoticon/-/emoticon-4.1.0.tgz. Extracting by manifest.
1859 silly tarball no local data for emojis-list@https://registry.npmjs.org/emojis-list/-/emojis-list-3.0.0.tgz. Extracting by manifest.
1860 silly tarball no local data for emojilib@https://registry.npmjs.org/emojilib/-/emojilib-2.4.0.tgz. Extracting by manifest.
1861 silly tarball no local data for electron-to-chromium@https://registry.npmjs.org/electron-to-chromium/-/electron-to-chromium-1.5.402.tgz. Extracting by manifest.
1862 silly tarball no local data for ee-first@https://registry.npmjs.org/ee-first/-/ee-first-1.1.1.tgz. Extracting by manifest.
1863 silly tarball no local data for es-object-atoms@https://registry.npmjs.org/es-object-atoms/-/es-object-atoms-1.1.2.tgz. Extracting by manifest.
1864 silly tarball no local data for duplexer@https://registry.npmjs.org/duplexer/-/duplexer-0.1.2.tgz. Extracting by manifest.
1865 silly tarball no local data for encodeurl@https://registry.npmjs.org/encodeurl/-/encodeurl-2.0.0.tgz. Extracting by manifest.
1866 silly tarball no local data for dot-case@https://registry.npmjs.org/dot-case/-/dot-case-3.0.4.tgz. Extracting by manifest.
1867 silly tarball no local data for dunder-proto@https://registry.npmjs.org/dunder-proto/-/dunder-proto-1.0.1.tgz. Extracting by manifest.
1868 silly tarball no local data for domutils@https://registry.npmjs.org/domutils/-/domutils-3.2.2.tgz. Extracting by manifest.
1869 silly tarball no local data for domhandler@https://registry.npmjs.org/domhandler/-/domhandler-5.0.3.tgz. Extracting by manifest.
1870 silly tarball no local data for domelementtype@https://registry.npmjs.org/domelementtype/-/domelementtype-2.3.0.tgz. Extracting by manifest.
1871 silly tarball no local data for dom-serializer@https://registry.npmjs.org/dom-serializer/-/dom-serializer-2.0.0.tgz. Extracting by manifest.
1872 silly tarball no local data for dot-prop@https://registry.npmjs.org/dot-prop/-/dot-prop-6.0.1.tgz. Extracting by manifest.
1873 silly tarball no local data for dom-converter@https://registry.npmjs.org/dom-converter/-/dom-converter-0.2.0.tgz. Extracting by manifest.
1874 silly tarball no local data for dir-glob@https://registry.npmjs.org/dir-glob/-/dir-glob-3.0.1.tgz. Extracting by manifest.
1875 silly tarball no local data for devlop@https://registry.npmjs.org/devlop/-/devlop-1.1.0.tgz. Extracting by manifest.
1876 silly tarball no local data for detect-port@https://registry.npmjs.org/detect-port/-/detect-port-2.1.0.tgz. Extracting by manifest.
1877 silly tarball no local data for detect-node@https://registry.npmjs.org/detect-node/-/detect-node-2.1.0.tgz. Extracting by manifest.
1878 silly tarball no local data for destroy@https://registry.npmjs.org/destroy/-/destroy-1.2.0.tgz. Extracting by manifest.
1879 silly tarball no local data for dns-packet@https://registry.npmjs.org/dns-packet/-/dns-packet-5.6.1.tgz. Extracting by manifest.
1880 silly tarball no local data for dequal@https://registry.npmjs.org/dequal/-/dequal-2.0.3.tgz. Extracting by manifest.
1881 silly tarball no local data for define-properties@https://registry.npmjs.org/define-properties/-/define-properties-1.2.1.tgz. Extracting by manifest.
1882 silly tarball no local data for define-data-property@https://registry.npmjs.org/define-data-property/-/define-data-property-1.1.4.tgz. Extracting by manifest.
1883 silly tarball no local data for defer-to-connect@https://registry.npmjs.org/defer-to-connect/-/defer-to-connect-2.0.1.tgz. Extracting by manifest.
1884 silly tarball no local data for depd@https://registry.npmjs.org/depd/-/depd-2.0.0.tgz. Extracting by manifest.
1885 silly tarball no local data for default-browser@https://registry.npmjs.org/default-browser/-/default-browser-5.5.0.tgz. Extracting by manifest.
1886 silly tarball no local data for default-browser-id@https://registry.npmjs.org/default-browser-id/-/default-browser-id-5.0.1.tgz. Extracting by manifest.
1887 silly tarball no local data for decompress-response@https://registry.npmjs.org/decompress-response/-/decompress-response-6.0.0.tgz. Extracting by manifest.
1888 silly tarball no local data for define-lazy-prop@https://registry.npmjs.org/define-lazy-prop/-/define-lazy-prop-2.0.0.tgz. Extracting by manifest.
1889 silly tarball no local data for decode-named-character-reference@https://registry.npmjs.org/decode-named-character-reference/-/decode-named-character-reference-1.3.0.tgz. Extracting by manifest.
1890 silly tarball no local data for debounce@https://registry.npmjs.org/debounce/-/debounce-1.2.1.tgz. Extracting by manifest.
1891 silly tarball no local data for csstype@https://registry.npmjs.org/csstype/-/csstype-3.2.3.tgz. Extracting by manifest.
1892 silly tarball no local data for debug@https://registry.npmjs.org/debug/-/debug-4.4.3.tgz. Extracting by manifest.
1893 silly tarball no local data for csso@https://registry.npmjs.org/csso/-/csso-5.0.5.tgz. Extracting by manifest.
1894 silly tarball no local data for deepmerge@https://registry.npmjs.org/deepmerge/-/deepmerge-4.3.1.tgz. Extracting by manifest.
1895 silly tarball no local data for cssnano-utils@https://registry.npmjs.org/cssnano-utils/-/cssnano-utils-4.0.2.tgz. Extracting by manifest.
1896 silly tarball no local data for cssnano-preset-default@https://registry.npmjs.org/cssnano-preset-default/-/cssnano-preset-default-6.1.2.tgz. Extracting by manifest.
1897 silly tarball no local data for cssnano-preset-advanced@https://registry.npmjs.org/cssnano-preset-advanced/-/cssnano-preset-advanced-6.1.2.tgz. Extracting by manifest.
1898 silly tarball no local data for cssnano@https://registry.npmjs.org/cssnano/-/cssnano-6.1.2.tgz. Extracting by manifest.
1899 silly tarball no local data for cssesc@https://registry.npmjs.org/cssesc/-/cssesc-3.0.0.tgz. Extracting by manifest.
1900 silly tarball no local data for css-tree@https://registry.npmjs.org/css-tree/-/css-tree-2.3.1.tgz. Extracting by manifest.
1901 silly tarball no local data for cssdb@https://registry.npmjs.org/cssdb/-/cssdb-8.9.0.tgz. Extracting by manifest.
1902 silly tarball no local data for css-select@https://registry.npmjs.org/css-select/-/css-select-5.2.2.tgz. Extracting by manifest.
1903 silly tarball no local data for css-prefers-color-scheme@https://registry.npmjs.org/css-prefers-color-scheme/-/css-prefers-color-scheme-10.0.0.tgz. Extracting by manifest.
1904 silly tarball no local data for css-minimizer-webpack-plugin@https://registry.npmjs.org/css-minimizer-webpack-plugin/-/css-minimizer-webpack-plugin-5.0.1.tgz. Extracting by manifest.
1905 silly tarball no local data for css-what@https://registry.npmjs.org/css-what/-/css-what-6.2.2.tgz. Extracting by manifest.
1906 silly tarball no local data for css-has-pseudo@https://registry.npmjs.org/css-has-pseudo/-/css-has-pseudo-7.0.3.tgz. Extracting by manifest.
1907 silly tarball no local data for css-loader@https://registry.npmjs.org/css-loader/-/css-loader-6.11.0.tgz. Extracting by manifest.
1908 silly tarball no local data for css-declaration-sorter@https://registry.npmjs.org/css-declaration-sorter/-/css-declaration-sorter-7.4.0.tgz. Extracting by manifest.
1909 silly tarball no local data for css-blank-pseudo@https://registry.npmjs.org/css-blank-pseudo/-/css-blank-pseudo-7.0.1.tgz. Extracting by manifest.
1910 silly tarball no local data for crypto-random-string@https://registry.npmjs.org/crypto-random-string/-/crypto-random-string-4.0.0.tgz. Extracting by manifest.
1911 silly tarball no local data for cosmiconfig@https://registry.npmjs.org/cosmiconfig/-/cosmiconfig-8.3.6.tgz. Extracting by manifest.
1912 silly tarball no local data for core-util-is@https://registry.npmjs.org/core-util-is/-/core-util-is-1.0.3.tgz. Extracting by manifest.
1913 silly tarball no local data for copy-webpack-plugin@https://registry.npmjs.org/copy-webpack-plugin/-/copy-webpack-plugin-11.0.0.tgz. Extracting by manifest.
1914 silly tarball no local data for core-js-compat@https://registry.npmjs.org/core-js-compat/-/core-js-compat-3.50.0.tgz. Extracting by manifest.
1915 silly tarball no local data for copy-text-to-clipboard@https://registry.npmjs.org/copy-text-to-clipboard/-/copy-text-to-clipboard-3.2.2.tgz. Extracting by manifest.
1916 silly tarball no local data for cookie-signature@https://registry.npmjs.org/cookie-signature/-/cookie-signature-1.0.7.tgz. Extracting by manifest.
1917 silly tarball no local data for convert-source-map@https://registry.npmjs.org/convert-source-map/-/convert-source-map-2.0.0.tgz. Extracting by manifest.
1918 silly tarball no local data for cookie@https://registry.npmjs.org/cookie/-/cookie-0.7.2.tgz. Extracting by manifest.
1919 silly tarball no local data for core-js@https://registry.npmjs.org/core-js/-/core-js-3.49.0.tgz. Extracting by manifest.
1920 silly tarball no local data for content-type@https://registry.npmjs.org/content-type/-/content-type-1.0.5.tgz. Extracting by manifest.
1921 silly tarball no local data for connect-history-api-fallback@https://registry.npmjs.org/connect-history-api-fallback/-/connect-history-api-fallback-2.0.0.tgz. Extracting by manifest.
1922 silly tarball no local data for concat-map@https://registry.npmjs.org/concat-map/-/concat-map-0.0.1.tgz. Extracting by manifest.
1923 silly tarball no local data for content-disposition@https://registry.npmjs.org/content-disposition/-/content-disposition-0.5.2.tgz. Extracting by manifest.
1924 silly tarball no local data for configstore@https://registry.npmjs.org/configstore/-/configstore-6.0.0.tgz. Extracting by manifest.
1925 silly tarball no local data for config-chain@https://registry.npmjs.org/config-chain/-/config-chain-1.1.13.tgz. Extracting by manifest.
1926 silly tarball no local data for compression@https://registry.npmjs.org/compression/-/compression-1.8.1.tgz. Extracting by manifest.
1927 silly tarball no local data for compressible@https://registry.npmjs.org/compressible/-/compressible-2.0.18.tgz. Extracting by manifest.
1928 silly tarball no local data for common-path-prefix@https://registry.npmjs.org/common-path-prefix/-/common-path-prefix-3.0.0.tgz. Extracting by manifest.
1929 silly tarball no local data for consola@https://registry.npmjs.org/consola/-/consola-3.4.2.tgz. Extracting by manifest.
1930 silly tarball no local data for comma-separated-tokens@https://registry.npmjs.org/comma-separated-tokens/-/comma-separated-tokens-2.0.3.tgz. Extracting by manifest.
1931 silly tarball no local data for colord@https://registry.npmjs.org/colord/-/colord-2.9.3.tgz. Extracting by manifest.
1932 silly tarball no local data for combine-promises@https://registry.npmjs.org/combine-promises/-/combine-promises-1.2.0.tgz. Extracting by manifest.
1933 silly tarball no local data for colorette@https://registry.npmjs.org/colorette/-/colorette-2.0.20.tgz. Extracting by manifest.
1934 silly tarball no local data for collapse-white-space@https://registry.npmjs.org/collapse-white-space/-/collapse-white-space-2.1.0.tgz. Extracting by manifest.
1935 silly tarball no local data for commander@https://registry.npmjs.org/commander/-/commander-5.1.0.tgz. Extracting by manifest.
1936 silly tarball no local data for cli-table3@https://registry.npmjs.org/cli-table3/-/cli-table3-0.6.5.tgz. Extracting by manifest.
1937 silly tarball no local data for clone-deep@https://registry.npmjs.org/clone-deep/-/clone-deep-4.0.1.tgz. Extracting by manifest.
1938 silly tarball no local data for cli-boxes@https://registry.npmjs.org/cli-boxes/-/cli-boxes-3.0.0.tgz. Extracting by manifest.
1939 silly tarball no local data for clean-stack@https://registry.npmjs.org/clean-stack/-/clean-stack-2.2.0.tgz. Extracting by manifest.
1940 silly tarball no local data for clean-css@https://registry.npmjs.org/clean-css/-/clean-css-5.3.3.tgz. Extracting by manifest.
1941 silly tarball no local data for clsx@https://registry.npmjs.org/clsx/-/clsx-2.1.1.tgz. Extracting by manifest.
1942 silly tarball no local data for ci-info@https://registry.npmjs.org/ci-info/-/ci-info-3.9.0.tgz. Extracting by manifest.
1943 silly tarball no local data for chokidar@https://registry.npmjs.org/chokidar/-/chokidar-3.6.0.tgz. Extracting by manifest.
1944 silly tarball no local data for cheerio-select@https://registry.npmjs.org/cheerio-select/-/cheerio-select-2.1.0.tgz. Extracting by manifest.
1945 silly tarball no local data for chrome-trace-event@https://registry.npmjs.org/chrome-trace-event/-/chrome-trace-event-1.0.4.tgz. Extracting by manifest.
1946 silly tarball no local data for cheerio@https://registry.npmjs.org/cheerio/-/cheerio-1.0.0-rc.12.tgz. Extracting by manifest.
1947 silly tarball no local data for character-entities-legacy@https://registry.npmjs.org/character-entities-legacy/-/character-entities-legacy-3.0.0.tgz. Extracting by manifest.
1948 silly tarball no local data for character-entities-html4@https://registry.npmjs.org/character-entities-html4/-/character-entities-html4-2.1.0.tgz. Extracting by manifest.
1949 silly tarball no local data for character-reference-invalid@https://registry.npmjs.org/character-reference-invalid/-/character-reference-invalid-2.0.1.tgz. Extracting by manifest.
1950 silly tarball no local data for char-regex@https://registry.npmjs.org/char-regex/-/char-regex-1.0.2.tgz. Extracting by manifest.
1951 silly tarball no local data for chalk@https://registry.npmjs.org/chalk/-/chalk-4.1.2.tgz. Extracting by manifest.
1952 silly tarball no local data for character-entities@https://registry.npmjs.org/character-entities/-/character-entities-2.0.2.tgz. Extracting by manifest.
1953 silly tarball no local data for camelcase@https://registry.npmjs.org/camelcase/-/camelcase-6.3.0.tgz. Extracting by manifest.
1954 silly tarball no local data for caniuse-lite@https://registry.npmjs.org/caniuse-lite/-/caniuse-lite-1.0.30001806.tgz. Extracting by manifest.
1955 silly tarball no local data for caniuse-api@https://registry.npmjs.org/caniuse-api/-/caniuse-api-3.0.0.tgz. Extracting by manifest.
1956 silly tarball no local data for camel-case@https://registry.npmjs.org/camel-case/-/camel-case-4.1.2.tgz. Extracting by manifest.
1957 silly tarball no local data for callsites@https://registry.npmjs.org/callsites/-/callsites-3.1.0.tgz. Extracting by manifest.
1958 silly tarball no local data for call-bound@https://registry.npmjs.org/call-bound/-/call-bound-1.0.4.tgz. Extracting by manifest.
1959 silly tarball no local data for call-bind-apply-helpers@https://registry.npmjs.org/call-bind-apply-helpers/-/call-bind-apply-helpers-1.0.2.tgz. Extracting by manifest.
1960 silly tarball no local data for ccount@https://registry.npmjs.org/ccount/-/ccount-2.0.1.tgz. Extracting by manifest.
1961 silly tarball no local data for cacheable-request@https://registry.npmjs.org/cacheable-request/-/cacheable-request-10.2.14.tgz. Extracting by manifest.
1962 silly tarball no local data for cacheable-lookup@https://registry.npmjs.org/cacheable-lookup/-/cacheable-lookup-7.0.0.tgz. Extracting by manifest.
1963 silly tarball no local data for bytes@https://registry.npmjs.org/bytes/-/bytes-3.0.0.tgz. Extracting by manifest.
1964 silly tarball no local data for bundle-name@https://registry.npmjs.org/bundle-name/-/bundle-name-4.1.0.tgz. Extracting by manifest.
1965 silly tarball no local data for buffer-from@https://registry.npmjs.org/buffer-from/-/buffer-from-1.1.2.tgz. Extracting by manifest.
1966 silly tarball no local data for bytestreamjs@https://registry.npmjs.org/bytestreamjs/-/bytestreamjs-2.0.1.tgz. Extracting by manifest.
1967 silly tarball no local data for browserslist@https://registry.npmjs.org/browserslist/-/browserslist-4.28.7.tgz. Extracting by manifest.
1968 silly tarball no local data for braces@https://registry.npmjs.org/braces/-/braces-3.0.3.tgz. Extracting by manifest.
1969 silly tarball no local data for boolbase@https://registry.npmjs.org/boolbase/-/boolbase-1.0.0.tgz. Extracting by manifest.
1970 silly tarball no local data for boxen@https://registry.npmjs.org/boxen/-/boxen-6.2.1.tgz. Extracting by manifest.
1971 silly tarball no local data for bonjour-service@https://registry.npmjs.org/bonjour-service/-/bonjour-service-1.4.4.tgz. Extracting by manifest.
1972 silly tarball no local data for body-parser@https://registry.npmjs.org/body-parser/-/body-parser-1.20.6.tgz. Extracting by manifest.
1973 silly tarball no local data for brace-expansion@https://registry.npmjs.org/brace-expansion/-/brace-expansion-1.1.18.tgz. Extracting by manifest.
1974 silly tarball no local data for big.js@https://registry.npmjs.org/big.js/-/big.js-5.2.2.tgz. Extracting by manifest.
1975 silly tarball no local data for baseline-browser-mapping@https://registry.npmjs.org/baseline-browser-mapping/-/baseline-browser-mapping-2.11.12.tgz. Extracting by manifest.
1976 silly tarball no local data for batch@https://registry.npmjs.org/batch/-/batch-0.6.1.tgz. Extracting by manifest.
1977 silly tarball no local data for call-bind@https://registry.npmjs.org/call-bind/-/call-bind-1.0.9.tgz. Extracting by manifest.
1978 silly tarball no local data for binary-extensions@https://registry.npmjs.org/binary-extensions/-/binary-extensions-2.3.0.tgz. Extracting by manifest.
1979 silly tarball no local data for babel-plugin-polyfill-regenerator@https://registry.npmjs.org/babel-plugin-polyfill-regenerator/-/babel-plugin-polyfill-regenerator-0.6.8.tgz. Extracting by manifest.
1980 silly tarball no local data for bail@https://registry.npmjs.org/bail/-/bail-2.0.2.tgz. Extracting by manifest.
1981 silly tarball no local data for babel-plugin-polyfill-corejs2@https://registry.npmjs.org/babel-plugin-polyfill-corejs2/-/babel-plugin-polyfill-corejs2-0.4.17.tgz. Extracting by manifest.
1982 silly tarball no local data for babel-loader@https://registry.npmjs.org/babel-loader/-/babel-loader-9.2.1.tgz. Extracting by manifest.
1983 silly tarball no local data for babel-plugin-polyfill-corejs3@https://registry.npmjs.org/babel-plugin-polyfill-corejs3/-/babel-plugin-polyfill-corejs3-0.13.0.tgz. Extracting by manifest.
1984 silly tarball no local data for babel-plugin-dynamic-import-node@https://registry.npmjs.org/babel-plugin-dynamic-import-node/-/babel-plugin-dynamic-import-node-2.3.3.tgz. Extracting by manifest.
1985 silly tarball no local data for asn1js@https://registry.npmjs.org/asn1js/-/asn1js-3.0.10.tgz. Extracting by manifest.
1986 silly tarball no local data for array-union@https://registry.npmjs.org/array-union/-/array-union-2.1.0.tgz. Extracting by manifest.
1987 silly tarball no local data for array-flatten@https://registry.npmjs.org/array-flatten/-/array-flatten-1.1.1.tgz. Extracting by manifest.
1988 silly tarball no local data for autoprefixer@https://registry.npmjs.org/autoprefixer/-/autoprefixer-10.5.4.tgz. Extracting by manifest.
1989 silly tarball no local data for astring@https://registry.npmjs.org/astring/-/astring-1.9.0.tgz. Extracting by manifest.
1990 silly tarball no local data for arg@https://registry.npmjs.org/arg/-/arg-5.0.2.tgz. Extracting by manifest.
1991 silly tarball no local data for ansis@https://registry.npmjs.org/ansis/-/ansis-3.17.0.tgz. Extracting by manifest.
1992 silly tarball no local data for ansi-html-community@https://registry.npmjs.org/ansi-html-community/-/ansi-html-community-0.0.8.tgz. Extracting by manifest.
1993 silly tarball no local data for ansi-align@https://registry.npmjs.org/ansi-align/-/ansi-align-3.0.1.tgz. Extracting by manifest.
1994 silly tarball no local data for algoliasearch-helper@https://registry.npmjs.org/algoliasearch-helper/-/algoliasearch-helper-3.29.3.tgz. Extracting by manifest.
1995 silly tarball no local data for anymatch@https://registry.npmjs.org/anymatch/-/anymatch-3.1.3.tgz. Extracting by manifest.
1996 silly tarball no local data for algoliasearch@https://registry.npmjs.org/algoliasearch/-/algoliasearch-5.56.0.tgz. Extracting by manifest.
1997 silly tarball no local data for ajv-keywords@https://registry.npmjs.org/ajv-keywords/-/ajv-keywords-5.1.0.tgz. Extracting by manifest.
1998 silly tarball no local data for ajv@https://registry.npmjs.org/ajv/-/ajv-8.20.0.tgz. Extracting by manifest.
1999 silly tarball no local data for ajv-formats@https://registry.npmjs.org/ajv-formats/-/ajv-formats-2.1.1.tgz. Extracting by manifest.
2000 silly tarball no local data for aggregate-error@https://registry.npmjs.org/aggregate-error/-/aggregate-error-3.1.0.tgz. Extracting by manifest.
2001 silly tarball no local data for acorn-jsx@https://registry.npmjs.org/acorn-jsx/-/acorn-jsx-5.3.2.tgz. Extracting by manifest.
2002 silly tarball no local data for address@https://registry.npmjs.org/address/-/address-2.0.3.tgz. Extracting by manifest.
2003 silly tarball no local data for acorn-import-phases@https://registry.npmjs.org/acorn-import-phases/-/acorn-import-phases-1.0.4.tgz. Extracting by manifest.
2004 silly tarball no local data for acorn@https://registry.npmjs.org/acorn/-/acorn-8.17.0.tgz. Extracting by manifest.
2005 silly tarball no local data for @xtuc/long@https://registry.npmjs.org/@xtuc/long/-/long-4.2.2.tgz. Extracting by manifest.
2006 silly tarball no local data for @xtuc/ieee754@https://registry.npmjs.org/@xtuc/ieee754/-/ieee754-1.2.0.tgz. Extracting by manifest.
2007 silly tarball no local data for @webassemblyjs/wasm-parser@https://registry.npmjs.org/@webassemblyjs/wasm-parser/-/wasm-parser-1.14.1.tgz. Extracting by manifest.
2008 silly tarball no local data for @webassemblyjs/wast-printer@https://registry.npmjs.org/@webassemblyjs/wast-printer/-/wast-printer-1.14.1.tgz. Extracting by manifest.
2009 silly tarball no local data for acorn-walk@https://registry.npmjs.org/acorn-walk/-/acorn-walk-8.3.5.tgz. Extracting by manifest.
2010 silly tarball no local data for accepts@https://registry.npmjs.org/accepts/-/accepts-1.3.8.tgz. Extracting by manifest.
2011 silly tarball no local data for @webassemblyjs/wasm-opt@https://registry.npmjs.org/@webassemblyjs/wasm-opt/-/wasm-opt-1.14.1.tgz. Extracting by manifest.
2012 silly tarball no local data for @webassemblyjs/wasm-edit@https://registry.npmjs.org/@webassemblyjs/wasm-edit/-/wasm-edit-1.14.1.tgz. Extracting by manifest.
2013 silly tarball no local data for @webassemblyjs/leb128@https://registry.npmjs.org/@webassemblyjs/leb128/-/leb128-1.13.2.tgz. Extracting by manifest.
2014 silly tarball no local data for @webassemblyjs/utf8@https://registry.npmjs.org/@webassemblyjs/utf8/-/utf8-1.13.2.tgz. Extracting by manifest.
2015 silly tarball no local data for @webassemblyjs/wasm-gen@https://registry.npmjs.org/@webassemblyjs/wasm-gen/-/wasm-gen-1.14.1.tgz. Extracting by manifest.
2016 silly tarball no local data for @webassemblyjs/helper-wasm-section@https://registry.npmjs.org/@webassemblyjs/helper-wasm-section/-/helper-wasm-section-1.14.1.tgz. Extracting by manifest.
2017 silly tarball no local data for @webassemblyjs/ieee754@https://registry.npmjs.org/@webassemblyjs/ieee754/-/ieee754-1.13.2.tgz. Extracting by manifest.
2018 silly tarball no local data for @webassemblyjs/helper-api-error@https://registry.npmjs.org/@webassemblyjs/helper-api-error/-/helper-api-error-1.13.2.tgz. Extracting by manifest.
2019 silly tarball no local data for @webassemblyjs/helper-numbers@https://registry.npmjs.org/@webassemblyjs/helper-numbers/-/helper-numbers-1.13.2.tgz. Extracting by manifest.
2020 silly tarball no local data for @webassemblyjs/helper-buffer@https://registry.npmjs.org/@webassemblyjs/helper-buffer/-/helper-buffer-1.14.1.tgz. Extracting by manifest.
2021 silly tarball no local data for @webassemblyjs/floating-point-hex-parser@https://registry.npmjs.org/@webassemblyjs/floating-point-hex-parser/-/floating-point-hex-parser-1.13.2.tgz. Extracting by manifest.
2022 silly tarball no local data for @webassemblyjs/ast@https://registry.npmjs.org/@webassemblyjs/ast/-/ast-1.14.1.tgz. Extracting by manifest.
2023 silly tarball no local data for @types/yargs-parser@https://registry.npmjs.org/@types/yargs-parser/-/yargs-parser-21.0.3.tgz. Extracting by manifest.
2024 silly tarball no local data for @ungap/structured-clone@https://registry.npmjs.org/@ungap/structured-clone/-/structured-clone-1.3.3.tgz. Extracting by manifest.
2025 silly tarball no local data for @types/yargs@https://registry.npmjs.org/@types/yargs/-/yargs-17.0.35.tgz. Extracting by manifest.
2026 silly tarball no local data for @types/ws@https://registry.npmjs.org/@types/ws/-/ws-8.18.1.tgz. Extracting by manifest.
2027 silly tarball no local data for @types/sockjs@https://registry.npmjs.org/@types/sockjs/-/sockjs-0.3.36.tgz. Extracting by manifest.
2028 silly tarball no local data for @types/unist@https://registry.npmjs.org/@types/unist/-/unist-3.0.3.tgz. Extracting by manifest.
2029 silly tarball no local data for @types/serve-static@https://registry.npmjs.org/@types/serve-static/-/serve-static-1.15.10.tgz. Extracting by manifest.
2030 silly tarball no local data for @types/serve-index@https://registry.npmjs.org/@types/serve-index/-/serve-index-1.9.4.tgz. Extracting by manifest.
2031 silly tarball no local data for @webassemblyjs/helper-wasm-bytecode@https://registry.npmjs.org/@webassemblyjs/helper-wasm-bytecode/-/helper-wasm-bytecode-1.13.2.tgz. Extracting by manifest.
2032 silly tarball no local data for @types/retry@https://registry.npmjs.org/@types/retry/-/retry-0.12.2.tgz. Extracting by manifest.
2033 silly tarball no local data for @types/react-router-config@https://registry.npmjs.org/@types/react-router-config/-/react-router-config-5.0.11.tgz. Extracting by manifest.
2034 silly tarball no local data for @types/sax@https://registry.npmjs.org/@types/sax/-/sax-1.2.7.tgz. Extracting by manifest.
2035 silly tarball no local data for @types/send@https://registry.npmjs.org/@types/send/-/send-1.2.1.tgz. Extracting by manifest.
2036 silly tarball no local data for @types/react-router@https://registry.npmjs.org/@types/react-router/-/react-router-5.1.20.tgz. Extracting by manifest.
2037 silly tarball no local data for @types/react@https://registry.npmjs.org/@types/react/-/react-19.2.17.tgz. Extracting by manifest.
2038 silly tarball no local data for @types/react-router-dom@https://registry.npmjs.org/@types/react-router-dom/-/react-router-dom-5.3.3.tgz. Extracting by manifest.
2039 silly tarball no local data for @types/range-parser@https://registry.npmjs.org/@types/range-parser/-/range-parser-1.2.7.tgz. Extracting by manifest.
2040 silly tarball no local data for @types/node@https://registry.npmjs.org/@types/node/-/node-26.1.1.tgz. Extracting by manifest.
2041 silly tarball no local data for @types/ms@https://registry.npmjs.org/@types/ms/-/ms-2.1.0.tgz. Extracting by manifest.
2042 silly tarball no local data for @types/mime@https://registry.npmjs.org/@types/mime/-/mime-1.3.5.tgz. Extracting by manifest.
2043 silly tarball no local data for @types/mdx@https://registry.npmjs.org/@types/mdx/-/mdx-2.0.14.tgz. Extracting by manifest.
2044 silly tarball no local data for @types/prismjs@https://registry.npmjs.org/@types/prismjs/-/prismjs-1.26.6.tgz. Extracting by manifest.
2045 silly tarball no local data for @types/mdast@https://registry.npmjs.org/@types/mdast/-/mdast-4.0.4.tgz. Extracting by manifest.
2046 silly tarball no local data for @types/json-schema@https://registry.npmjs.org/@types/json-schema/-/json-schema-7.0.15.tgz. Extracting by manifest.
2047 silly tarball no local data for @types/istanbul-reports@https://registry.npmjs.org/@types/istanbul-reports/-/istanbul-reports-3.0.4.tgz. Extracting by manifest.
2048 silly tarball no local data for @types/qs@https://registry.npmjs.org/@types/qs/-/qs-6.15.1.tgz. Extracting by manifest.
2049 silly tarball no local data for @types/istanbul-lib-report@https://registry.npmjs.org/@types/istanbul-lib-report/-/istanbul-lib-report-3.0.3.tgz. Extracting by manifest.
2050 silly tarball no local data for @types/http-errors@https://registry.npmjs.org/@types/http-errors/-/http-errors-2.0.5.tgz. Extracting by manifest.
2051 silly tarball no local data for @types/http-proxy@https://registry.npmjs.org/@types/http-proxy/-/http-proxy-1.17.17.tgz. Extracting by manifest.
2052 silly tarball no local data for @types/history@https://registry.npmjs.org/@types/history/-/history-4.7.11.tgz. Extracting by manifest.
2053 silly tarball no local data for @types/http-cache-semantics@https://registry.npmjs.org/@types/http-cache-semantics/-/http-cache-semantics-4.2.0.tgz. Extracting by manifest.
2054 silly tarball no local data for @types/hast@https://registry.npmjs.org/@types/hast/-/hast-3.0.5.tgz. Extracting by manifest.
2055 silly tarball no local data for @types/express-serve-static-core@https://registry.npmjs.org/@types/express-serve-static-core/-/express-serve-static-core-4.19.9.tgz. Extracting by manifest.
2056 silly tarball no local data for @types/html-minifier-terser@https://registry.npmjs.org/@types/html-minifier-terser/-/html-minifier-terser-6.1.0.tgz. Extracting by manifest.
2057 silly tarball no local data for @types/express@https://registry.npmjs.org/@types/express/-/express-4.17.25.tgz. Extracting by manifest.
2058 silly tarball no local data for @types/istanbul-lib-coverage@https://registry.npmjs.org/@types/istanbul-lib-coverage/-/istanbul-lib-coverage-2.0.6.tgz. Extracting by manifest.
2059 silly tarball no local data for @types/estree-jsx@https://registry.npmjs.org/@types/estree-jsx/-/estree-jsx-1.0.5.tgz. Extracting by manifest.
2060 silly tarball no local data for @types/estree@https://registry.npmjs.org/@types/estree/-/estree-1.0.9.tgz. Extracting by manifest.
2061 silly tarball no local data for @types/debug@https://registry.npmjs.org/@types/debug/-/debug-4.1.13.tgz. Extracting by manifest.
2062 silly tarball no local data for @types/body-parser@https://registry.npmjs.org/@types/body-parser/-/body-parser-1.19.6.tgz. Extracting by manifest.
2063 silly tarball no local data for @types/bonjour@https://registry.npmjs.org/@types/bonjour/-/bonjour-3.5.13.tgz. Extracting by manifest.
2064 silly tarball no local data for @types/connect-history-api-fallback@https://registry.npmjs.org/@types/connect-history-api-fallback/-/connect-history-api-fallback-1.5.4.tgz. Extracting by manifest.
2065 silly tarball no local data for @types/connect@https://registry.npmjs.org/@types/connect/-/connect-3.4.38.tgz. Extracting by manifest.
2066 silly tarball no local data for @svgr/webpack@https://registry.npmjs.org/@svgr/webpack/-/webpack-8.1.0.tgz. Extracting by manifest.
2067 silly tarball no local data for @svgr/plugin-svgo@https://registry.npmjs.org/@svgr/plugin-svgo/-/plugin-svgo-8.1.0.tgz. Extracting by manifest.
2068 silly tarball no local data for @svgr/plugin-jsx@https://registry.npmjs.org/@svgr/plugin-jsx/-/plugin-jsx-8.1.0.tgz. Extracting by manifest.
2069 silly tarball no local data for @svgr/babel-preset@https://registry.npmjs.org/@svgr/babel-preset/-/babel-preset-8.1.0.tgz. Extracting by manifest.
2070 silly tarball no local data for @svgr/core@https://registry.npmjs.org/@svgr/core/-/core-8.1.0.tgz. Extracting by manifest.
2071 silly tarball no local data for @svgr/babel-plugin-transform-react-native-svg@https://registry.npmjs.org/@svgr/babel-plugin-transform-react-native-svg/-/babel-plugin-transform-react-native-svg-8.1.0.tgz. Extracting by manifest.
2072 silly tarball no local data for @svgr/babel-plugin-svg-em-dimensions@https://registry.npmjs.org/@svgr/babel-plugin-svg-em-dimensions/-/babel-plugin-svg-em-dimensions-8.0.0.tgz. Extracting by manifest.
2073 silly tarball no local data for @svgr/babel-plugin-svg-dynamic-title@https://registry.npmjs.org/@svgr/babel-plugin-svg-dynamic-title/-/babel-plugin-svg-dynamic-title-8.0.0.tgz. Extracting by manifest.
2074 silly tarball no local data for @svgr/hast-util-to-babel-ast@https://registry.npmjs.org/@svgr/hast-util-to-babel-ast/-/hast-util-to-babel-ast-8.0.0.tgz. Extracting by manifest.
2075 silly tarball no local data for @svgr/babel-plugin-replace-jsx-attribute-value@https://registry.npmjs.org/@svgr/babel-plugin-replace-jsx-attribute-value/-/babel-plugin-replace-jsx-attribute-value-8.0.0.tgz. Extracting by manifest.
2076 silly tarball no local data for @szmarczak/http-timer@https://registry.npmjs.org/@szmarczak/http-timer/-/http-timer-5.0.1.tgz. Extracting by manifest.
2077 silly tarball no local data for @svgr/babel-plugin-remove-jsx-attribute@https://registry.npmjs.org/@svgr/babel-plugin-remove-jsx-attribute/-/babel-plugin-remove-jsx-attribute-8.0.0.tgz. Extracting by manifest.
2078 silly tarball no local data for @svgr/babel-plugin-remove-jsx-empty-expression@https://registry.npmjs.org/@svgr/babel-plugin-remove-jsx-empty-expression/-/babel-plugin-remove-jsx-empty-expression-8.0.0.tgz. Extracting by manifest.
2079 silly tarball no local data for @svgr/babel-plugin-transform-svg-component@https://registry.npmjs.org/@svgr/babel-plugin-transform-svg-component/-/babel-plugin-transform-svg-component-8.0.0.tgz. Extracting by manifest.
2080 silly tarball no local data for @svgr/babel-plugin-add-jsx-attribute@https://registry.npmjs.org/@svgr/babel-plugin-add-jsx-attribute/-/babel-plugin-add-jsx-attribute-8.0.0.tgz. Extracting by manifest.
2081 silly tarball no local data for @sindresorhus/is@https://registry.npmjs.org/@sindresorhus/is/-/is-4.6.0.tgz. Extracting by manifest.
2082 silly tarball no local data for @sideway/pinpoint@https://registry.npmjs.org/@sideway/pinpoint/-/pinpoint-2.0.0.tgz. Extracting by manifest.
2083 silly tarball no local data for @sideway/formula@https://registry.npmjs.org/@sideway/formula/-/formula-3.0.1.tgz. Extracting by manifest.
2084 silly tarball no local data for @slorber/remark-comment@https://registry.npmjs.org/@slorber/remark-comment/-/remark-comment-1.0.0.tgz. Extracting by manifest.
2085 silly tarball no local data for @sideway/address@https://registry.npmjs.org/@sideway/address/-/address-4.1.5.tgz. Extracting by manifest.
2086 silly tarball no local data for @polka/url@https://registry.npmjs.org/@polka/url/-/url-1.0.0-next.29.tgz. Extracting by manifest.
2087 silly tarball no local data for @sinclair/typebox@https://registry.npmjs.org/@sinclair/typebox/-/typebox-0.27.12.tgz. Extracting by manifest.
2088 silly tarball no local data for @pnpm/npm-conf@https://registry.npmjs.org/@pnpm/npm-conf/-/npm-conf-3.0.3.tgz. Extracting by manifest.
2089 silly tarball no local data for @pnpm/network.ca-file@https://registry.npmjs.org/@pnpm/network.ca-file/-/network.ca-file-1.0.2.tgz. Extracting by manifest.
2090 silly tarball no local data for @peculiar/x509@https://registry.npmjs.org/@peculiar/x509/-/x509-1.14.3.tgz. Extracting by manifest.
2091 silly tarball no local data for @peculiar/utils@https://registry.npmjs.org/@peculiar/utils/-/utils-2.0.3.tgz. Extracting by manifest.
2092 silly tarball no local data for @pnpm/config.env-replace@https://registry.npmjs.org/@pnpm/config.env-replace/-/config.env-replace-1.1.0.tgz. Extracting by manifest.
2093 silly tarball no local data for @peculiar/asn1-x509-attr@https://registry.npmjs.org/@peculiar/asn1-x509-attr/-/asn1-x509-attr-2.8.0.tgz. Extracting by manifest.
2094 silly tarball no local data for @peculiar/asn1-x509@https://registry.npmjs.org/@peculiar/asn1-x509/-/asn1-x509-2.8.0.tgz. Extracting by manifest.
2095 silly tarball no local data for @peculiar/asn1-schema@https://registry.npmjs.org/@peculiar/asn1-schema/-/asn1-schema-2.8.0.tgz. Extracting by manifest.
2096 silly tarball no local data for @peculiar/asn1-rsa@https://registry.npmjs.org/@peculiar/asn1-rsa/-/asn1-rsa-2.8.0.tgz. Extracting by manifest.
2097 silly tarball no local data for @peculiar/asn1-pkcs8@https://registry.npmjs.org/@peculiar/asn1-pkcs8/-/asn1-pkcs8-2.8.0.tgz. Extracting by manifest.
2098 silly tarball no local data for @peculiar/asn1-pkcs9@https://registry.npmjs.org/@peculiar/asn1-pkcs9/-/asn1-pkcs9-2.8.0.tgz. Extracting by manifest.
2099 silly tarball no local data for @peculiar/asn1-csr@https://registry.npmjs.org/@peculiar/asn1-csr/-/asn1-csr-2.8.0.tgz. Extracting by manifest.
2100 silly tarball no local data for @peculiar/asn1-cms@https://registry.npmjs.org/@peculiar/asn1-cms/-/asn1-cms-2.8.0.tgz. Extracting by manifest.
2101 silly tarball no local data for @nodelib/fs.stat@https://registry.npmjs.org/@nodelib/fs.stat/-/fs.stat-2.0.5.tgz. Extracting by manifest.
2102 silly tarball no local data for @nodelib/fs.walk@https://registry.npmjs.org/@nodelib/fs.walk/-/fs.walk-1.2.8.tgz. Extracting by manifest.
2103 silly tarball no local data for @peculiar/asn1-ecc@https://registry.npmjs.org/@peculiar/asn1-ecc/-/asn1-ecc-2.8.0.tgz. Extracting by manifest.
2104 silly tarball no local data for @noble/hashes@https://registry.npmjs.org/@noble/hashes/-/hashes-1.4.0.tgz. Extracting by manifest.
2105 silly tarball no local data for @nodelib/fs.scandir@https://registry.npmjs.org/@nodelib/fs.scandir/-/fs.scandir-2.1.5.tgz. Extracting by manifest.
2106 silly tarball no local data for @mdx-js/react@https://registry.npmjs.org/@mdx-js/react/-/react-3.1.1.tgz. Extracting by manifest.
2107 silly tarball no local data for @peculiar/asn1-pfx@https://registry.npmjs.org/@peculiar/asn1-pfx/-/asn1-pfx-2.8.0.tgz. Extracting by manifest.
2108 silly tarball no local data for @leichtgewicht/ip-codec@https://registry.npmjs.org/@leichtgewicht/ip-codec/-/ip-codec-2.0.5.tgz. Extracting by manifest.
2109 silly tarball no local data for @mdx-js/mdx@https://registry.npmjs.org/@mdx-js/mdx/-/mdx-3.1.1.tgz. Extracting by manifest.
2110 silly tarball no local data for @jsonjoy.com/util@https://registry.npmjs.org/@jsonjoy.com/util/-/util-1.9.0.tgz. Extracting by manifest.
2111 silly tarball no local data for @jsonjoy.com/json-pointer@https://registry.npmjs.org/@jsonjoy.com/json-pointer/-/json-pointer-1.0.2.tgz. Extracting by manifest.
2112 silly tarball no local data for @jsonjoy.com/json-pack@https://registry.npmjs.org/@jsonjoy.com/json-pack/-/json-pack-1.21.0.tgz. Extracting by manifest.
2113 silly tarball no local data for @jsonjoy.com/fs-node-utils@https://registry.npmjs.org/@jsonjoy.com/fs-node-utils/-/fs-node-utils-4.68.0.tgz. Extracting by manifest.
2114 silly tarball no local data for @jsonjoy.com/fs-node-to-fsa@https://registry.npmjs.org/@jsonjoy.com/fs-node-to-fsa/-/fs-node-to-fsa-4.68.0.tgz. Extracting by manifest.
2115 silly tarball no local data for @jsonjoy.com/fs-snapshot@https://registry.npmjs.org/@jsonjoy.com/fs-snapshot/-/fs-snapshot-4.68.0.tgz. Extracting by manifest.
2116 silly tarball no local data for @jsonjoy.com/fs-node-builtins@https://registry.npmjs.org/@jsonjoy.com/fs-node-builtins/-/fs-node-builtins-4.68.0.tgz. Extracting by manifest.
2117 silly tarball no local data for @jsonjoy.com/fs-print@https://registry.npmjs.org/@jsonjoy.com/fs-print/-/fs-print-4.68.0.tgz. Extracting by manifest.
2118 silly tarball no local data for @jsonjoy.com/fs-node@https://registry.npmjs.org/@jsonjoy.com/fs-node/-/fs-node-4.68.0.tgz. Extracting by manifest.
2119 silly tarball no local data for @jsonjoy.com/fs-fsa@https://registry.npmjs.org/@jsonjoy.com/fs-fsa/-/fs-fsa-4.68.0.tgz. Extracting by manifest.
2120 silly tarball no local data for @jsonjoy.com/fs-core@https://registry.npmjs.org/@jsonjoy.com/fs-core/-/fs-core-4.68.0.tgz. Extracting by manifest.
2121 silly tarball no local data for @jsonjoy.com/codegen@https://registry.npmjs.org/@jsonjoy.com/codegen/-/codegen-1.0.0.tgz. Extracting by manifest.
2122 silly tarball no local data for @jsonjoy.com/buffers@https://registry.npmjs.org/@jsonjoy.com/buffers/-/buffers-17.67.0.tgz. Extracting by manifest.
2123 silly tarball no local data for @jridgewell/trace-mapping@https://registry.npmjs.org/@jridgewell/trace-mapping/-/trace-mapping-0.3.31.tgz. Extracting by manifest.
2124 silly tarball no local data for @jridgewell/resolve-uri@https://registry.npmjs.org/@jridgewell/resolve-uri/-/resolve-uri-3.1.2.tgz. Extracting by manifest.
2125 silly tarball no local data for @jridgewell/sourcemap-codec@https://registry.npmjs.org/@jridgewell/sourcemap-codec/-/sourcemap-codec-1.5.5.tgz. Extracting by manifest.
2126 silly tarball no local data for @jridgewell/source-map@https://registry.npmjs.org/@jridgewell/source-map/-/source-map-0.3.11.tgz. Extracting by manifest.
2127 silly tarball no local data for @jest/types@https://registry.npmjs.org/@jest/types/-/types-29.6.3.tgz. Extracting by manifest.
2128 silly tarball no local data for @jridgewell/remapping@https://registry.npmjs.org/@jridgewell/remapping/-/remapping-2.3.5.tgz. Extracting by manifest.
2129 silly tarball no local data for @jsonjoy.com/base64@https://registry.npmjs.org/@jsonjoy.com/base64/-/base64-1.1.2.tgz. Extracting by manifest.
2130 silly tarball no local data for @jest/schemas@https://registry.npmjs.org/@jest/schemas/-/schemas-29.6.3.tgz. Extracting by manifest.
2131 silly tarball no local data for @jridgewell/gen-mapping@https://registry.npmjs.org/@jridgewell/gen-mapping/-/gen-mapping-0.3.13.tgz. Extracting by manifest.
2132 silly tarball no local data for @docusaurus/utils-common@https://registry.npmjs.org/@docusaurus/utils-common/-/utils-common-3.10.2.tgz. Extracting by manifest.
2133 silly tarball no local data for @hapi/hoek@https://registry.npmjs.org/@hapi/hoek/-/hoek-9.3.0.tgz. Extracting by manifest.
2134 silly tarball no local data for @docusaurus/utils@https://registry.npmjs.org/@docusaurus/utils/-/utils-3.10.2.tgz. Extracting by manifest.
2135 silly tarball no local data for @docusaurus/theme-translations@https://registry.npmjs.org/@docusaurus/theme-translations/-/theme-translations-3.10.2.tgz. Extracting by manifest.
2136 silly tarball no local data for @hapi/topo@https://registry.npmjs.org/@hapi/topo/-/topo-5.1.0.tgz. Extracting by manifest.
2137 silly tarball no local data for @docusaurus/utils-validation@https://registry.npmjs.org/@docusaurus/utils-validation/-/utils-validation-3.10.2.tgz. Extracting by manifest.
2138 silly tarball no local data for @docusaurus/theme-search-algolia@https://registry.npmjs.org/@docusaurus/theme-search-algolia/-/theme-search-algolia-3.10.2.tgz. Extracting by manifest.
2139 silly tarball no local data for @docusaurus/theme-common@https://registry.npmjs.org/@docusaurus/theme-common/-/theme-common-3.10.2.tgz. Extracting by manifest.
2140 silly tarball no local data for @docusaurus/theme-classic@https://registry.npmjs.org/@docusaurus/theme-classic/-/theme-classic-3.10.2.tgz. Extracting by manifest.
2141 silly tarball no local data for @docusaurus/types@https://registry.npmjs.org/@docusaurus/types/-/types-3.10.2.tgz. Extracting by manifest.
2142 silly tarball no local data for @docusaurus/plugin-svgr@https://registry.npmjs.org/@docusaurus/plugin-svgr/-/plugin-svgr-3.10.2.tgz. Extracting by manifest.
2143 silly tarball no local data for @docusaurus/preset-classic@https://registry.npmjs.org/@docusaurus/preset-classic/-/preset-classic-3.10.2.tgz. Extracting by manifest.
2144 silly tarball no local data for @docusaurus/plugin-google-analytics@https://registry.npmjs.org/@docusaurus/plugin-google-analytics/-/plugin-google-analytics-3.10.2.tgz. Extracting by manifest.
2145 silly tarball no local data for @docusaurus/plugin-sitemap@https://registry.npmjs.org/@docusaurus/plugin-sitemap/-/plugin-sitemap-3.10.2.tgz. Extracting by manifest.
2146 silly tarball no local data for @docusaurus/plugin-google-tag-manager@https://registry.npmjs.org/@docusaurus/plugin-google-tag-manager/-/plugin-google-tag-manager-3.10.2.tgz. Extracting by manifest.
2147 silly tarball no local data for @docusaurus/plugin-content-docs@https://registry.npmjs.org/@docusaurus/plugin-content-docs/-/plugin-content-docs-3.10.2.tgz. Extracting by manifest.
2148 silly tarball no local data for @docusaurus/plugin-google-gtag@https://registry.npmjs.org/@docusaurus/plugin-google-gtag/-/plugin-google-gtag-3.10.2.tgz. Extracting by manifest.
2149 silly tarball no local data for @docusaurus/plugin-content-pages@https://registry.npmjs.org/@docusaurus/plugin-content-pages/-/plugin-content-pages-3.10.2.tgz. Extracting by manifest.
2150 silly tarball no local data for @docusaurus/plugin-content-blog@https://registry.npmjs.org/@docusaurus/plugin-content-blog/-/plugin-content-blog-3.10.2.tgz. Extracting by manifest.
2151 silly tarball no local data for @docusaurus/module-type-aliases@https://registry.npmjs.org/@docusaurus/module-type-aliases/-/module-type-aliases-3.10.2.tgz. Extracting by manifest.
2152 silly tarball no local data for @docusaurus/plugin-debug@https://registry.npmjs.org/@docusaurus/plugin-debug/-/plugin-debug-3.10.2.tgz. Extracting by manifest.
2153 silly tarball no local data for @docusaurus/cssnano-preset@https://registry.npmjs.org/@docusaurus/cssnano-preset/-/cssnano-preset-3.10.2.tgz. Extracting by manifest.
2154 silly tarball no local data for @docusaurus/logger@https://registry.npmjs.org/@docusaurus/logger/-/logger-3.10.2.tgz. Extracting by manifest.
2155 silly tarball no local data for @docusaurus/plugin-css-cascade-layers@https://registry.npmjs.org/@docusaurus/plugin-css-cascade-layers/-/plugin-css-cascade-layers-3.10.2.tgz. Extracting by manifest.
2156 silly tarball no local data for @docusaurus/core@https://registry.npmjs.org/@docusaurus/core/-/core-3.10.2.tgz. Extracting by manifest.
2157 silly tarball no local data for @docusaurus/bundler@https://registry.npmjs.org/@docusaurus/bundler/-/bundler-3.10.2.tgz. Extracting by manifest.
2158 silly tarball no local data for @docusaurus/babel@https://registry.npmjs.org/@docusaurus/babel/-/babel-3.10.2.tgz. Extracting by manifest.
2159 silly tarball no local data for @docsearch/react@https://registry.npmjs.org/@docsearch/react/-/react-4.7.0.tgz. Extracting by manifest.
2160 silly tarball no local data for @docsearch/css@https://registry.npmjs.org/@docsearch/css/-/css-4.7.0.tgz. Extracting by manifest.
2161 silly tarball no local data for @docsearch/core@https://registry.npmjs.org/@docsearch/core/-/core-4.7.0.tgz. Extracting by manifest.
2162 silly tarball no local data for @csstools/utilities@https://registry.npmjs.org/@csstools/utilities/-/utilities-2.0.0.tgz. Extracting by manifest.
2163 silly tarball no local data for @csstools/selector-specificity@https://registry.npmjs.org/@csstools/selector-specificity/-/selector-specificity-5.0.0.tgz. Extracting by manifest.
2164 silly tarball no local data for @csstools/selector-resolve-nested@https://registry.npmjs.org/@csstools/selector-resolve-nested/-/selector-resolve-nested-3.1.0.tgz. Extracting by manifest.
2165 silly tarball no local data for @csstools/postcss-unset-value@https://registry.npmjs.org/@csstools/postcss-unset-value/-/postcss-unset-value-4.0.0.tgz. Extracting by manifest.
2166 silly tarball no local data for @csstools/postcss-trigonometric-functions@https://registry.npmjs.org/@csstools/postcss-trigonometric-functions/-/postcss-trigonometric-functions-4.0.9.tgz. Extracting by manifest.
2167 silly tarball no local data for @discoveryjs/json-ext@https://registry.npmjs.org/@discoveryjs/json-ext/-/json-ext-0.5.7.tgz. Extracting by manifest.
2168 silly tarball no local data for @csstools/postcss-system-ui-font-family@https://registry.npmjs.org/@csstools/postcss-system-ui-font-family/-/postcss-system-ui-font-family-1.0.0.tgz. Extracting by manifest.
2169 silly tarball no local data for @csstools/postcss-stepped-value-functions@https://registry.npmjs.org/@csstools/postcss-stepped-value-functions/-/postcss-stepped-value-functions-4.0.9.tgz. Extracting by manifest.
2170 silly tarball no local data for @csstools/postcss-sign-functions@https://registry.npmjs.org/@csstools/postcss-sign-functions/-/postcss-sign-functions-1.1.4.tgz. Extracting by manifest.
2171 silly tarball no local data for @docusaurus/mdx-loader@https://registry.npmjs.org/@docusaurus/mdx-loader/-/mdx-loader-3.10.2.tgz. Extracting by manifest.
2172 silly tarball no local data for @csstools/postcss-scope-pseudo-class@https://registry.npmjs.org/@csstools/postcss-scope-pseudo-class/-/postcss-scope-pseudo-class-4.0.1.tgz. Extracting by manifest.
2173 silly tarball no local data for @csstools/postcss-relative-color-syntax@https://registry.npmjs.org/@csstools/postcss-relative-color-syntax/-/postcss-relative-color-syntax-3.0.12.tgz. Extracting by manifest.
2174 silly tarball no local data for @csstools/postcss-property-rule-prelude-list@https://registry.npmjs.org/@csstools/postcss-property-rule-prelude-list/-/postcss-property-rule-prelude-list-1.0.0.tgz. Extracting by manifest.
2175 silly tarball no local data for @csstools/postcss-random-function@https://registry.npmjs.org/@csstools/postcss-random-function/-/postcss-random-function-2.0.1.tgz. Extracting by manifest.
2176 silly tarball no local data for @csstools/postcss-syntax-descriptor-syntax-production@https://registry.npmjs.org/@csstools/postcss-syntax-descriptor-syntax-production/-/postcss-syntax-descriptor-syntax-production-1.0.1.tgz. Extracting by manifest.
2177 silly tarball no local data for @csstools/postcss-position-area-property@https://registry.npmjs.org/@csstools/postcss-position-area-property/-/postcss-position-area-property-1.0.0.tgz. Extracting by manifest.
2178 silly tarball no local data for @csstools/postcss-text-decoration-shorthand@https://registry.npmjs.org/@csstools/postcss-text-decoration-shorthand/-/postcss-text-decoration-shorthand-4.0.3.tgz. Extracting by manifest.
2179 silly tarball no local data for @csstools/postcss-media-queries-aspect-ratio-number-values@https://registry.npmjs.org/@csstools/postcss-media-queries-aspect-ratio-number-values/-/postcss-media-queries-aspect-ratio-number-values-3.0.5.tgz. Extracting by manifest.
2180 silly tarball no local data for @csstools/postcss-nested-calc@https://registry.npmjs.org/@csstools/postcss-nested-calc/-/postcss-nested-calc-4.0.0.tgz. Extracting by manifest.
2181 silly tarball no local data for @csstools/postcss-media-minmax@https://registry.npmjs.org/@csstools/postcss-media-minmax/-/postcss-media-minmax-2.0.9.tgz. Extracting by manifest.
2182 silly tarball no local data for @csstools/postcss-progressive-custom-properties@https://registry.npmjs.org/@csstools/postcss-progressive-custom-properties/-/postcss-progressive-custom-properties-4.2.1.tgz. Extracting by manifest.
2183 silly tarball no local data for @csstools/postcss-normalize-display-values@https://registry.npmjs.org/@csstools/postcss-normalize-display-values/-/postcss-normalize-display-values-4.0.1.tgz. Extracting by manifest.
2184 silly tarball no local data for @csstools/postcss-logical-viewport-units@https://registry.npmjs.org/@csstools/postcss-logical-viewport-units/-/postcss-logical-viewport-units-3.0.4.tgz. Extracting by manifest.
2185 silly tarball no local data for @csstools/postcss-logical-resize@https://registry.npmjs.org/@csstools/postcss-logical-resize/-/postcss-logical-resize-3.0.0.tgz. Extracting by manifest.
2186 silly tarball no local data for @csstools/postcss-logical-float-and-clear@https://registry.npmjs.org/@csstools/postcss-logical-float-and-clear/-/postcss-logical-float-and-clear-3.0.0.tgz. Extracting by manifest.
2187 silly tarball no local data for @csstools/postcss-oklab-function@https://registry.npmjs.org/@csstools/postcss-oklab-function/-/postcss-oklab-function-4.0.12.tgz. Extracting by manifest.
2188 silly tarball no local data for @csstools/postcss-logical-overflow@https://registry.npmjs.org/@csstools/postcss-logical-overflow/-/postcss-logical-overflow-2.0.0.tgz. Extracting by manifest.
2189 silly tarball no local data for @csstools/postcss-logical-overscroll-behavior@https://registry.npmjs.org/@csstools/postcss-logical-overscroll-behavior/-/postcss-logical-overscroll-behavior-2.0.0.tgz. Extracting by manifest.
2190 silly tarball no local data for @csstools/postcss-light-dark-function@https://registry.npmjs.org/@csstools/postcss-light-dark-function/-/postcss-light-dark-function-2.0.11.tgz. Extracting by manifest.
2191 silly tarball no local data for @csstools/postcss-is-pseudo-class@https://registry.npmjs.org/@csstools/postcss-is-pseudo-class/-/postcss-is-pseudo-class-5.0.3.tgz. Extracting by manifest.
2192 silly tarball no local data for @csstools/postcss-gradients-interpolation-method@https://registry.npmjs.org/@csstools/postcss-gradients-interpolation-method/-/postcss-gradients-interpolation-method-5.0.12.tgz. Extracting by manifest.
2193 silly tarball no local data for @csstools/postcss-initial@https://registry.npmjs.org/@csstools/postcss-initial/-/postcss-initial-2.0.1.tgz. Extracting by manifest.
2194 silly tarball no local data for @csstools/postcss-ic-unit@https://registry.npmjs.org/@csstools/postcss-ic-unit/-/postcss-ic-unit-4.0.4.tgz. Extracting by manifest.
2195 silly tarball no local data for @csstools/postcss-hwb-function@https://registry.npmjs.org/@csstools/postcss-hwb-function/-/postcss-hwb-function-4.0.12.tgz. Extracting by manifest.
2196 silly tarball no local data for @csstools/postcss-font-format-keywords@https://registry.npmjs.org/@csstools/postcss-font-format-keywords/-/postcss-font-format-keywords-4.0.0.tgz. Extracting by manifest.
2197 silly tarball no local data for @csstools/postcss-gamut-mapping@https://registry.npmjs.org/@csstools/postcss-gamut-mapping/-/postcss-gamut-mapping-2.0.11.tgz. Extracting by manifest.
2198 silly tarball no local data for @csstools/postcss-contrast-color-function@https://registry.npmjs.org/@csstools/postcss-contrast-color-function/-/postcss-contrast-color-function-2.0.12.tgz. Extracting by manifest.
2199 silly tarball no local data for @csstools/postcss-content-alt-text@https://registry.npmjs.org/@csstools/postcss-content-alt-text/-/postcss-content-alt-text-2.0.8.tgz. Extracting by manifest.
2200 silly tarball no local data for @csstools/postcss-color-function-display-p3-linear@https://registry.npmjs.org/@csstools/postcss-color-function-display-p3-linear/-/postcss-color-function-display-p3-linear-1.0.1.tgz. Extracting by manifest.
2201 silly tarball no local data for @csstools/postcss-color-mix-variadic-function-arguments@https://registry.npmjs.org/@csstools/postcss-color-mix-variadic-function-arguments/-/postcss-color-mix-variadic-function-arguments-1.0.2.tgz. Extracting by manifest.
2202 silly tarball no local data for @csstools/postcss-color-mix-function@https://registry.npmjs.org/@csstools/postcss-color-mix-function/-/postcss-color-mix-function-3.0.12.tgz. Extracting by manifest.
2203 silly tarball no local data for @csstools/postcss-cascade-layers@https://registry.npmjs.org/@csstools/postcss-cascade-layers/-/postcss-cascade-layers-5.0.2.tgz. Extracting by manifest.
2204 silly tarball no local data for @csstools/postcss-color-function@https://registry.npmjs.org/@csstools/postcss-color-function/-/postcss-color-function-4.0.12.tgz. Extracting by manifest.
2205 silly tarball no local data for @csstools/media-query-list-parser@https://registry.npmjs.org/@csstools/media-query-list-parser/-/media-query-list-parser-4.0.3.tgz. Extracting by manifest.
2206 silly tarball no local data for @csstools/postcss-exponential-functions@https://registry.npmjs.org/@csstools/postcss-exponential-functions/-/postcss-exponential-functions-2.0.9.tgz. Extracting by manifest.
2207 silly tarball no local data for @csstools/postcss-alpha-function@https://registry.npmjs.org/@csstools/postcss-alpha-function/-/postcss-alpha-function-1.0.1.tgz. Extracting by manifest.
2208 silly tarball no local data for @csstools/css-tokenizer@https://registry.npmjs.org/@csstools/css-tokenizer/-/css-tokenizer-3.0.4.tgz. Extracting by manifest.
2209 silly tarball no local data for @csstools/css-calc@https://registry.npmjs.org/@csstools/css-calc/-/css-calc-2.1.4.tgz. Extracting by manifest.
2210 silly tarball no local data for @csstools/css-parser-algorithms@https://registry.npmjs.org/@csstools/css-parser-algorithms/-/css-parser-algorithms-3.0.5.tgz. Extracting by manifest.
2211 silly tarball no local data for @csstools/color-helpers@https://registry.npmjs.org/@csstools/color-helpers/-/color-helpers-5.1.0.tgz. Extracting by manifest.
2212 silly tarball no local data for @csstools/cascade-layer-name-parser@https://registry.npmjs.org/@csstools/cascade-layer-name-parser/-/cascade-layer-name-parser-2.0.5.tgz. Extracting by manifest.
2213 silly tarball no local data for @babel/traverse@https://registry.npmjs.org/@babel/traverse/-/traverse-7.29.8.tgz. Extracting by manifest.
2214 silly tarball no local data for @csstools/css-color-parser@https://registry.npmjs.org/@csstools/css-color-parser/-/css-color-parser-3.1.0.tgz. Extracting by manifest.
2215 silly tarball no local data for @babel/template@https://registry.npmjs.org/@babel/template/-/template-7.29.7.tgz. Extracting by manifest.
2216 silly tarball no local data for @colors/colors@https://registry.npmjs.org/@colors/colors/-/colors-1.5.0.tgz. Extracting by manifest.
2217 silly tarball no local data for @babel/runtime@https://registry.npmjs.org/@babel/runtime/-/runtime-7.29.7.tgz. Extracting by manifest.
2218 silly tarball no local data for @babel/preset-react@https://registry.npmjs.org/@babel/preset-react/-/preset-react-7.29.7.tgz. Extracting by manifest.
2219 silly tarball no local data for @babel/preset-env@https://registry.npmjs.org/@babel/preset-env/-/preset-env-7.29.7.tgz. Extracting by manifest.
2220 silly tarball no local data for @babel/types@https://registry.npmjs.org/@babel/types/-/types-7.29.8.tgz. Extracting by manifest.
2221 silly tarball no local data for @babel/preset-typescript@https://registry.npmjs.org/@babel/preset-typescript/-/preset-typescript-7.29.7.tgz. Extracting by manifest.
2222 silly tarball no local data for @babel/plugin-transform-unicode-property-regex@https://registry.npmjs.org/@babel/plugin-transform-unicode-property-regex/-/plugin-transform-unicode-property-regex-7.29.7.tgz. Extracting by manifest.
2223 silly tarball no local data for @babel/plugin-transform-unicode-regex@https://registry.npmjs.org/@babel/plugin-transform-unicode-regex/-/plugin-transform-unicode-regex-7.29.7.tgz. Extracting by manifest.
2224 silly tarball no local data for @babel/preset-modules@https://registry.npmjs.org/@babel/preset-modules/-/preset-modules-0.1.6-no-external-plugins.tgz. Extracting by manifest.
2225 silly tarball no local data for @babel/plugin-transform-unicode-sets-regex@https://registry.npmjs.org/@babel/plugin-transform-unicode-sets-regex/-/plugin-transform-unicode-sets-regex-7.29.7.tgz. Extracting by manifest.
2226 silly tarball no local data for @babel/plugin-transform-unicode-escapes@https://registry.npmjs.org/@babel/plugin-transform-unicode-escapes/-/plugin-transform-unicode-escapes-7.29.7.tgz. Extracting by manifest.
2227 silly tarball no local data for @babel/plugin-transform-template-literals@https://registry.npmjs.org/@babel/plugin-transform-template-literals/-/plugin-transform-template-literals-7.29.7.tgz. Extracting by manifest.
2228 silly tarball no local data for @babel/plugin-transform-sticky-regex@https://registry.npmjs.org/@babel/plugin-transform-sticky-regex/-/plugin-transform-sticky-regex-7.29.7.tgz. Extracting by manifest.
2229 silly tarball no local data for @babel/plugin-transform-typescript@https://registry.npmjs.org/@babel/plugin-transform-typescript/-/plugin-transform-typescript-7.29.7.tgz. Extracting by manifest.
2230 silly tarball no local data for @babel/plugin-transform-spread@https://registry.npmjs.org/@babel/plugin-transform-spread/-/plugin-transform-spread-7.29.8.tgz. Extracting by manifest.
2231 silly tarball no local data for @babel/plugin-transform-shorthand-properties@https://registry.npmjs.org/@babel/plugin-transform-shorthand-properties/-/plugin-transform-shorthand-properties-7.29.7.tgz. Extracting by manifest.
2232 silly tarball no local data for @babel/plugin-transform-typeof-symbol@https://registry.npmjs.org/@babel/plugin-transform-typeof-symbol/-/plugin-transform-typeof-symbol-7.29.7.tgz. Extracting by manifest.
2233 silly tarball no local data for @babel/plugin-transform-regenerator@https://registry.npmjs.org/@babel/plugin-transform-regenerator/-/plugin-transform-regenerator-7.29.8.tgz. Extracting by manifest.
2234 silly tarball no local data for @babel/plugin-transform-reserved-words@https://registry.npmjs.org/@babel/plugin-transform-reserved-words/-/plugin-transform-reserved-words-7.29.7.tgz. Extracting by manifest.
2235 silly tarball no local data for @babel/plugin-transform-react-pure-annotations@https://registry.npmjs.org/@babel/plugin-transform-react-pure-annotations/-/plugin-transform-react-pure-annotations-7.29.7.tgz. Extracting by manifest.
2236 silly tarball no local data for @babel/plugin-transform-react-jsx@https://registry.npmjs.org/@babel/plugin-transform-react-jsx/-/plugin-transform-react-jsx-7.29.7.tgz. Extracting by manifest.
2237 silly tarball no local data for @babel/plugin-transform-react-display-name@https://registry.npmjs.org/@babel/plugin-transform-react-display-name/-/plugin-transform-react-display-name-7.29.7.tgz. Extracting by manifest.
2238 silly tarball no local data for @babel/plugin-transform-react-jsx-development@https://registry.npmjs.org/@babel/plugin-transform-react-jsx-development/-/plugin-transform-react-jsx-development-7.29.7.tgz. Extracting by manifest.
2239 silly tarball no local data for @babel/plugin-transform-runtime@https://registry.npmjs.org/@babel/plugin-transform-runtime/-/plugin-transform-runtime-7.29.7.tgz. Extracting by manifest.
2240 silly tarball no local data for @babel/plugin-transform-react-constant-elements@https://registry.npmjs.org/@babel/plugin-transform-react-constant-elements/-/plugin-transform-react-constant-elements-7.29.7.tgz. Extracting by manifest.
2241 silly tarball no local data for @babel/plugin-transform-property-literals@https://registry.npmjs.org/@babel/plugin-transform-property-literals/-/plugin-transform-property-literals-7.29.7.tgz. Extracting by manifest.
2242 silly tarball no local data for @babel/plugin-transform-private-property-in-object@https://registry.npmjs.org/@babel/plugin-transform-private-property-in-object/-/plugin-transform-private-property-in-object-7.29.7.tgz. Extracting by manifest.
2243 silly tarball no local data for @babel/plugin-transform-private-methods@https://registry.npmjs.org/@babel/plugin-transform-private-methods/-/plugin-transform-private-methods-7.29.7.tgz. Extracting by manifest.
2244 silly tarball no local data for @babel/plugin-transform-parameters@https://registry.npmjs.org/@babel/plugin-transform-parameters/-/plugin-transform-parameters-7.29.7.tgz. Extracting by manifest.
2245 silly tarball no local data for @babel/plugin-transform-optional-chaining@https://registry.npmjs.org/@babel/plugin-transform-optional-chaining/-/plugin-transform-optional-chaining-7.29.7.tgz. Extracting by manifest.
2246 silly tarball no local data for @babel/plugin-transform-regexp-modifiers@https://registry.npmjs.org/@babel/plugin-transform-regexp-modifiers/-/plugin-transform-regexp-modifiers-7.29.7.tgz. Extracting by manifest.
2247 silly tarball no local data for @babel/plugin-transform-object-rest-spread@https://registry.npmjs.org/@babel/plugin-transform-object-rest-spread/-/plugin-transform-object-rest-spread-7.29.7.tgz. Extracting by manifest.
2248 silly tarball no local data for @babel/plugin-transform-nullish-coalescing-operator@https://registry.npmjs.org/@babel/plugin-transform-nullish-coalescing-operator/-/plugin-transform-nullish-coalescing-operator-7.29.7.tgz. Extracting by manifest.
2249 silly tarball no local data for @babel/plugin-transform-optional-catch-binding@https://registry.npmjs.org/@babel/plugin-transform-optional-catch-binding/-/plugin-transform-optional-catch-binding-7.29.7.tgz. Extracting by manifest.
2250 silly tarball no local data for @babel/plugin-transform-named-capturing-groups-regex@https://registry.npmjs.org/@babel/plugin-transform-named-capturing-groups-regex/-/plugin-transform-named-capturing-groups-regex-7.29.7.tgz. Extracting by manifest.
2251 silly tarball no local data for @babel/plugin-transform-numeric-separator@https://registry.npmjs.org/@babel/plugin-transform-numeric-separator/-/plugin-transform-numeric-separator-7.29.7.tgz. Extracting by manifest.
2252 silly tarball no local data for @babel/plugin-transform-modules-umd@https://registry.npmjs.org/@babel/plugin-transform-modules-umd/-/plugin-transform-modules-umd-7.29.7.tgz. Extracting by manifest.
2253 silly tarball no local data for @babel/plugin-transform-new-target@https://registry.npmjs.org/@babel/plugin-transform-new-target/-/plugin-transform-new-target-7.29.7.tgz. Extracting by manifest.
2254 silly tarball no local data for @babel/plugin-transform-modules-amd@https://registry.npmjs.org/@babel/plugin-transform-modules-amd/-/plugin-transform-modules-amd-7.29.7.tgz. Extracting by manifest.
2255 silly tarball no local data for @babel/plugin-transform-modules-commonjs@https://registry.npmjs.org/@babel/plugin-transform-modules-commonjs/-/plugin-transform-modules-commonjs-7.29.7.tgz. Extracting by manifest.
2256 silly tarball no local data for @babel/plugin-transform-member-expression-literals@https://registry.npmjs.org/@babel/plugin-transform-member-expression-literals/-/plugin-transform-member-expression-literals-7.29.7.tgz. Extracting by manifest.
2257 silly tarball no local data for @babel/plugin-transform-modules-systemjs@https://registry.npmjs.org/@babel/plugin-transform-modules-systemjs/-/plugin-transform-modules-systemjs-7.29.8.tgz. Extracting by manifest.
2258 silly tarball no local data for @babel/plugin-transform-logical-assignment-operators@https://registry.npmjs.org/@babel/plugin-transform-logical-assignment-operators/-/plugin-transform-logical-assignment-operators-7.29.7.tgz. Extracting by manifest.
2259 silly tarball no local data for @babel/plugin-transform-object-super@https://registry.npmjs.org/@babel/plugin-transform-object-super/-/plugin-transform-object-super-7.29.7.tgz. Extracting by manifest.
2260 silly tarball no local data for @babel/plugin-transform-json-strings@https://registry.npmjs.org/@babel/plugin-transform-json-strings/-/plugin-transform-json-strings-7.29.7.tgz. Extracting by manifest.
2261 silly tarball no local data for @babel/plugin-transform-literals@https://registry.npmjs.org/@babel/plugin-transform-literals/-/plugin-transform-literals-7.29.7.tgz. Extracting by manifest.
2262 silly tarball no local data for @babel/plugin-transform-function-name@https://registry.npmjs.org/@babel/plugin-transform-function-name/-/plugin-transform-function-name-7.29.7.tgz. Extracting by manifest.
2263 silly tarball no local data for @babel/plugin-transform-for-of@https://registry.npmjs.org/@babel/plugin-transform-for-of/-/plugin-transform-for-of-7.29.7.tgz. Extracting by manifest.
2264 silly tarball no local data for @babel/plugin-transform-export-namespace-from@https://registry.npmjs.org/@babel/plugin-transform-export-namespace-from/-/plugin-transform-export-namespace-from-7.29.7.tgz. Extracting by manifest.
2265 silly tarball no local data for @babel/plugin-transform-explicit-resource-management@https://registry.npmjs.org/@babel/plugin-transform-explicit-resource-management/-/plugin-transform-explicit-resource-management-7.29.7.tgz. Extracting by manifest.
2266 silly tarball no local data for @babel/plugin-transform-duplicate-named-capturing-groups-regex@https://registry.npmjs.org/@babel/plugin-transform-duplicate-named-capturing-groups-regex/-/plugin-transform-duplicate-named-capturing-groups-regex-7.29.7.tgz. Extracting by manifest.
2267 silly tarball no local data for @babel/plugin-transform-exponentiation-operator@https://registry.npmjs.org/@babel/plugin-transform-exponentiation-operator/-/plugin-transform-exponentiation-operator-7.29.7.tgz. Extracting by manifest.
2268 silly tarball no local data for @babel/plugin-transform-dotall-regex@https://registry.npmjs.org/@babel/plugin-transform-dotall-regex/-/plugin-transform-dotall-regex-7.29.7.tgz. Extracting by manifest.
2269 silly tarball no local data for @babel/plugin-transform-duplicate-keys@https://registry.npmjs.org/@babel/plugin-transform-duplicate-keys/-/plugin-transform-duplicate-keys-7.29.7.tgz. Extracting by manifest.
2270 silly tarball no local data for @babel/plugin-transform-computed-properties@https://registry.npmjs.org/@babel/plugin-transform-computed-properties/-/plugin-transform-computed-properties-7.29.7.tgz. Extracting by manifest.
2271 silly tarball no local data for @babel/plugin-transform-class-static-block@https://registry.npmjs.org/@babel/plugin-transform-class-static-block/-/plugin-transform-class-static-block-7.29.7.tgz. Extracting by manifest.
2272 silly tarball no local data for @babel/plugin-transform-classes@https://registry.npmjs.org/@babel/plugin-transform-classes/-/plugin-transform-classes-7.29.7.tgz. Extracting by manifest.
2273 silly tarball no local data for @babel/plugin-transform-destructuring@https://registry.npmjs.org/@babel/plugin-transform-destructuring/-/plugin-transform-destructuring-7.29.7.tgz. Extracting by manifest.
2274 silly tarball no local data for @babel/plugin-transform-class-properties@https://registry.npmjs.org/@babel/plugin-transform-class-properties/-/plugin-transform-class-properties-7.29.7.tgz. Extracting by manifest.
2275 silly tarball no local data for @babel/plugin-transform-block-scoping@https://registry.npmjs.org/@babel/plugin-transform-block-scoping/-/plugin-transform-block-scoping-7.29.7.tgz. Extracting by manifest.
2276 silly tarball no local data for @babel/plugin-transform-async-to-generator@https://registry.npmjs.org/@babel/plugin-transform-async-to-generator/-/plugin-transform-async-to-generator-7.29.7.tgz. Extracting by manifest.
2277 silly tarball no local data for @babel/plugin-transform-dynamic-import@https://registry.npmjs.org/@babel/plugin-transform-dynamic-import/-/plugin-transform-dynamic-import-7.29.7.tgz. Extracting by manifest.
2278 silly tarball no local data for @babel/plugin-transform-async-generator-functions@https://registry.npmjs.org/@babel/plugin-transform-async-generator-functions/-/plugin-transform-async-generator-functions-7.29.7.tgz. Extracting by manifest.
2279 silly tarball no local data for @babel/plugin-transform-block-scoped-functions@https://registry.npmjs.org/@babel/plugin-transform-block-scoped-functions/-/plugin-transform-block-scoped-functions-7.29.7.tgz. Extracting by manifest.
2280 silly tarball no local data for @babel/plugin-transform-arrow-functions@https://registry.npmjs.org/@babel/plugin-transform-arrow-functions/-/plugin-transform-arrow-functions-7.29.7.tgz. Extracting by manifest.
2281 silly tarball no local data for @babel/plugin-syntax-typescript@https://registry.npmjs.org/@babel/plugin-syntax-typescript/-/plugin-syntax-typescript-7.29.7.tgz. Extracting by manifest.
2282 silly tarball no local data for @babel/plugin-syntax-jsx@https://registry.npmjs.org/@babel/plugin-syntax-jsx/-/plugin-syntax-jsx-7.29.7.tgz. Extracting by manifest.
2283 silly tarball no local data for @babel/plugin-syntax-import-assertions@https://registry.npmjs.org/@babel/plugin-syntax-import-assertions/-/plugin-syntax-import-assertions-7.29.7.tgz. Extracting by manifest.
2284 silly tarball no local data for @babel/plugin-syntax-import-attributes@https://registry.npmjs.org/@babel/plugin-syntax-import-attributes/-/plugin-syntax-import-attributes-7.29.7.tgz. Extracting by manifest.
2285 silly tarball no local data for @babel/plugin-syntax-dynamic-import@https://registry.npmjs.org/@babel/plugin-syntax-dynamic-import/-/plugin-syntax-dynamic-import-7.8.3.tgz. Extracting by manifest.
2286 silly tarball no local data for @babel/plugin-bugfix-v8-spread-parameters-in-optional-chaining@https://registry.npmjs.org/@babel/plugin-bugfix-v8-spread-parameters-in-optional-chaining/-/plugin-bugfix-v8-spread-parameters-in-optional-chaining-7.29.7.tgz. Extracting by manifest.
2287 silly tarball no local data for @babel/plugin-syntax-unicode-sets-regex@https://registry.npmjs.org/@babel/plugin-syntax-unicode-sets-regex/-/plugin-syntax-unicode-sets-regex-7.18.6.tgz. Extracting by manifest.
2288 silly tarball no local data for @babel/plugin-proposal-private-property-in-object@https://registry.npmjs.org/@babel/plugin-proposal-private-property-in-object/-/plugin-proposal-private-property-in-object-7.21.0-placeholder-for-preset-env.2.tgz. Extracting by manifest.
2289 silly tarball no local data for @babel/plugin-bugfix-safari-rest-destructuring-rhs-array@https://registry.npmjs.org/@babel/plugin-bugfix-safari-rest-destructuring-rhs-array/-/plugin-bugfix-safari-rest-destructuring-rhs-array-7.29.7.tgz. Extracting by manifest.
2290 silly tarball no local data for @babel/plugin-bugfix-v8-static-class-fields-redefine-readonly@https://registry.npmjs.org/@babel/plugin-bugfix-v8-static-class-fields-redefine-readonly/-/plugin-bugfix-v8-static-class-fields-redefine-readonly-7.29.7.tgz. Extracting by manifest.
2291 silly tarball no local data for @babel/parser@https://registry.npmjs.org/@babel/parser/-/parser-7.29.8.tgz. Extracting by manifest.
2292 silly tarball no local data for @babel/plugin-bugfix-safari-class-field-initializer-scope@https://registry.npmjs.org/@babel/plugin-bugfix-safari-class-field-initializer-scope/-/plugin-bugfix-safari-class-field-initializer-scope-7.29.7.tgz. Extracting by manifest.
2293 silly tarball no local data for @babel/plugin-bugfix-firefox-class-in-computed-class-key@https://registry.npmjs.org/@babel/plugin-bugfix-firefox-class-in-computed-class-key/-/plugin-bugfix-firefox-class-in-computed-class-key-7.29.7.tgz. Extracting by manifest.
2294 silly tarball no local data for @babel/helpers@https://registry.npmjs.org/@babel/helpers/-/helpers-7.29.7.tgz. Extracting by manifest.
2295 silly tarball no local data for @babel/plugin-bugfix-safari-id-destructuring-collision-in-function-expression@https://registry.npmjs.org/@babel/plugin-bugfix-safari-id-destructuring-collision-in-function-expression/-/plugin-bugfix-safari-id-destructuring-collision-in-function-expression-7.29.7.tgz. Extracting by manifest.
2296 silly tarball no local data for @babel/helper-validator-option@https://registry.npmjs.org/@babel/helper-validator-option/-/helper-validator-option-7.29.7.tgz. Extracting by manifest.
2297 silly tarball no local data for @babel/helper-wrap-function@https://registry.npmjs.org/@babel/helper-wrap-function/-/helper-wrap-function-7.29.7.tgz. Extracting by manifest.
2298 silly tarball no local data for @babel/helper-validator-identifier@https://registry.npmjs.org/@babel/helper-validator-identifier/-/helper-validator-identifier-7.29.7.tgz. Extracting by manifest.
2299 silly tarball no local data for @babel/helper-string-parser@https://registry.npmjs.org/@babel/helper-string-parser/-/helper-string-parser-7.29.7.tgz. Extracting by manifest.
2300 silly tarball no local data for @babel/helper-plugin-utils@https://registry.npmjs.org/@babel/helper-plugin-utils/-/helper-plugin-utils-7.29.7.tgz. Extracting by manifest.
2301 silly tarball no local data for @babel/helper-skip-transparent-expression-wrappers@https://registry.npmjs.org/@babel/helper-skip-transparent-expression-wrappers/-/helper-skip-transparent-expression-wrappers-7.29.7.tgz. Extracting by manifest.
2302 silly tarball no local data for @babel/helper-optimise-call-expression@https://registry.npmjs.org/@babel/helper-optimise-call-expression/-/helper-optimise-call-expression-7.29.7.tgz. Extracting by manifest.
2303 silly tarball no local data for @babel/helper-remap-async-to-generator@https://registry.npmjs.org/@babel/helper-remap-async-to-generator/-/helper-remap-async-to-generator-7.29.7.tgz. Extracting by manifest.
2304 silly tarball no local data for @babel/helper-module-transforms@https://registry.npmjs.org/@babel/helper-module-transforms/-/helper-module-transforms-7.29.7.tgz. Extracting by manifest.
2305 silly tarball no local data for @babel/helper-member-expression-to-functions@https://registry.npmjs.org/@babel/helper-member-expression-to-functions/-/helper-member-expression-to-functions-7.29.7.tgz. Extracting by manifest.
2306 silly tarball no local data for @babel/helper-replace-supers@https://registry.npmjs.org/@babel/helper-replace-supers/-/helper-replace-supers-7.29.7.tgz. Extracting by manifest.
2307 silly tarball no local data for @babel/helper-create-class-features-plugin@https://registry.npmjs.org/@babel/helper-create-class-features-plugin/-/helper-create-class-features-plugin-7.29.7.tgz. Extracting by manifest.
2308 silly tarball no local data for @babel/helper-globals@https://registry.npmjs.org/@babel/helper-globals/-/helper-globals-7.29.7.tgz. Extracting by manifest.
2309 silly tarball no local data for @babel/helper-create-regexp-features-plugin@https://registry.npmjs.org/@babel/helper-create-regexp-features-plugin/-/helper-create-regexp-features-plugin-7.29.7.tgz. Extracting by manifest.
2310 silly tarball no local data for @babel/helper-annotate-as-pure@https://registry.npmjs.org/@babel/helper-annotate-as-pure/-/helper-annotate-as-pure-7.29.7.tgz. Extracting by manifest.
2311 silly tarball no local data for @babel/helper-module-imports@https://registry.npmjs.org/@babel/helper-module-imports/-/helper-module-imports-7.29.7.tgz. Extracting by manifest.
2312 silly tarball no local data for @babel/generator@https://registry.npmjs.org/@babel/generator/-/generator-7.29.8.tgz. Extracting by manifest.
2313 silly tarball no local data for @babel/helper-define-polyfill-provider@https://registry.npmjs.org/@babel/helper-define-polyfill-provider/-/helper-define-polyfill-provider-0.6.8.tgz. Extracting by manifest.
2314 silly tarball no local data for @babel/helper-compilation-targets@https://registry.npmjs.org/@babel/helper-compilation-targets/-/helper-compilation-targets-7.29.7.tgz. Extracting by manifest.
2315 silly tarball no local data for @babel/compat-data@https://registry.npmjs.org/@babel/compat-data/-/compat-data-7.29.7.tgz. Extracting by manifest.
2316 silly tarball no local data for @babel/code-frame@https://registry.npmjs.org/@babel/code-frame/-/code-frame-7.29.7.tgz. Extracting by manifest.
2317 silly tarball no local data for @babel/core@https://registry.npmjs.org/@babel/core/-/core-7.29.7.tgz. Extracting by manifest.
2318 silly tarball no local data for @algolia/requester-node-http@https://registry.npmjs.org/@algolia/requester-node-http/-/requester-node-http-5.56.0.tgz. Extracting by manifest.
2319 silly tarball no local data for @algolia/requester-fetch@https://registry.npmjs.org/@algolia/requester-fetch/-/requester-fetch-5.56.0.tgz. Extracting by manifest.
2320 silly tarball no local data for @algolia/monitoring@https://registry.npmjs.org/@algolia/monitoring/-/monitoring-1.56.0.tgz. Extracting by manifest.
2321 silly tarball no local data for @algolia/requester-browser-xhr@https://registry.npmjs.org/@algolia/requester-browser-xhr/-/requester-browser-xhr-5.56.0.tgz. Extracting by manifest.
2322 silly tarball no local data for @algolia/ingestion@https://registry.npmjs.org/@algolia/ingestion/-/ingestion-1.56.0.tgz. Extracting by manifest.
2323 silly tarball no local data for @algolia/recommend@https://registry.npmjs.org/@algolia/recommend/-/recommend-5.56.0.tgz. Extracting by manifest.
2324 silly tarball no local data for @algolia/client-query-suggestions@https://registry.npmjs.org/@algolia/client-query-suggestions/-/client-query-suggestions-5.56.0.tgz. Extracting by manifest.
2325 silly tarball no local data for @algolia/client-search@https://registry.npmjs.org/@algolia/client-search/-/client-search-5.56.0.tgz. Extracting by manifest.
2326 silly tarball no local data for @algolia/client-personalization@https://registry.npmjs.org/@algolia/client-personalization/-/client-personalization-5.56.0.tgz. Extracting by manifest.
2327 silly tarball no local data for @algolia/events@https://registry.npmjs.org/@algolia/events/-/events-4.0.1.tgz. Extracting by manifest.
2328 silly tarball no local data for @algolia/client-common@https://registry.npmjs.org/@algolia/client-common/-/client-common-5.56.0.tgz. Extracting by manifest.
2329 silly tarball no local data for @algolia/client-analytics@https://registry.npmjs.org/@algolia/client-analytics/-/client-analytics-5.56.0.tgz. Extracting by manifest.
2330 silly tarball no local data for @algolia/autocomplete-shared@https://registry.npmjs.org/@algolia/autocomplete-shared/-/autocomplete-shared-1.19.9.tgz. Extracting by manifest.
2331 silly tarball no local data for @algolia/autocomplete-plugin-algolia-insights@https://registry.npmjs.org/@algolia/autocomplete-plugin-algolia-insights/-/autocomplete-plugin-algolia-insights-1.19.9.tgz. Extracting by manifest.
2332 silly tarball no local data for @algolia/client-abtesting@https://registry.npmjs.org/@algolia/client-abtesting/-/client-abtesting-5.56.0.tgz. Extracting by manifest.
2333 silly tarball no local data for @algolia/autocomplete-core@https://registry.npmjs.org/@algolia/autocomplete-core/-/autocomplete-core-1.19.9.tgz. Extracting by manifest.
2334 silly tarball no local data for @11ty/gray-matter@https://registry.npmjs.org/@11ty/gray-matter/-/gray-matter-1.0.0.tgz. Extracting by manifest.
2335 silly tarball no local data for @algolia/abtesting@https://registry.npmjs.org/@algolia/abtesting/-/abtesting-1.22.0.tgz. Extracting by manifest.
2336 silly tarball no local data for is-wsl@https://registry.npmjs.org/is-wsl/-/is-wsl-3.1.1.tgz. Extracting by manifest.
2337 silly tarball no local data for @algolia/client-insights@https://registry.npmjs.org/@algolia/client-insights/-/client-insights-5.56.0.tgz. Extracting by manifest.
2338 silly tarball no local data for open@https://registry.npmjs.org/open/-/open-10.2.0.tgz. Extracting by manifest.
2339 silly tarball no local data for ws@https://registry.npmjs.org/ws/-/ws-8.21.3.tgz. Extracting by manifest.
2340 silly tarball no local data for define-lazy-prop@https://registry.npmjs.org/define-lazy-prop/-/define-lazy-prop-3.0.0.tgz. Extracting by manifest.
2341 silly tarball no local data for mime-types@https://registry.npmjs.org/mime-types/-/mime-types-3.0.2.tgz. Extracting by manifest.
2342 silly tarball no local data for mime-db@https://registry.npmjs.org/mime-db/-/mime-db-1.54.0.tgz. Extracting by manifest.
2343 silly tarball no local data for ansi-regex@https://registry.npmjs.org/ansi-regex/-/ansi-regex-6.2.2.tgz. Extracting by manifest.
2344 silly tarball no local data for commander@https://registry.npmjs.org/commander/-/commander-7.2.0.tgz. Extracting by manifest.
2345 silly tarball no local data for range-parser@https://registry.npmjs.org/range-parser/-/range-parser-1.3.0.tgz. Extracting by manifest.
2346 silly tarball no local data for mime-db@https://registry.npmjs.org/mime-db/-/mime-db-1.54.0.tgz. Extracting by manifest.
2347 silly tarball no local data for schema-utils@https://registry.npmjs.org/schema-utils/-/schema-utils-3.3.0.tgz. Extracting by manifest.
2348 silly tarball no local data for json-schema-traverse@https://registry.npmjs.org/json-schema-traverse/-/json-schema-traverse-0.4.1.tgz. Extracting by manifest.
2349 silly tarball no local data for mime-types@https://registry.npmjs.org/mime-types/-/mime-types-2.1.35.tgz. Extracting by manifest.
2350 silly tarball no local data for mime-db@https://registry.npmjs.org/mime-db/-/mime-db-1.52.0.tgz. Extracting by manifest.
2351 silly tarball no local data for ajv-keywords@https://registry.npmjs.org/ajv-keywords/-/ajv-keywords-3.5.2.tgz. Extracting by manifest.
2352 silly tarball no local data for ajv@https://registry.npmjs.org/ajv/-/ajv-6.15.0.tgz. Extracting by manifest.
2353 silly tarball no local data for camelcase@https://registry.npmjs.org/camelcase/-/camelcase-7.0.1.tgz. Extracting by manifest.
2354 silly tarball no local data for chalk@https://registry.npmjs.org/chalk/-/chalk-5.6.2.tgz. Extracting by manifest.
2355 silly tarball no local data for tslib@https://registry.npmjs.org/tslib/-/tslib-1.14.1.tgz. Extracting by manifest.
2356 silly tarball no local data for boxen@https://registry.npmjs.org/boxen/-/boxen-7.1.1.tgz. Extracting by manifest.
2357 silly tarball no local data for mime-db@https://registry.npmjs.org/mime-db/-/mime-db-1.52.0.tgz. Extracting by manifest.
2358 silly tarball no local data for mime-types@https://registry.npmjs.org/mime-types/-/mime-types-2.1.35.tgz. Extracting by manifest.
2359 silly tarball no local data for jest-worker@https://registry.npmjs.org/jest-worker/-/jest-worker-27.5.1.tgz. Extracting by manifest.
2360 silly tarball no local data for commander@https://registry.npmjs.org/commander/-/commander-7.2.0.tgz. Extracting by manifest.
2361 silly tarball no local data for ansi-regex@https://registry.npmjs.org/ansi-regex/-/ansi-regex-6.2.2.tgz. Extracting by manifest.
2362 silly tarball no local data for @types/node@https://registry.npmjs.org/@types/node/-/node-17.0.45.tgz. Extracting by manifest.
2363 silly tarball no local data for source-map@https://registry.npmjs.org/source-map/-/source-map-0.6.1.tgz. Extracting by manifest.
2364 silly tarball no local data for commander@https://registry.npmjs.org/commander/-/commander-2.20.3.tgz. Extracting by manifest.
2365 silly tarball no local data for statuses@https://registry.npmjs.org/statuses/-/statuses-1.5.0.tgz. Extracting by manifest.
2366 silly tarball no local data for mime-db@https://registry.npmjs.org/mime-db/-/mime-db-1.52.0.tgz. Extracting by manifest.
2367 silly tarball no local data for ms@https://registry.npmjs.org/ms/-/ms-2.0.0.tgz. Extracting by manifest.
2368 silly tarball no local data for mime-types@https://registry.npmjs.org/mime-types/-/mime-types-2.1.35.tgz. Extracting by manifest.
2369 silly tarball no local data for depd@https://registry.npmjs.org/depd/-/depd-1.1.2.tgz. Extracting by manifest.
2370 silly tarball no local data for http-errors@https://registry.npmjs.org/http-errors/-/http-errors-1.8.1.tgz. Extracting by manifest.
2371 silly tarball no local data for debug@https://registry.npmjs.org/debug/-/debug-2.6.9.tgz. Extracting by manifest.
2372 silly tarball no local data for range-parser@https://registry.npmjs.org/range-parser/-/range-parser-1.2.1.tgz. Extracting by manifest.
2373 silly tarball no local data for debug@https://registry.npmjs.org/debug/-/debug-2.6.9.tgz. Extracting by manifest.
2374 silly tarball no local data for path-to-regexp@https://registry.npmjs.org/path-to-regexp/-/path-to-regexp-3.3.0.tgz. Extracting by manifest.
2375 silly tarball no local data for htmlparser2@https://registry.npmjs.org/htmlparser2/-/htmlparser2-6.1.0.tgz. Extracting by manifest.
2376 silly tarball no local data for domutils@https://registry.npmjs.org/domutils/-/domutils-2.8.0.tgz. Extracting by manifest.
2377 silly tarball no local data for supports-color@https://registry.npmjs.org/supports-color/-/supports-color-8.1.1.tgz. Extracting by manifest.
2378 silly tarball no local data for entities@https://registry.npmjs.org/entities/-/entities-2.2.0.tgz. Extracting by manifest.
2379 silly tarball no local data for ms@https://registry.npmjs.org/ms/-/ms-2.0.0.tgz. Extracting by manifest.
2380 silly tarball no local data for domhandler@https://registry.npmjs.org/domhandler/-/domhandler-4.3.1.tgz. Extracting by manifest.
2381 silly tarball no local data for css-select@https://registry.npmjs.org/css-select/-/css-select-4.3.0.tgz. Extracting by manifest.
2382 silly tarball no local data for dom-serializer@https://registry.npmjs.org/dom-serializer/-/dom-serializer-1.4.1.tgz. Extracting by manifest.
2383 silly tarball no local data for strip-json-comments@https://registry.npmjs.org/strip-json-comments/-/strip-json-comments-2.0.1.tgz. Extracting by manifest.
2384 silly tarball no local data for ini@https://registry.npmjs.org/ini/-/ini-1.3.8.tgz. Extracting by manifest.
2385 silly tarball no local data for bytes@https://registry.npmjs.org/bytes/-/bytes-3.1.2.tgz. Extracting by manifest.
2386 silly tarball no local data for ipaddr.js@https://registry.npmjs.org/ipaddr.js/-/ipaddr.js-1.9.1.tgz. Extracting by manifest.
2387 silly tarball no local data for postcss-selector-parser@https://registry.npmjs.org/postcss-selector-parser/-/postcss-selector-parser-7.1.5.tgz. Extracting by manifest.
2388 silly tarball no local data for postcss-selector-parser@https://registry.npmjs.org/postcss-selector-parser/-/postcss-selector-parser-7.1.5.tgz. Extracting by manifest.
2389 silly tarball no local data for postcss-selector-parser@https://registry.npmjs.org/postcss-selector-parser/-/postcss-selector-parser-7.1.5.tgz. Extracting by manifest.
2390 silly tarball no local data for postcss-selector-parser@https://registry.npmjs.org/postcss-selector-parser/-/postcss-selector-parser-7.1.5.tgz. Extracting by manifest.
2391 silly tarball no local data for postcss-selector-parser@https://registry.npmjs.org/postcss-selector-parser/-/postcss-selector-parser-7.1.5.tgz. Extracting by manifest.
2392 silly tarball no local data for postcss-selector-parser@https://registry.npmjs.org/postcss-selector-parser/-/postcss-selector-parser-7.1.5.tgz. Extracting by manifest.
2393 silly tarball no local data for postcss-selector-parser@https://registry.npmjs.org/postcss-selector-parser/-/postcss-selector-parser-7.1.5.tgz. Extracting by manifest.
2394 silly tarball no local data for postcss-selector-parser@https://registry.npmjs.org/postcss-selector-parser/-/postcss-selector-parser-7.1.5.tgz. Extracting by manifest.
2395 silly tarball no local data for entities@https://registry.npmjs.org/entities/-/entities-6.0.1.tgz. Extracting by manifest.
2396 silly tarball no local data for postcss-selector-parser@https://registry.npmjs.org/postcss-selector-parser/-/postcss-selector-parser-7.1.5.tgz. Extracting by manifest.
2397 silly tarball no local data for schema-utils@https://registry.npmjs.org/schema-utils/-/schema-utils-3.3.0.tgz. Extracting by manifest.
2398 silly tarball no local data for @types/unist@https://registry.npmjs.org/@types/unist/-/unist-2.0.11.tgz. Extracting by manifest.
2399 silly tarball no local data for json-schema-traverse@https://registry.npmjs.org/json-schema-traverse/-/json-schema-traverse-0.4.1.tgz. Extracting by manifest.
2400 silly tarball no local data for postcss-selector-parser@https://registry.npmjs.org/postcss-selector-parser/-/postcss-selector-parser-7.1.5.tgz. Extracting by manifest.
2401 silly tarball no local data for jest-worker@https://registry.npmjs.org/jest-worker/-/jest-worker-27.5.1.tgz. Extracting by manifest.
2402 silly tarball no local data for supports-color@https://registry.npmjs.org/supports-color/-/supports-color-8.1.1.tgz. Extracting by manifest.
2403 silly tarball no local data for ajv-keywords@https://registry.npmjs.org/ajv-keywords/-/ajv-keywords-3.5.2.tgz. Extracting by manifest.
2404 silly tarball no local data for ajv@https://registry.npmjs.org/ajv/-/ajv-6.15.0.tgz. Extracting by manifest.
2405 silly tarball no local data for micromark-util-symbol@https://registry.npmjs.org/micromark-util-symbol/-/micromark-util-symbol-2.0.1.tgz. Extracting by manifest.
2406 silly tarball no local data for micromark-util-character@https://registry.npmjs.org/micromark-util-character/-/micromark-util-character-2.1.1.tgz. Extracting by manifest.
2407 silly tarball no local data for micromark-util-symbol@https://registry.npmjs.org/micromark-util-symbol/-/micromark-util-symbol-2.0.1.tgz. Extracting by manifest.
2408 silly tarball no local data for micromark-util-symbol@https://registry.npmjs.org/micromark-util-symbol/-/micromark-util-symbol-2.0.1.tgz. Extracting by manifest.
2409 silly tarball no local data for micromark-util-symbol@https://registry.npmjs.org/micromark-util-symbol/-/micromark-util-symbol-2.0.1.tgz. Extracting by manifest.
2410 silly tarball no local data for micromark-util-symbol@https://registry.npmjs.org/micromark-util-symbol/-/micromark-util-symbol-2.0.1.tgz. Extracting by manifest.
2411 silly tarball no local data for micromark-util-symbol@https://registry.npmjs.org/micromark-util-symbol/-/micromark-util-symbol-2.0.1.tgz. Extracting by manifest.
2412 silly tarball no local data for micromark-util-symbol@https://registry.npmjs.org/micromark-util-symbol/-/micromark-util-symbol-2.0.1.tgz. Extracting by manifest.
2413 silly tarball no local data for micromark-util-character@https://registry.npmjs.org/micromark-util-character/-/micromark-util-character-2.1.1.tgz. Extracting by manifest.
2414 silly tarball no local data for micromark-util-symbol@https://registry.npmjs.org/micromark-util-symbol/-/micromark-util-symbol-2.0.1.tgz. Extracting by manifest.
2415 silly tarball no local data for micromark-util-character@https://registry.npmjs.org/micromark-util-character/-/micromark-util-character-2.1.1.tgz. Extracting by manifest.
2416 silly tarball no local data for micromark-util-types@https://registry.npmjs.org/micromark-util-types/-/micromark-util-types-1.1.0.tgz. Extracting by manifest.
2417 silly tarball no local data for micromark-util-symbol@https://registry.npmjs.org/micromark-util-symbol/-/micromark-util-symbol-2.0.1.tgz. Extracting by manifest.
2418 silly tarball no local data for micromark-factory-space@https://registry.npmjs.org/micromark-factory-space/-/micromark-factory-space-2.0.1.tgz. Extracting by manifest.
2419 silly tarball no local data for micromark-util-symbol@https://registry.npmjs.org/micromark-util-symbol/-/micromark-util-symbol-2.0.1.tgz. Extracting by manifest.
2420 silly tarball no local data for micromark-util-character@https://registry.npmjs.org/micromark-util-character/-/micromark-util-character-2.1.1.tgz. Extracting by manifest.
2421 silly tarball no local data for micromark-util-character@https://registry.npmjs.org/micromark-util-character/-/micromark-util-character-2.1.1.tgz. Extracting by manifest.
2422 silly tarball no local data for micromark-util-character@https://registry.npmjs.org/micromark-util-character/-/micromark-util-character-2.1.1.tgz. Extracting by manifest.
2423 silly tarball no local data for micromark-factory-space@https://registry.npmjs.org/micromark-factory-space/-/micromark-factory-space-2.0.1.tgz. Extracting by manifest.
2424 silly tarball no local data for micromark-util-symbol@https://registry.npmjs.org/micromark-util-symbol/-/micromark-util-symbol-2.0.1.tgz. Extracting by manifest.
2425 silly tarball no local data for micromark-factory-space@https://registry.npmjs.org/micromark-factory-space/-/micromark-factory-space-2.0.1.tgz. Extracting by manifest.
2426 silly tarball no local data for micromark-util-character@https://registry.npmjs.org/micromark-util-character/-/micromark-util-character-2.1.1.tgz. Extracting by manifest.
2427 silly tarball no local data for micromark-util-symbol@https://registry.npmjs.org/micromark-util-symbol/-/micromark-util-symbol-2.0.1.tgz. Extracting by manifest.
2428 silly tarball no local data for micromark-util-symbol@https://registry.npmjs.org/micromark-util-symbol/-/micromark-util-symbol-2.0.1.tgz. Extracting by manifest.
2429 silly tarball no local data for micromark-util-symbol@https://registry.npmjs.org/micromark-util-symbol/-/micromark-util-symbol-2.0.1.tgz. Extracting by manifest.
2430 silly tarball no local data for micromark-util-character@https://registry.npmjs.org/micromark-util-character/-/micromark-util-character-2.1.1.tgz. Extracting by manifest.
2431 silly tarball no local data for micromark-util-types@https://registry.npmjs.org/micromark-util-types/-/micromark-util-types-1.1.0.tgz. Extracting by manifest.
2432 silly tarball no local data for micromark-util-symbol@https://registry.npmjs.org/micromark-util-symbol/-/micromark-util-symbol-2.0.1.tgz. Extracting by manifest.
2433 silly tarball no local data for micromark-util-character@https://registry.npmjs.org/micromark-util-character/-/micromark-util-character-2.1.1.tgz. Extracting by manifest.
2434 silly tarball no local data for micromark-factory-space@https://registry.npmjs.org/micromark-factory-space/-/micromark-factory-space-2.0.1.tgz. Extracting by manifest.
2435 silly tarball no local data for micromark-util-character@https://registry.npmjs.org/micromark-util-character/-/micromark-util-character-2.1.1.tgz. Extracting by manifest.
2436 silly tarball no local data for micromark-util-symbol@https://registry.npmjs.org/micromark-util-symbol/-/micromark-util-symbol-2.0.1.tgz. Extracting by manifest.
2437 silly tarball no local data for micromark-factory-space@https://registry.npmjs.org/micromark-factory-space/-/micromark-factory-space-2.0.1.tgz. Extracting by manifest.
2438 silly tarball no local data for micromark-util-character@https://registry.npmjs.org/micromark-util-character/-/micromark-util-character-2.1.1.tgz. Extracting by manifest.
2439 silly tarball no local data for micromark-util-symbol@https://registry.npmjs.org/micromark-util-symbol/-/micromark-util-symbol-2.0.1.tgz. Extracting by manifest.
2440 silly tarball no local data for micromark-util-character@https://registry.npmjs.org/micromark-util-character/-/micromark-util-character-2.1.1.tgz. Extracting by manifest.
2441 silly tarball no local data for micromark-factory-space@https://registry.npmjs.org/micromark-factory-space/-/micromark-factory-space-2.0.1.tgz. Extracting by manifest.
2442 silly tarball no local data for micromark-util-symbol@https://registry.npmjs.org/micromark-util-symbol/-/micromark-util-symbol-2.0.1.tgz. Extracting by manifest.
2443 silly tarball no local data for micromark-factory-space@https://registry.npmjs.org/micromark-factory-space/-/micromark-factory-space-2.0.1.tgz. Extracting by manifest.
2444 silly tarball no local data for micromark-util-symbol@https://registry.npmjs.org/micromark-util-symbol/-/micromark-util-symbol-2.0.1.tgz. Extracting by manifest.
2445 silly tarball no local data for micromark-util-character@https://registry.npmjs.org/micromark-util-character/-/micromark-util-character-2.1.1.tgz. Extracting by manifest.
2446 silly tarball no local data for micromark-util-character@https://registry.npmjs.org/micromark-util-character/-/micromark-util-character-2.1.1.tgz. Extracting by manifest.
2447 silly tarball no local data for micromark-factory-space@https://registry.npmjs.org/micromark-factory-space/-/micromark-factory-space-2.0.1.tgz. Extracting by manifest.
2448 silly tarball no local data for micromark-util-character@https://registry.npmjs.org/micromark-util-character/-/micromark-util-character-2.1.1.tgz. Extracting by manifest.
2449 silly tarball no local data for micromark-util-symbol@https://registry.npmjs.org/micromark-util-symbol/-/micromark-util-symbol-2.0.1.tgz. Extracting by manifest.
2450 silly tarball no local data for micromark-util-symbol@https://registry.npmjs.org/micromark-util-symbol/-/micromark-util-symbol-2.0.1.tgz. Extracting by manifest.
2451 silly tarball no local data for micromark-util-character@https://registry.npmjs.org/micromark-util-character/-/micromark-util-character-2.1.1.tgz. Extracting by manifest.
2452 silly tarball no local data for micromark-util-symbol@https://registry.npmjs.org/micromark-util-symbol/-/micromark-util-symbol-2.0.1.tgz. Extracting by manifest.
2453 silly tarball no local data for micromark-util-character@https://registry.npmjs.org/micromark-util-character/-/micromark-util-character-2.1.1.tgz. Extracting by manifest.
2454 silly tarball no local data for micromark-factory-space@https://registry.npmjs.org/micromark-factory-space/-/micromark-factory-space-2.0.1.tgz. Extracting by manifest.
2455 silly tarball no local data for micromark-util-symbol@https://registry.npmjs.org/micromark-util-symbol/-/micromark-util-symbol-2.0.1.tgz. Extracting by manifest.
2456 silly tarball no local data for micromark-util-character@https://registry.npmjs.org/micromark-util-character/-/micromark-util-character-2.1.1.tgz. Extracting by manifest.
2457 silly tarball no local data for micromark-util-symbol@https://registry.npmjs.org/micromark-util-symbol/-/micromark-util-symbol-2.0.1.tgz. Extracting by manifest.
2458 silly tarball no local data for micromark-util-symbol@https://registry.npmjs.org/micromark-util-symbol/-/micromark-util-symbol-2.0.1.tgz. Extracting by manifest.
2459 silly tarball no local data for micromark-factory-space@https://registry.npmjs.org/micromark-factory-space/-/micromark-factory-space-2.0.1.tgz. Extracting by manifest.
2460 silly tarball no local data for micromark-util-character@https://registry.npmjs.org/micromark-util-character/-/micromark-util-character-2.1.1.tgz. Extracting by manifest.
2461 silly tarball no local data for micromark-factory-space@https://registry.npmjs.org/micromark-factory-space/-/micromark-factory-space-2.0.1.tgz. Extracting by manifest.
2462 silly tarball no local data for micromark-util-symbol@https://registry.npmjs.org/micromark-util-symbol/-/micromark-util-symbol-2.0.1.tgz. Extracting by manifest.
2463 silly tarball no local data for micromark-util-character@https://registry.npmjs.org/micromark-util-character/-/micromark-util-character-2.1.1.tgz. Extracting by manifest.
2464 silly tarball no local data for escape-string-regexp@https://registry.npmjs.org/escape-string-regexp/-/escape-string-regexp-5.0.0.tgz. Extracting by manifest.
2465 silly tarball no local data for supports-color@https://registry.npmjs.org/supports-color/-/supports-color-8.1.1.tgz. Extracting by manifest.
2466 silly tarball no local data for micromark-util-symbol@https://registry.npmjs.org/micromark-util-symbol/-/micromark-util-symbol-2.0.1.tgz. Extracting by manifest.
2467 silly tarball no local data for escape-string-regexp@https://registry.npmjs.org/escape-string-regexp/-/escape-string-regexp-5.0.0.tgz. Extracting by manifest.
2468 silly tarball no local data for is-docker@https://registry.npmjs.org/is-docker/-/is-docker-3.0.0.tgz. Extracting by manifest.
2469 silly tarball no local data for is-plain-obj@https://registry.npmjs.org/is-plain-obj/-/is-plain-obj-3.0.0.tgz. Extracting by manifest.
2470 silly tarball no local data for commander@https://registry.npmjs.org/commander/-/commander-10.0.1.tgz. Extracting by manifest.
2471 silly tarball no local data for string_decoder@https://registry.npmjs.org/string_decoder/-/string_decoder-1.1.1.tgz. Extracting by manifest.
2472 silly tarball no local data for html-minifier-terser@https://registry.npmjs.org/html-minifier-terser/-/html-minifier-terser-6.1.0.tgz. Extracting by manifest.
2473 silly tarball no local data for readable-stream@https://registry.npmjs.org/readable-stream/-/readable-stream-2.3.8.tgz. Extracting by manifest.
2474 silly tarball no local data for isarray@https://registry.npmjs.org/isarray/-/isarray-1.0.0.tgz. Extracting by manifest.
2475 silly tarball no local data for ms@https://registry.npmjs.org/ms/-/ms-2.0.0.tgz. Extracting by manifest.
2476 silly tarball no local data for safe-buffer@https://registry.npmjs.org/safe-buffer/-/safe-buffer-5.1.2.tgz. Extracting by manifest.
2477 silly tarball no local data for @sindresorhus/is@https://registry.npmjs.org/@sindresorhus/is/-/is-5.6.0.tgz. Extracting by manifest.
2478 silly tarball no local data for debug@https://registry.npmjs.org/debug/-/debug-2.6.9.tgz. Extracting by manifest.
2479 silly tarball no local data for json-schema-traverse@https://registry.npmjs.org/json-schema-traverse/-/json-schema-traverse-0.4.1.tgz. Extracting by manifest.
2480 silly tarball no local data for schema-utils@https://registry.npmjs.org/schema-utils/-/schema-utils-3.3.0.tgz. Extracting by manifest.
2481 silly tarball no local data for ajv-keywords@https://registry.npmjs.org/ajv-keywords/-/ajv-keywords-3.5.2.tgz. Extracting by manifest.
2482 silly tarball no local data for path-to-regexp@https://registry.npmjs.org/path-to-regexp/-/path-to-regexp-0.1.13.tgz. Extracting by manifest.
2483 silly tarball no local data for range-parser@https://registry.npmjs.org/range-parser/-/range-parser-1.2.1.tgz. Extracting by manifest.
2484 silly tarball no local data for commander@https://registry.npmjs.org/commander/-/commander-8.3.0.tgz. Extracting by manifest.
2485 silly tarball no local data for ajv@https://registry.npmjs.org/ajv/-/ajv-6.15.0.tgz. Extracting by manifest.
2486 silly tarball no local data for ms@https://registry.npmjs.org/ms/-/ms-2.0.0.tgz. Extracting by manifest.
2487 silly tarball no local data for content-disposition@https://registry.npmjs.org/content-disposition/-/content-disposition-0.5.4.tgz. Extracting by manifest.
2488 silly tarball no local data for is-obj@https://registry.npmjs.org/is-obj/-/is-obj-2.0.0.tgz. Extracting by manifest.
2489 silly tarball no local data for estraverse@https://registry.npmjs.org/estraverse/-/estraverse-5.3.0.tgz. Extracting by manifest.
2490 silly tarball no local data for mdn-data@https://registry.npmjs.org/mdn-data/-/mdn-data-2.0.28.tgz. Extracting by manifest.
2491 silly tarball no local data for mimic-response@https://registry.npmjs.org/mimic-response/-/mimic-response-3.1.0.tgz. Extracting by manifest.
2492 silly tarball no local data for css-tree@https://registry.npmjs.org/css-tree/-/css-tree-2.2.1.tgz. Extracting by manifest.
2493 silly tarball no local data for type-fest@https://registry.npmjs.org/type-fest/-/type-fest-1.4.0.tgz. Extracting by manifest.
2494 silly tarball no local data for postcss-selector-parser@https://registry.npmjs.org/postcss-selector-parser/-/postcss-selector-parser-7.1.5.tgz. Extracting by manifest.
2495 silly tarball no local data for postcss-selector-parser@https://registry.npmjs.org/postcss-selector-parser/-/postcss-selector-parser-7.1.5.tgz. Extracting by manifest.
2496 silly tarball no local data for glob-parent@https://registry.npmjs.org/glob-parent/-/glob-parent-6.0.2.tgz. Extracting by manifest.
2497 silly tarball no local data for debug@https://registry.npmjs.org/debug/-/debug-2.6.9.tgz. Extracting by manifest.
2498 silly tarball no local data for ini@https://registry.npmjs.org/ini/-/ini-1.3.8.tgz. Extracting by manifest.
2499 silly tarball no local data for globby@https://registry.npmjs.org/globby/-/globby-13.2.2.tgz. Extracting by manifest.
2500 silly tarball no local data for debug@https://registry.npmjs.org/debug/-/debug-2.6.9.tgz. Extracting by manifest.
2501 silly tarball no local data for slash@https://registry.npmjs.org/slash/-/slash-4.0.0.tgz. Extracting by manifest.
2502 silly tarball no local data for mime-db@https://registry.npmjs.org/mime-db/-/mime-db-1.54.0.tgz. Extracting by manifest.
2503 silly tarball no local data for ms@https://registry.npmjs.org/ms/-/ms-2.0.0.tgz. Extracting by manifest.
2504 silly tarball no local data for bytes@https://registry.npmjs.org/bytes/-/bytes-3.1.2.tgz. Extracting by manifest.
2505 silly tarball no local data for source-map@https://registry.npmjs.org/source-map/-/source-map-0.6.1.tgz. Extracting by manifest.
2506 silly tarball no local data for bytes@https://registry.npmjs.org/bytes/-/bytes-3.1.2.tgz. Extracting by manifest.
2507 silly tarball no local data for ms@https://registry.npmjs.org/ms/-/ms-2.0.0.tgz. Extracting by manifest.
2508 silly tarball no local data for semver@https://registry.npmjs.org/semver/-/semver-6.3.1.tgz. Extracting by manifest.
2509 silly tarball no local data for debug@https://registry.npmjs.org/debug/-/debug-2.6.9.tgz. Extracting by manifest.
2510 silly tarball no local data for graceful-fs@https://registry.npmjs.org/graceful-fs/-/graceful-fs-4.2.10.tgz. Extracting by manifest.
2511 silly tarball no local data for mime-types@https://registry.npmjs.org/mime-types/-/mime-types-2.1.35.tgz. Extracting by manifest.
2512 silly tarball no local data for mime-db@https://registry.npmjs.org/mime-db/-/mime-db-1.52.0.tgz. Extracting by manifest.
2513 silly tarball no local data for @types/send@https://registry.npmjs.org/@types/send/-/send-0.17.6.tgz. Extracting by manifest.
2514 silly tarball no local data for @jsonjoy.com/buffers@https://registry.npmjs.org/@jsonjoy.com/buffers/-/buffers-1.2.1.tgz. Extracting by manifest.
2515 silly tarball no local data for @jsonjoy.com/buffers@https://registry.npmjs.org/@jsonjoy.com/buffers/-/buffers-1.2.1.tgz. Extracting by manifest.
2516 silly tarball no local data for @jsonjoy.com/json-pointer@https://registry.npmjs.org/@jsonjoy.com/json-pointer/-/json-pointer-17.67.0.tgz. Extracting by manifest.
2517 silly tarball no local data for @jsonjoy.com/util@https://registry.npmjs.org/@jsonjoy.com/util/-/util-17.67.0.tgz. Extracting by manifest.
2518 silly tarball no local data for negotiator@https://registry.npmjs.org/negotiator/-/negotiator-0.6.3.tgz. Extracting by manifest.
2519 silly tarball no local data for @jsonjoy.com/codegen@https://registry.npmjs.org/@jsonjoy.com/codegen/-/codegen-17.67.0.tgz. Extracting by manifest.
2520 silly tarball no local data for @jsonjoy.com/base64@https://registry.npmjs.org/@jsonjoy.com/base64/-/base64-17.67.0.tgz. Extracting by manifest.
2521 silly tarball no local data for @jsonjoy.com/json-pack@https://registry.npmjs.org/@jsonjoy.com/json-pack/-/json-pack-17.67.0.tgz. Extracting by manifest.
2522 silly tarball no local data for webpack-merge@https://registry.npmjs.org/webpack-merge/-/webpack-merge-6.0.1.tgz. Extracting by manifest.
2523 silly tarball no local data for @algolia/autocomplete-shared@https://registry.npmjs.org/@algolia/autocomplete-shared/-/autocomplete-shared-1.19.2.tgz. Extracting by manifest.
2524 silly tarball no local data for postcss-selector-parser@https://registry.npmjs.org/postcss-selector-parser/-/postcss-selector-parser-7.1.5.tgz. Extracting by manifest.
2525 silly tarball no local data for @algolia/autocomplete-plugin-algolia-insights@https://registry.npmjs.org/@algolia/autocomplete-plugin-algolia-insights/-/autocomplete-plugin-algolia-insights-1.19.2.tgz. Extracting by manifest.
2526 silly tarball no local data for postcss-selector-parser@https://registry.npmjs.org/postcss-selector-parser/-/postcss-selector-parser-7.1.5.tgz. Extracting by manifest.
2527 silly tarball no local data for postcss-selector-parser@https://registry.npmjs.org/postcss-selector-parser/-/postcss-selector-parser-7.1.5.tgz. Extracting by manifest.
2528 silly tarball no local data for semver@https://registry.npmjs.org/semver/-/semver-6.3.1.tgz. Extracting by manifest.
2529 silly tarball no local data for semver@https://registry.npmjs.org/semver/-/semver-6.3.1.tgz. Extracting by manifest.
2530 silly tarball no local data for semver@https://registry.npmjs.org/semver/-/semver-6.3.1.tgz. Extracting by manifest.
2531 silly tarball no local data for semver@https://registry.npmjs.org/semver/-/semver-6.3.1.tgz. Extracting by manifest.
2532 silly tarball no local data for babel-plugin-polyfill-corejs3@https://registry.npmjs.org/babel-plugin-polyfill-corejs3/-/babel-plugin-polyfill-corejs3-0.14.2.tgz. Extracting by manifest.
2533 silly tarball no local data for semver@https://registry.npmjs.org/semver/-/semver-6.3.1.tgz. Extracting by manifest.
2534 silly tarball no local data for semver@https://registry.npmjs.org/semver/-/semver-6.3.1.tgz. Extracting by manifest.
2535 silly tarball no local data for @algolia/autocomplete-core@https://registry.npmjs.org/@algolia/autocomplete-core/-/autocomplete-core-1.19.2.tgz. Extracting by manifest.
2536 http fetch POST 200 https://registry.npmjs.org/-/npm/v1/security/advisories/bulk 673ms
2537 silly audit report {
2537 silly audit report   colord: [
2537 silly audit report     {
2537 silly audit report       id: 1193675,
2537 silly audit report       url: 'https://github.com/advisories/GHSA-2wm5-q62r-hmrv',
2537 silly audit report       title: 'Colord: Slow rejection of oversized malformed color strings',
2537 silly audit report       severity: 'moderate',
2537 silly audit report       vulnerable_versions: '<2.9.4',
2537 silly audit report       cwe: [Array],
2537 silly audit report       cvss: [Object]
2537 silly audit report     }
2537 silly audit report   ],
2537 silly audit report   'fast-uri': [
2537 silly audit report     {
2537 silly audit report       id: 1158521,
2537 silly audit report       url: 'https://github.com/advisories/GHSA-5jgf-p345-68v8',
2537 silly audit report       title: 'fast-uri vulnerable to host confusion via skipped IDN canonicalization on scheme-relative references',
2537 silly audit report       severity: 'high',
2537 silly audit report       vulnerable_versions: '>=3.1.3 <3.1.6',
2537 silly audit report       cwe: [Array],
2537 silly audit report       cvss: [Object]
2537 silly audit report     },
2537 silly audit report     {
2537 silly audit report       id: 1158524,
2537 silly audit report       url: 'https://github.com/advisories/GHSA-f65p-4m7j-42xc',
2537 silly audit report       title: 'fast-uri vulnerable to server-side request forgery via malformed IPv6 normalization',
2537 silly audit report       severity: 'high',
2537 silly audit report       vulnerable_versions: '>=3.0.0 <3.1.6',
2537 silly audit report       cwe: [Array],
2537 silly audit report       cvss: [Object]
2537 silly audit report     },
2537 silly audit report     {
2537 silly audit report       id: 1158527,
2537 silly audit report       url: 'https://github.com/advisories/GHSA-fph4-wmhf-6fwf',
2537 silly audit report       title: 'fast-uri vulnerable to server-side request forgery via repeated hostname percent-decoding',
2537 silly audit report       severity: 'high',
2537 silly audit report       vulnerable_versions: '>=3.1.2 <3.1.6',
2537 silly audit report       cwe: [Array],
2537 silly audit report       cvss: [Object]
2537 silly audit report     },
2537 silly audit report     {
2537 silly audit report       id: 1158530,
2537 silly audit report       url: 'https://github.com/advisories/GHSA-jqff-g426-hqxp',
2537 silly audit report       title: 'fast-uri vulnerable to host confusion via percent-encoded scheme normalization',
2537 silly audit report       severity: 'high',
2537 silly audit report       vulnerable_versions: '>=3.0.0 <3.1.6',
2537 silly audit report       cwe: [Array],
2537 silly audit report       cvss: [Object]
2537 silly audit report     }
2537 silly audit report   ],
2537 silly audit report   'image-size': [
2537 silly audit report     {
2537 silly audit report       id: 1138808,
2537 silly audit report       url: 'https://github.com/advisories/GHSA-w3rx-r6r6-pgpr',
2537 silly audit report       title: 'image-size: ICNS parser allows denial of service through an infinite loop',
2537 silly audit report       severity: 'high',
2537 silly audit report       vulnerable_versions: '<=2.0.2',
2537 silly audit report       cwe: [Array],
2537 silly audit report       cvss: [Object]
2537 silly audit report     },
2537 silly audit report     {
2537 silly audit report       id: 1138809,
2537 silly audit report       url: 'https://github.com/advisories/GHSA-5p2g-fcmc-qvqq',
2537 silly audit report       title: 'image-size: JXL and HEIF parsers allow denial of service through infinite loops',
2537 silly audit report       severity: 'high',
2537 silly audit report       vulnerable_versions: '<=2.0.2',
2537 silly audit report       cwe: [Array],
2537 silly audit report       cvss: [Object]
2537 silly audit report     }
2537 silly audit report   ],
2537 silly audit report   joi: [
2537 silly audit report     {
2537 silly audit report       id: 1193674,
2537 silly audit report       url: 'https://github.com/advisories/GHSA-6w3j-5fw6-r9vr',
2537 silly audit report       title: 'joi: Prototype pollution via a `__proto__` language key in custom messages',
2537 silly audit report       severity: 'low',
2537 silly audit report       vulnerable_versions: '>=17.2.0 <17.13.6',
2537 silly audit report       cwe: [Array],
2537 silly audit report       cvss: [Object]
2537 silly audit report     },
2537 silly audit report     {
2537 silly audit report       id: 1193679,
2537 silly audit report       url: 'https://github.com/advisories/GHSA-gg4h-3hg2-grpc',
2537 silly audit report       title: "joi: object().rename() with a template target can set the validated object's prototype",
2537 silly audit report       severity: 'low',
2537 silly audit report       vulnerable_versions: '>=16.0.0 <17.13.5',
2537 silly audit report       cwe: [Array],
2537 silly audit report       cvss: [Object]
2537 silly audit report     }
2537 silly audit report   ],
2537 silly audit report   'js-yaml': [
2537 silly audit report     {
2537 silly audit report       id: 1193727,
2537 silly audit report       url: 'https://github.com/advisories/GHSA-2883-xcg3-v3hh',
2537 silly audit report       title: 'js-yaml: maxTotalMergeKeys does not limit CPU use for empty merge sources',
2537 silly audit report       severity: 'high',
2537 silly audit report       vulnerable_versions: '>=4.0.0 <4.3.2',
2537 silly audit report       cwe: [Array],
2537 silly audit report       cvss: [Object]
2537 silly audit report     }
2537 silly audit report   ],
2537 silly audit report   qs: [
2537 silly audit report     {
2537 silly audit report       id: 1158506,
2537 silly audit report       url: 'https://github.com/advisories/GHSA-x5fp-wj9c-mxmx',
2537 silly audit report       title: 'qs array-limit bypass via bracket-key comma parsing',
2537 silly audit report       severity: 'moderate',
2537 silly audit report       vulnerable_versions: '>=6.14.2 <=6.15.3',
2537 silly audit report       cwe: [Array],
2537 silly audit report       cvss: [Object]
2537 silly audit report     },
2537 silly audit report     {
2537 silly audit report       id: 1158507,
2537 silly audit report       url: 'https://github.com/advisories/GHSA-4mjr-xmp4-gh2g',
2537 silly audit report       title: 'qs: Denial of Service via Attacker Controlled isBuffer',
2537 silly audit report       severity: 'moderate',
2537 silly audit report       vulnerable_versions: '>=2.2.5 <6.16.0',
2537 silly audit report       cwe: [Array],
2537 silly audit report       cvss: [Object]
2537 silly audit report     }
2537 silly audit report   ],
2537 silly audit report   'serialize-javascript': [
2537 silly audit report     {
2537 silly audit report       id: 1119440,
2537 silly audit report       url: 'https://github.com/advisories/GHSA-qj8w-gfj5-8c6v',
2537 silly audit report       title: 'Serialize JavaScript has CPU Exhaustion Denial of Service via crafted array-like objects',
2537 silly audit report       severity: 'moderate',
2537 silly audit report       vulnerable_versions: '>=5.0.0 <7.0.5',
2537 silly audit report       cwe: [Array],
2537 silly audit report       cvss: [Object]
2537 silly audit report     },
2537 silly audit report     {
2537 silly audit report       id: 1113686,
2537 silly audit report       url: 'https://github.com/advisories/GHSA-5c6j-r48x-rmvq',
2537 silly audit report       title: 'Serialize JavaScript is Vulnerable to RCE via RegExp.flags and Date.prototype.toISOString()',
2537 silly audit report       severity: 'high',
2537 silly audit report       vulnerable_versions: '<=7.0.2',
2537 silly audit report       cwe: [Array],
2537 silly audit report       cvss: [Object]
2537 silly audit report     }
2537 silly audit report   ],
2537 silly audit report   svgo: [
2537 silly audit report     {
2537 silly audit report       id: 1193736,
2537 silly audit report       url: 'https://github.com/advisories/GHSA-w27v-7q3p-w38r',
2537 silly audit report       title: 'SVGO: removeScripts allows executable links through namespace and control-character bypasses',
2537 silly audit report       severity: 'high',
2537 silly audit report       vulnerable_versions: '>=3.0.0 <3.3.5',
2537 silly audit report       cwe: [Array],
2537 silly audit report       cvss: [Object]
2537 silly audit report     },
2537 silly audit report     {
2537 silly audit report       id: 1193739,
2537 silly audit report       url: 'https://github.com/advisories/GHSA-4vpr-x523-8j87',
2537 silly audit report       title: 'SVGO: removeScripts incompletely sanitizes executable HTML in SVG foreignObject elements',
2537 silly audit report       severity: 'moderate',
2537 silly audit report       vulnerable_versions: '>=3.0.0 <3.3.5',
2537 silly audit report       cwe: [Array],
2537 silly audit report       cvss: [Object]
2537 silly audit report     }
2537 silly audit report   ],
2537 silly audit report   uuid: [
2537 silly audit report     {
2537 silly audit report       id: 1119441,
2537 silly audit report       url: 'https://github.com/advisories/GHSA-w5hq-g745-h8pq',
2537 silly audit report       title: 'uuid: Missing buffer bounds check in v3/v5/v6 when buf is provided',
2537 silly audit report       severity: 'moderate',
2537 silly audit report       vulnerable_versions: '<11.1.1',
2537 silly audit report       cwe: [Array],
2537 silly audit report       cvss: [Object]
2537 silly audit report     }
2537 silly audit report   ]
2537 silly audit report }
2538 silly packumentCache corgi:https://registry.npmjs.org/colord cache-miss
2539 silly packumentCache corgi:https://registry.npmjs.org/fast-uri cache-miss
2540 silly packumentCache corgi:https://registry.npmjs.org/image-size cache-miss
2541 silly packumentCache corgi:https://registry.npmjs.org/joi cache-miss
2542 silly packumentCache corgi:https://registry.npmjs.org/js-yaml cache-miss
2543 silly packumentCache corgi:https://registry.npmjs.org/qs cache-miss
2544 silly packumentCache corgi:https://registry.npmjs.org/serialize-javascript cache-miss
2545 silly packumentCache corgi:https://registry.npmjs.org/svgo cache-miss
2546 silly packumentCache corgi:https://registry.npmjs.org/uuid cache-miss
2547 http fetch GET 200 https://registry.npmjs.org/zwitch/-/zwitch-2.0.4.tgz 493ms (cache miss)
2548 http fetch GET 200 https://registry.npmjs.org/xml-js/-/xml-js-1.6.11.tgz 493ms (cache miss)
2549 http fetch GET 200 https://registry.npmjs.org/xdg-basedir/-/xdg-basedir-5.1.0.tgz 494ms (cache miss)
2550 http fetch GET 200 https://registry.npmjs.org/wsl-utils/-/wsl-utils-0.1.0.tgz 498ms (cache miss)
2551 http fetch GET 200 https://registry.npmjs.org/write-file-atomic/-/write-file-atomic-3.0.3.tgz 499ms (cache miss)
2552 http fetch GET 200 https://registry.npmjs.org/widest-line/-/widest-line-4.0.1.tgz 504ms (cache miss)
2553 http fetch GET 200 https://registry.npmjs.org/yocto-queue/-/yocto-queue-1.2.2.tgz 506ms (cache miss)
2554 http fetch GET 200 https://registry.npmjs.org/yallist/-/yallist-3.1.1.tgz 527ms (cache miss)
2555 http fetch GET 200 https://registry.npmjs.org/webpack-merge/-/webpack-merge-5.10.0.tgz 525ms (cache miss)
2556 http fetch GET 200 https://registry.npmjs.org/ws/-/ws-7.5.12.tgz 526ms (cache miss)
2557 http fetch GET 200 https://registry.npmjs.org/websocket-extensions/-/websocket-extensions-0.1.4.tgz 526ms (cache miss)
2558 http fetch GET 200 https://registry.npmjs.org/webpackbar/-/webpackbar-7.0.0.tgz 525ms (cache miss)
2559 http fetch GET 200 https://registry.npmjs.org/webpack-dev-server/-/webpack-dev-server-5.2.6.tgz 577ms (cache miss)
2560 http fetch GET 200 https://registry.npmjs.org/value-equal/-/value-equal-1.0.1.tgz 576ms (cache miss)
2561 http fetch GET 200 https://registry.npmjs.org/web-namespaces/-/web-namespaces-2.0.1.tgz 577ms (cache miss)
2562 http fetch GET 200 https://registry.npmjs.org/wbuf/-/wbuf-1.7.3.tgz 581ms (cache miss)
2563 http fetch GET 200 https://registry.npmjs.org/websocket-driver/-/websocket-driver-0.7.5.tgz 582ms (cache miss)
2564 http fetch GET 200 https://registry.npmjs.org/utils-merge/-/utils-merge-1.0.1.tgz 581ms (cache miss)
2565 http fetch GET 200 https://registry.npmjs.org/webpack-dev-middleware/-/webpack-dev-middleware-7.4.5.tgz 584ms (cache miss)
2566 http fetch GET 200 https://registry.npmjs.org/vary/-/vary-1.1.2.tgz 584ms (cache miss)
2567 http fetch GET 200 https://registry.npmjs.org/vfile-location/-/vfile-location-5.0.3.tgz 585ms (cache miss)
2568 http fetch GET 200 https://registry.npmjs.org/webpack-sources/-/webpack-sources-3.5.1.tgz 597ms (cache miss)
2569 http fetch GET 200 https://registry.npmjs.org/webpack-bundle-analyzer/-/webpack-bundle-analyzer-4.10.2.tgz 598ms (cache miss)
2570 http fetch GET 200 https://registry.npmjs.org/utila/-/utila-0.4.0.tgz 596ms (cache miss)
2571 http fetch GET 200 https://registry.npmjs.org/util-deprecate/-/util-deprecate-1.0.2.tgz 597ms (cache miss)
2572 http fetch GET 200 https://registry.npmjs.org/url-loader/-/url-loader-4.1.1.tgz 598ms (cache miss)
2573 http fetch GET 200 https://registry.npmjs.org/unist-util-stringify-position/-/unist-util-stringify-position-4.0.0.tgz 601ms (cache miss)
2574 http fetch GET 200 https://registry.npmjs.org/unist-util-position-from-estree/-/unist-util-position-from-estree-2.0.0.tgz 601ms (cache miss)
2575 http fetch GET 200 https://registry.npmjs.org/wildcard/-/wildcard-2.0.1.tgz 602ms (cache miss)
2576 http fetch GET 200 https://registry.npmjs.org/universalify/-/universalify-2.0.1.tgz 601ms (cache miss)
2577 http fetch GET 200 https://registry.npmjs.org/utility-types/-/utility-types-3.11.0.tgz 602ms (cache miss)
2578 http fetch GET 200 https://registry.npmjs.org/unist-util-position/-/unist-util-position-5.0.0.tgz 602ms (cache miss)
2579 http fetch GET 200 https://registry.npmjs.org/unist-util-visit/-/unist-util-visit-5.1.0.tgz 602ms (cache miss)
2580 http fetch GET 200 https://registry.npmjs.org/vfile/-/vfile-6.0.3.tgz 609ms (cache miss)
2581 http fetch GET 200 https://registry.npmjs.org/update-notifier/-/update-notifier-6.0.2.tgz 606ms (cache miss)
2582 http fetch GET 200 https://registry.npmjs.org/watchpack/-/watchpack-2.5.2.tgz 610ms (cache miss)
2583 http fetch GET 200 https://registry.npmjs.org/unpipe/-/unpipe-1.0.0.tgz 610ms (cache miss)
2584 http fetch GET 200 https://registry.npmjs.org/vfile-message/-/vfile-message-4.0.3.tgz 619ms (cache miss)
2585 http fetch GET 200 https://registry.npmjs.org/uri-js/-/uri-js-4.4.1.tgz 622ms (cache miss)
2586 http fetch GET 200 https://registry.npmjs.org/unist-util-visit-parents/-/unist-util-visit-parents-6.0.2.tgz 630ms (cache miss)
2587 http fetch GET 200 https://registry.npmjs.org/unified/-/unified-11.0.5.tgz 630ms (cache miss)
2588 http fetch GET 200 https://registry.npmjs.org/unicode-canonical-property-names-ecmascript/-/unicode-canonical-property-names-ecmascript-2.0.1.tgz 630ms (cache miss)
2589 http fetch GET 200 https://registry.npmjs.org/uuid/-/uuid-8.3.2.tgz 632ms (cache miss)
2590 warn deprecated uuid@8.3.2: uuid@10 and below is no longer supported.  For ESM codebases, update to uuid@latest.  For CommonJS codebases, use uuid@11 (but be aware this version will likely be deprecated in 2028).
2591 http fetch GET 200 https://registry.npmjs.org/unicode-property-aliases-ecmascript/-/unicode-property-aliases-ecmascript-2.2.0.tgz 632ms (cache miss)
2592 http fetch GET 200 https://registry.npmjs.org/unicode-emoji-modifier-base/-/unicode-emoji-modifier-base-1.0.0.tgz 636ms (cache miss)
2593 http fetch GET 200 https://registry.npmjs.org/undici-types/-/undici-types-8.3.0.tgz 643ms (cache miss)
2594 http fetch GET 200 https://registry.npmjs.org/unist-util-is/-/unist-util-is-6.0.1.tgz 651ms (cache miss)
2595 http fetch GET 200 https://registry.npmjs.org/type-is/-/type-is-1.6.18.tgz 650ms (cache miss)
2596 http fetch GET 200 https://registry.npmjs.org/typedarray-to-buffer/-/typedarray-to-buffer-3.1.5.tgz 652ms (cache miss)
2597 http fetch GET 200 https://registry.npmjs.org/unique-string/-/unique-string-3.0.0.tgz 653ms (cache miss)
2598 http fetch GET 200 https://registry.npmjs.org/update-browserslist-db/-/update-browserslist-db-1.2.3.tgz 657ms (cache miss)
2599 http fetch GET 200 https://registry.npmjs.org/tslib/-/tslib-2.8.1.tgz 666ms (cache miss)
2600 http fetch GET 200 https://registry.npmjs.org/unicode-match-property-ecmascript/-/unicode-match-property-ecmascript-2.0.0.tgz 669ms (cache miss)
2601 http fetch GET 200 https://registry.npmjs.org/tree-dump/-/tree-dump-1.1.0.tgz 680ms (cache miss)
2602 http fetch GET 200 https://registry.npmjs.org/trough/-/trough-2.2.0.tgz 680ms (cache miss)
2603 http fetch GET 200 https://registry.npmjs.org/to-regex-range/-/to-regex-range-5.0.1.tgz 679ms (cache miss)
2604 http fetch GET 200 https://registry.npmjs.org/unicode-match-property-value-ecmascript/-/unicode-match-property-value-ecmascript-2.2.1.tgz 682ms (cache miss)
2605 http fetch GET 200 https://registry.npmjs.org/totalist/-/totalist-3.0.1.tgz 681ms (cache miss)
2606 http fetch GET 200 https://registry.npmjs.org/tiny-warning/-/tiny-warning-1.0.3.tgz 681ms (cache miss)
2607 http fetch GET 200 https://registry.npmjs.org/tinypool/-/tinypool-1.1.1.tgz 683ms (cache miss)
2608 http fetch GET 200 https://registry.npmjs.org/type-fest/-/type-fest-2.19.0.tgz 687ms (cache miss)
2609 http fetch GET 200 https://registry.npmjs.org/thingies/-/thingies-2.6.1.tgz 698ms (cache miss)
2610 http fetch GET 200 https://registry.npmjs.org/toidentifier/-/toidentifier-1.0.1.tgz 708ms (cache miss)
2611 http fetch GET 200 https://registry.npmjs.org/tiny-invariant/-/tiny-invariant-1.3.3.tgz 708ms (cache miss)
2612 http fetch GET 200 https://registry.npmjs.org/thunky/-/thunky-1.1.0.tgz 710ms (cache miss)
2613 http fetch GET 200 https://registry.npmjs.org/terser-webpack-plugin/-/terser-webpack-plugin-5.6.1.tgz 716ms (cache miss)
2614 http fetch GET 200 https://registry.npmjs.org/svg-parser/-/svg-parser-2.0.4.tgz 717ms (cache miss)
2615 http fetch GET 200 https://registry.npmjs.org/supports-preserve-symlinks-flag/-/supports-preserve-symlinks-flag-1.0.0.tgz 718ms (cache miss)
2616 http fetch GET 200 https://registry.npmjs.org/strip-bom-string/-/strip-bom-string-1.0.0.tgz 732ms (cache miss)
2617 http fetch GET 200 https://registry.npmjs.org/tapable/-/tapable-2.3.3.tgz 735ms (cache miss)
2618 http fetch GET 200 https://registry.npmjs.org/supports-color/-/supports-color-7.2.0.tgz 740ms (cache miss)
2619 http fetch GET 200 https://registry.npmjs.org/terser/-/terser-5.49.0.tgz 744ms (cache miss)
2620 http fetch GET 200 https://registry.npmjs.org/strip-final-newline/-/strip-final-newline-2.0.0.tgz 749ms (cache miss)
2621 http fetch GET 200 https://registry.npmjs.org/stringify-object/-/stringify-object-3.3.0.tgz 750ms (cache miss)
2622 http fetch GET 200 https://registry.npmjs.org/stylehacks/-/stylehacks-6.1.1.tgz 753ms (cache miss)
2623 http fetch GET 200 https://registry.npmjs.org/style-to-js/-/style-to-js-1.1.21.tgz 762ms (cache miss)
2624 http fetch GET 200 https://registry.npmjs.org/std-env/-/std-env-3.10.0.tgz 763ms (cache miss)
2625 http fetch GET 200 https://registry.npmjs.org/style-to-object/-/style-to-object-1.0.14.tgz 763ms (cache miss)
2626 http fetch GET 200 https://registry.npmjs.org/stringify-entities/-/stringify-entities-4.0.4.tgz 774ms (cache miss)
2627 http fetch GET 200 https://registry.npmjs.org/source-map-support/-/source-map-support-0.5.21.tgz 772ms (cache miss)
2628 http fetch GET 200 https://registry.npmjs.org/srcset/-/srcset-4.0.0.tgz 774ms (cache miss)
2629 http fetch GET 200 https://registry.npmjs.org/statuses/-/statuses-2.0.2.tgz 776ms (cache miss)
2630 http fetch GET 200 https://registry.npmjs.org/source-map-js/-/source-map-js-1.2.1.tgz 778ms (cache miss)
2631 http fetch GET 200 https://registry.npmjs.org/svgo/-/svgo-3.3.4.tgz 782ms (cache miss)
2632 http fetch GET 200 https://registry.npmjs.org/string_decoder/-/string_decoder-1.3.0.tgz 781ms (cache miss)
2633 http fetch GET 200 https://registry.npmjs.org/tsyringe/-/tsyringe-4.10.0.tgz 788ms (cache miss)
2634 http fetch GET 200 https://registry.npmjs.org/space-separated-tokens/-/space-separated-tokens-2.0.2.tgz 794ms (cache miss)
2635 http fetch GET 200 https://registry.npmjs.org/source-map/-/source-map-0.7.6.tgz 804ms (cache miss)
2636 http fetch GET 200 https://registry.npmjs.org/sockjs/-/sockjs-0.3.24.tgz 805ms (cache miss)
2637 http fetch GET 200 https://registry.npmjs.org/trim-lines/-/trim-lines-3.0.1.tgz 811ms (cache miss)
2638 http fetch GET 200 https://registry.npmjs.org/sort-css-media-queries/-/sort-css-media-queries-2.2.0.tgz 806ms (cache miss)
2639 http fetch GET 200 https://registry.npmjs.org/snake-case/-/snake-case-3.0.4.tgz 806ms (cache miss)
2640 http fetch GET 200 https://registry.npmjs.org/sisteransi/-/sisteransi-1.0.5.tgz 807ms (cache miss)
2641 http fetch GET 200 https://registry.npmjs.org/slash/-/slash-3.0.0.tgz 807ms (cache miss)
2642 http fetch GET 200 https://registry.npmjs.org/sirv/-/sirv-2.0.4.tgz 810ms (cache miss)
2643 http fetch GET 200 https://registry.npmjs.org/side-channel-weakmap/-/side-channel-weakmap-1.0.2.tgz 812ms (cache miss)
2644 http fetch GET 200 https://registry.npmjs.org/side-channel-map/-/side-channel-map-1.0.1.tgz 814ms (cache miss)
2645 http fetch GET 200 https://registry.npmjs.org/skin-tone/-/skin-tone-2.0.0.tgz 814ms (cache miss)
2646 http fetch GET 200 https://registry.npmjs.org/sitemap/-/sitemap-7.1.3.tgz 816ms (cache miss)
2647 http fetch GET 200 https://registry.npmjs.org/spdy-transport/-/spdy-transport-3.0.0.tgz 827ms (cache miss)
2648 http fetch GET 200 https://registry.npmjs.org/spdy/-/spdy-4.0.2.tgz 825ms (cache miss)
2649 http fetch GET 200 https://registry.npmjs.org/side-channel/-/side-channel-1.1.1.tgz 831ms (cache miss)
2650 http fetch GET 200 https://registry.npmjs.org/side-channel-list/-/side-channel-list-1.0.1.tgz 834ms (cache miss)
2651 http fetch GET 200 https://registry.npmjs.org/shell-quote/-/shell-quote-1.10.0.tgz 834ms (cache miss)
2652 http fetch GET 200 https://registry.npmjs.org/signal-exit/-/signal-exit-3.0.7.tgz 837ms (cache miss)
2653 http fetch GET 200 https://registry.npmjs.org/setprototypeof/-/setprototypeof-1.2.0.tgz 837ms (cache miss)
2654 http fetch GET 200 https://registry.npmjs.org/semver-diff/-/semver-diff-4.0.0.tgz 842ms (cache miss)
2655 http fetch GET 200 https://registry.npmjs.org/webpack/-/webpack-5.108.4.tgz 854ms (cache miss)
2656 http fetch GET 200 https://registry.npmjs.org/set-function-length/-/set-function-length-1.2.2.tgz 848ms (cache miss)
2657 http fetch GET 200 https://registry.npmjs.org/serve-handler/-/serve-handler-6.1.7.tgz 854ms (cache miss)
2658 http fetch GET 200 https://registry.npmjs.org/send/-/send-0.19.2.tgz 853ms (cache miss)
2659 http fetch GET 200 https://registry.npmjs.org/shallow-clone/-/shallow-clone-3.0.1.tgz 857ms (cache miss)
2660 http fetch GET 200 https://registry.npmjs.org/serialize-javascript/-/serialize-javascript-6.0.2.tgz 856ms (cache miss)
2661 http fetch GET 200 https://registry.npmjs.org/select-hose/-/select-hose-2.0.0.tgz 861ms (cache miss)
2662 http fetch GET 200 https://registry.npmjs.org/selfsigned/-/selfsigned-5.5.0.tgz 862ms (cache miss)
2663 http fetch GET 200 https://registry.npmjs.org/shallowequal/-/shallowequal-1.1.0.tgz 976ms (cache miss)
2664 http fetch GET 200 https://registry.npmjs.org/safe-buffer/-/safe-buffer-5.2.1.tgz 974ms (cache miss)
2665 http fetch GET 200 https://registry.npmjs.org/section-matter/-/section-matter-1.0.0.tgz 974ms (cache miss)
2666 http fetch GET 200 https://registry.npmjs.org/safer-buffer/-/safer-buffer-2.1.2.tgz 974ms (cache miss)
2667 http fetch GET 200 https://registry.npmjs.org/run-parallel/-/run-parallel-1.2.0.tgz 974ms (cache miss)
2668 http fetch GET 200 https://registry.npmjs.org/serve-static/-/serve-static-1.16.3.tgz 975ms (cache miss)
2669 http fetch GET 200 https://registry.npmjs.org/reusify/-/reusify-1.1.0.tgz 976ms (cache miss)
2670 http fetch GET 200 https://registry.npmjs.org/scheduler/-/scheduler-0.27.0.tgz 977ms (cache miss)
2671 http fetch GET 200 https://registry.npmjs.org/rtlcss/-/rtlcss-4.3.0.tgz 979ms (cache miss)
2672 http fetch GET 200 https://registry.npmjs.org/retry/-/retry-0.13.1.tgz 980ms (cache miss)
2673 http fetch GET 200 https://registry.npmjs.org/schema-utils/-/schema-utils-4.3.3.tgz 984ms (cache miss)
2674 http fetch GET 200 https://registry.npmjs.org/schema-dts/-/schema-dts-1.1.5.tgz 984ms (cache miss)
2675 http fetch GET 200 https://registry.npmjs.org/resolve-from/-/resolve-from-4.0.0.tgz 1008ms (cache miss)
2676 http fetch GET 200 https://registry.npmjs.org/remark-rehype/-/remark-rehype-11.1.2.tgz 1008ms (cache miss)
2677 http fetch GET 200 https://registry.npmjs.org/semver/-/semver-7.8.5.tgz 1011ms (cache miss)
2678 http fetch GET 200 https://registry.npmjs.org/remark-stringify/-/remark-stringify-11.0.0.tgz 1014ms (cache miss)
2679 http fetch GET 200 https://registry.npmjs.org/requires-port/-/requires-port-1.0.0.tgz 1013ms (cache miss)
2680 http fetch GET 200 https://registry.npmjs.org/resolve-pathname/-/resolve-pathname-3.0.0.tgz 1014ms (cache miss)
2681 http fetch GET 200 https://registry.npmjs.org/sax/-/sax-1.6.1.tgz 1014ms (cache miss)
2682 http fetch GET 200 https://registry.npmjs.org/remark-parse/-/remark-parse-11.0.0.tgz 1013ms (cache miss)
2683 http fetch GET 200 https://registry.npmjs.org/run-applescript/-/run-applescript-7.1.0.tgz 1015ms (cache miss)
2684 http fetch GET 200 https://registry.npmjs.org/responselike/-/responselike-3.0.0.tgz 1015ms (cache miss)
2685 http fetch GET 200 https://registry.npmjs.org/require-from-string/-/require-from-string-2.0.2.tgz 1014ms (cache miss)
2686 http fetch GET 200 https://registry.npmjs.org/serve-index/-/serve-index-1.9.2.tgz 1023ms (cache miss)
2687 http fetch GET 200 https://registry.npmjs.org/resolve-alpn/-/resolve-alpn-1.2.1.tgz 1026ms (cache miss)
2688 http fetch GET 200 https://registry.npmjs.org/remark-mdx/-/remark-mdx-3.1.1.tgz 1027ms (cache miss)
2689 http fetch GET 200 https://registry.npmjs.org/require-like/-/require-like-0.1.2.tgz 1029ms (cache miss)
2690 http fetch GET 200 https://registry.npmjs.org/remark-gfm/-/remark-gfm-4.0.1.tgz 1029ms (cache miss)
2691 http fetch GET 200 https://registry.npmjs.org/regjsgen/-/regjsgen-0.8.0.tgz 1036ms (cache miss)
2692 http fetch GET 200 https://registry.npmjs.org/remark-emoji/-/remark-emoji-4.0.1.tgz 1037ms (cache miss)
2693 http fetch GET 200 https://registry.npmjs.org/renderkid/-/renderkid-3.0.0.tgz 1038ms (cache miss)
2694 http fetch GET 200 https://registry.npmjs.org/rehype-recma/-/rehype-recma-1.0.0.tgz 1036ms (cache miss)
2695 http fetch GET 200 https://registry.npmjs.org/remark-directive/-/remark-directive-3.0.1.tgz 1038ms (cache miss)
2696 http fetch GET 200 https://registry.npmjs.org/relateurl/-/relateurl-0.2.7.tgz 1039ms (cache miss)
2697 http fetch GET 200 https://registry.npmjs.org/resolve/-/resolve-1.22.12.tgz 1041ms (cache miss)
2698 http fetch GET 200 https://registry.npmjs.org/remark-frontmatter/-/remark-frontmatter-5.0.0.tgz 1046ms (cache miss)
2699 http fetch GET 200 https://registry.npmjs.org/rehype-raw/-/rehype-raw-7.0.0.tgz 1046ms (cache miss)
2700 http fetch GET 200 https://registry.npmjs.org/registry-url/-/registry-url-6.0.1.tgz 1051ms (cache miss)
2701 http fetch GET 200 https://registry.npmjs.org/reflect-metadata/-/reflect-metadata-0.2.2.tgz 1053ms (cache miss)
2702 http fetch GET 200 https://registry.npmjs.org/regjsparser/-/regjsparser-0.13.2.tgz 1069ms (cache miss)
2703 http fetch GET 200 https://registry.npmjs.org/registry-auth-token/-/registry-auth-token-5.1.1.tgz 1068ms (cache miss)
2704 http fetch GET 200 https://registry.npmjs.org/regexpu-core/-/regexpu-core-6.4.0.tgz 1065ms (cache miss)
2705 http fetch GET 200 https://registry.npmjs.org/recma-jsx/-/recma-jsx-1.0.1.tgz 1066ms (cache miss)
2706 http fetch GET 200 https://registry.npmjs.org/readdirp/-/readdirp-3.6.0.tgz 1065ms (cache miss)
2707 http fetch GET 200 https://registry.npmjs.org/recma-build-jsx/-/recma-build-jsx-1.0.0.tgz 1091ms (cache miss)
2708 http fetch GET 200 https://registry.npmjs.org/recma-stringify/-/recma-stringify-1.0.0.tgz 1093ms (cache miss)
2709 http fetch GET 200 https://registry.npmjs.org/recma-parse/-/recma-parse-1.0.0.tgz 1095ms (cache miss)
2710 http fetch GET 200 https://registry.npmjs.org/regenerate/-/regenerate-1.4.2.tgz 1096ms (cache miss)
2711 http fetch GET 200 https://registry.npmjs.org/react-router-dom/-/react-router-dom-5.3.4.tgz 1103ms (cache miss)
2712 http fetch GET 200 https://registry.npmjs.org/react-router-config/-/react-router-config-5.1.1.tgz 1103ms (cache miss)
2713 http fetch GET 200 https://registry.npmjs.org/readable-stream/-/readable-stream-3.6.2.tgz 1106ms (cache miss)
2714 http fetch GET 200 https://registry.npmjs.org/react-fast-compare/-/react-fast-compare-3.2.2.tgz 1105ms (cache miss)
2715 http fetch GET 200 https://registry.npmjs.org/react-loadable-ssr-addon-v5-slorber/-/react-loadable-ssr-addon-v5-slorber-1.0.3.tgz 1115ms (cache miss)
2716 http fetch GET 200 https://registry.npmjs.org/react-is/-/react-is-16.13.1.tgz 1116ms (cache miss)
2717 http fetch GET 200 https://registry.npmjs.org/react-router/-/react-router-5.3.4.tgz 1117ms (cache miss)
2718 http fetch GET 200 https://registry.npmjs.org/raw-body/-/raw-body-2.5.3.tgz 1118ms (cache miss)
2719 http fetch GET 200 https://registry.npmjs.org/react/-/react-19.2.7.tgz 1122ms (cache miss)
2720 http fetch GET 200 https://registry.npmjs.org/react-json-view-lite/-/react-json-view-lite-2.5.0.tgz 1125ms (cache miss)
2721 http fetch GET 200 https://registry.npmjs.org/regenerate-unicode-properties/-/regenerate-unicode-properties-10.2.2.tgz 1132ms (cache miss)
2722 http fetch GET 200 https://registry.npmjs.org/randombytes/-/randombytes-2.1.0.tgz 1138ms (cache miss)
2723 http fetch GET 200 https://registry.npmjs.org/range-parser/-/range-parser-1.2.0.tgz 1139ms (cache miss)
2724 http fetch GET 200 https://registry.npmjs.org/@slorber/react-helmet-async/-/react-helmet-async-1.3.0.tgz 1145ms (cache miss)
2725 http fetch GET 200 https://registry.npmjs.org/punycode/-/punycode-2.3.1.tgz 1146ms (cache miss)
2726 http fetch GET 200 https://registry.npmjs.org/qs/-/qs-6.15.3.tgz 1149ms (cache miss)
2727 http fetch GET 200 https://registry.npmjs.org/queue-microtask/-/queue-microtask-1.2.3.tgz 1151ms (cache miss)
2728 http fetch GET 200 https://registry.npmjs.org/proto-list/-/proto-list-1.2.4.tgz 1153ms (cache miss)
2729 http fetch GET 200 https://registry.npmjs.org/quick-lru/-/quick-lru-5.1.1.tgz 1154ms (cache miss)
2730 http fetch GET 200 https://registry.npmjs.org/proxy-addr/-/proxy-addr-2.0.7.tgz 1154ms (cache miss)
2731 http fetch GET 200 https://registry.npmjs.org/rc/-/rc-1.2.8.tgz 1154ms (cache miss)
2732 http fetch GET 200 https://registry.npmjs.org/prop-types/-/prop-types-15.8.1.tgz 1163ms (cache miss)
2733 http fetch GET 200 https://registry.npmjs.org/react-dom/-/react-dom-19.2.7.tgz 1231ms (cache miss)
2734 http fetch GET 200 https://registry.npmjs.org/pupa/-/pupa-3.3.0.tgz 1241ms (cache miss)
2735 http fetch GET 200 https://registry.npmjs.org/pvtsutils/-/pvtsutils-1.3.6.tgz 1241ms (cache miss)
2736 http fetch GET 200 https://registry.npmjs.org/pvutils/-/pvutils-1.2.0.tgz 1240ms (cache miss)
2737 http fetch GET 200 https://registry.npmjs.org/@docusaurus/react-loadable/-/react-loadable-6.0.0.tgz 1244ms (cache miss)
2738 http fetch GET 200 https://registry.npmjs.org/pretty-time/-/pretty-time-1.1.0.tgz 1242ms (cache miss)
2739 http fetch GET 200 https://registry.npmjs.org/postcss-unique-selectors/-/postcss-unique-selectors-6.0.4.tgz 1241ms (cache miss)
2740 http fetch GET 200 https://registry.npmjs.org/process-nextick-args/-/process-nextick-args-2.0.1.tgz 1242ms (cache miss)
2741 http fetch GET 200 https://registry.npmjs.org/property-information/-/property-information-7.2.0.tgz 1247ms (cache miss)
2742 http fetch GET 200 https://registry.npmjs.org/postcss-value-parser/-/postcss-value-parser-4.2.0.tgz 1362ms (cache miss)
2743 http fetch GET 200 https://registry.npmjs.org/pretty-error/-/pretty-error-4.0.0.tgz 1362ms (cache miss)
2744 http fetch GET 200 https://registry.npmjs.org/postcss-svgo/-/postcss-svgo-6.0.3.tgz 1363ms (cache miss)
2745 http fetch GET 200 https://registry.npmjs.org/postcss-sort-media-queries/-/postcss-sort-media-queries-5.2.0.tgz 1363ms (cache miss)
2746 http fetch GET 200 https://registry.npmjs.org/postcss-selector-not/-/postcss-selector-not-8.0.1.tgz 1363ms (cache miss)
2747 http fetch GET 200 https://registry.npmjs.org/postcss-reduce-transforms/-/postcss-reduce-transforms-6.0.2.tgz 1362ms (cache miss)
2748 http fetch GET 200 https://registry.npmjs.org/postcss-replace-overflow-wrap/-/postcss-replace-overflow-wrap-4.0.0.tgz 1363ms (cache miss)
2749 http fetch GET 200 https://registry.npmjs.org/postcss-reduce-initial/-/postcss-reduce-initial-6.1.0.tgz 1363ms (cache miss)
2750 http fetch GET 200 https://registry.npmjs.org/postcss-reduce-idents/-/postcss-reduce-idents-6.0.3.tgz 1363ms (cache miss)
2751 http fetch GET 200 https://registry.npmjs.org/postcss-zindex/-/postcss-zindex-6.0.2.tgz 1364ms (cache miss)
2752 http fetch GET 200 https://registry.npmjs.org/prism-react-renderer/-/prism-react-renderer-2.4.1.tgz 1372ms (cache miss)
2753 http fetch GET 200 https://registry.npmjs.org/postcss-normalize-url/-/postcss-normalize-url-6.0.2.tgz 1371ms (cache miss)
2754 http fetch GET 200 https://registry.npmjs.org/postcss-normalize-whitespace/-/postcss-normalize-whitespace-6.0.2.tgz 1372ms (cache miss)
2755 http fetch GET 200 https://registry.npmjs.org/postcss-selector-parser/-/postcss-selector-parser-6.1.4.tgz 1378ms (cache miss)
2756 http fetch GET 200 https://registry.npmjs.org/postcss-ordered-values/-/postcss-ordered-values-6.0.2.tgz 1384ms (cache miss)
2757 http fetch GET 200 https://registry.npmjs.org/prompts/-/prompts-2.4.2.tgz 1414ms (cache miss)
2758 http fetch GET 200 https://registry.npmjs.org/postcss-normalize-timing-functions/-/postcss-normalize-timing-functions-6.0.2.tgz 1467ms (cache miss)
2759 http fetch GET 200 https://registry.npmjs.org/postcss-page-break/-/postcss-page-break-3.0.4.tgz 1469ms (cache miss)
2760 http fetch GET 200 https://registry.npmjs.org/postcss-place/-/postcss-place-10.0.0.tgz 1468ms (cache miss)
2761 http fetch GET 200 https://registry.npmjs.org/postcss-opacity-percentage/-/postcss-opacity-percentage-3.0.0.tgz 1468ms (cache miss)
2762 http fetch GET 200 https://registry.npmjs.org/postcss-normalize-display-values/-/postcss-normalize-display-values-6.0.2.tgz 1467ms (cache miss)
2763 http fetch GET 200 https://registry.npmjs.org/postcss-normalize-unicode/-/postcss-normalize-unicode-6.1.0.tgz 1468ms (cache miss)
2764 http fetch GET 200 https://registry.npmjs.org/postcss-overflow-shorthand/-/postcss-overflow-shorthand-6.0.0.tgz 1468ms (cache miss)
2765 http fetch GET 200 https://registry.npmjs.org/postcss-normalize-charset/-/postcss-normalize-charset-6.0.2.tgz 1468ms (cache miss)
2766 http fetch GET 200 https://registry.npmjs.org/postcss-pseudo-class-any-link/-/postcss-pseudo-class-any-link-10.0.1.tgz 1469ms (cache miss)
2767 http fetch GET 200 https://registry.npmjs.org/postcss-normalize-string/-/postcss-normalize-string-6.0.2.tgz 1472ms (cache miss)
2768 http fetch GET 200 https://registry.npmjs.org/postcss-normalize-repeat-style/-/postcss-normalize-repeat-style-6.0.2.tgz 1504ms (cache miss)
2769 http fetch GET 200 https://registry.npmjs.org/postcss-preset-env/-/postcss-preset-env-10.6.1.tgz 1506ms (cache miss)
2770 http fetch GET 200 https://registry.npmjs.org/postcss-modules-values/-/postcss-modules-values-4.0.0.tgz 1504ms (cache miss)
2771 http fetch GET 200 https://registry.npmjs.org/prismjs/-/prismjs-1.30.0.tgz 1506ms (cache miss)
2772 http fetch GET 200 https://registry.npmjs.org/postcss-normalize-positions/-/postcss-normalize-positions-6.0.2.tgz 1511ms (cache miss)
2773 http fetch GET 200 https://registry.npmjs.org/postcss-nesting/-/postcss-nesting-13.0.2.tgz 1511ms (cache miss)
2774 http fetch GET 200 https://registry.npmjs.org/postcss-merge-rules/-/postcss-merge-rules-6.1.1.tgz 1511ms (cache miss)
2775 http fetch GET 200 https://registry.npmjs.org/postcss-logical/-/postcss-logical-8.1.0.tgz 1511ms (cache miss)
2776 http fetch GET 200 https://registry.npmjs.org/postcss-merge-longhand/-/postcss-merge-longhand-6.0.5.tgz 1516ms (cache miss)
2777 http fetch GET 200 https://registry.npmjs.org/postcss-merge-idents/-/postcss-merge-idents-6.0.3.tgz 1521ms (cache miss)
2778 http fetch GET 200 https://registry.npmjs.org/postcss-modules-local-by-default/-/postcss-modules-local-by-default-4.2.0.tgz 1522ms (cache miss)
2779 http fetch GET 200 https://registry.npmjs.org/postcss-modules-extract-imports/-/postcss-modules-extract-imports-3.1.0.tgz 1522ms (cache miss)
2780 http fetch GET 200 https://registry.npmjs.org/postcss-minify-gradients/-/postcss-minify-gradients-6.0.3.tgz 1523ms (cache miss)
2781 http fetch GET 200 https://registry.npmjs.org/postcss-minify-params/-/postcss-minify-params-6.1.0.tgz 1540ms (cache miss)
2782 http fetch GET 200 https://registry.npmjs.org/postcss-loader/-/postcss-loader-7.3.4.tgz 1540ms (cache miss)
2783 http fetch GET 200 https://registry.npmjs.org/postcss-gap-properties/-/postcss-gap-properties-6.0.0.tgz 1539ms (cache miss)
2784 http fetch GET 200 https://registry.npmjs.org/postcss-minify-selectors/-/postcss-minify-selectors-6.0.4.tgz 1544ms (cache miss)
2785 http fetch GET 200 https://registry.npmjs.org/postcss-minify-font-values/-/postcss-minify-font-values-6.1.0.tgz 1547ms (cache miss)
2786 http fetch GET 200 https://registry.npmjs.org/postcss-modules-scope/-/postcss-modules-scope-3.2.1.tgz 1550ms (cache miss)
2787 http fetch GET 200 https://registry.npmjs.org/postcss-font-variant/-/postcss-font-variant-5.0.0.tgz 1554ms (cache miss)
2788 http fetch GET 200 https://registry.npmjs.org/postcss-image-set-function/-/postcss-image-set-function-7.0.0.tgz 1554ms (cache miss)
2789 http fetch GET 200 https://registry.npmjs.org/postcss-discard-overridden/-/postcss-discard-overridden-6.0.2.tgz 1566ms (cache miss)
2790 http fetch GET 200 https://registry.npmjs.org/postcss-double-position-gradients/-/postcss-double-position-gradients-6.0.4.tgz 1567ms (cache miss)
2791 http fetch GET 200 https://registry.npmjs.org/postcss-discard-comments/-/postcss-discard-comments-6.0.2.tgz 1567ms (cache miss)
2792 http fetch GET 200 https://registry.npmjs.org/postcss-discard-unused/-/postcss-discard-unused-6.0.5.tgz 1568ms (cache miss)
2793 http fetch GET 200 https://registry.npmjs.org/postcss-focus-within/-/postcss-focus-within-9.0.1.tgz 1622ms (cache miss)
2794 http fetch GET 200 https://registry.npmjs.org/postcss-dir-pseudo-class/-/postcss-dir-pseudo-class-9.0.1.tgz 1624ms (cache miss)
2795 http fetch GET 200 https://registry.npmjs.org/postcss-custom-selectors/-/postcss-custom-selectors-8.0.5.tgz 1631ms (cache miss)
2796 http fetch GET 200 https://registry.npmjs.org/postcss-discard-duplicates/-/postcss-discard-duplicates-6.0.3.tgz 1631ms (cache miss)
2797 http fetch GET 200 https://registry.npmjs.org/postcss-custom-properties/-/postcss-custom-properties-14.0.6.tgz 1631ms (cache miss)
2798 http fetch GET 200 https://registry.npmjs.org/postcss-lab-function/-/postcss-lab-function-7.0.12.tgz 1631ms (cache miss)
2799 http fetch GET 200 https://registry.npmjs.org/postcss-convert-values/-/postcss-convert-values-6.1.0.tgz 1631ms (cache miss)
2800 http fetch GET 200 https://registry.npmjs.org/postcss-color-hex-alpha/-/postcss-color-hex-alpha-10.0.0.tgz 1630ms (cache miss)
2801 http fetch GET 200 https://registry.npmjs.org/postcss-color-rebeccapurple/-/postcss-color-rebeccapurple-10.0.0.tgz 1631ms (cache miss)
2802 http fetch GET 200 https://registry.npmjs.org/postcss-focus-visible/-/postcss-focus-visible-10.0.1.tgz 1633ms (cache miss)
2803 http fetch GET 200 https://registry.npmjs.org/postcss-custom-media/-/postcss-custom-media-11.0.6.tgz 1635ms (cache miss)
2804 http fetch GET 200 https://registry.npmjs.org/postcss-discard-empty/-/postcss-discard-empty-6.0.3.tgz 1635ms (cache miss)
2805 http fetch GET 200 https://registry.npmjs.org/postcss-color-functional-notation/-/postcss-color-functional-notation-7.0.12.tgz 1636ms (cache miss)
2806 http fetch GET 200 https://registry.npmjs.org/postcss-clamp/-/postcss-clamp-4.1.0.tgz 1636ms (cache miss)
2807 http fetch GET 200 https://registry.npmjs.org/pkg-dir/-/pkg-dir-7.0.0.tgz 1636ms (cache miss)
2808 http fetch GET 200 https://registry.npmjs.org/path-type/-/path-type-4.0.0.tgz 1635ms (cache miss)
2809 http fetch GET 200 https://registry.npmjs.org/path-to-regexp/-/path-to-regexp-1.9.0.tgz 1636ms (cache miss)
2810 http fetch GET 200 https://registry.npmjs.org/postcss-attribute-case-insensitive/-/postcss-attribute-case-insensitive-7.0.1.tgz 1637ms (cache miss)
2811 http fetch GET 200 https://registry.npmjs.org/picomatch/-/picomatch-2.3.2.tgz 1638ms (cache miss)
2812 http fetch GET 200 https://registry.npmjs.org/postcss-calc/-/postcss-calc-9.0.1.tgz 1639ms (cache miss)
2813 http fetch GET 200 https://registry.npmjs.org/picocolors/-/picocolors-1.1.1.tgz 1643ms (cache miss)
2814 http fetch GET 200 https://registry.npmjs.org/parseurl/-/parseurl-1.3.3.tgz 1643ms (cache miss)
2815 http fetch GET 200 https://registry.npmjs.org/path-is-inside/-/path-is-inside-1.0.2.tgz 1644ms (cache miss)
2816 http fetch GET 200 https://registry.npmjs.org/postcss/-/postcss-8.5.26.tgz 1646ms (cache miss)
2817 http fetch GET 200 https://registry.npmjs.org/postcss-colormin/-/postcss-colormin-6.1.0.tgz 1693ms (cache miss)
2818 http fetch GET 200 https://registry.npmjs.org/pkijs/-/pkijs-3.4.0.tgz 1694ms (cache miss)
2819 http fetch GET 200 https://registry.npmjs.org/parse-json/-/parse-json-5.2.0.tgz 1700ms (cache miss)
2820 http fetch GET 200 https://registry.npmjs.org/parse-numeric-range/-/parse-numeric-range-1.3.0.tgz 1702ms (cache miss)
2821 http fetch GET 200 https://registry.npmjs.org/path-exists/-/path-exists-5.0.0.tgz 1702ms (cache miss)
2822 http fetch GET 200 https://registry.npmjs.org/param-case/-/param-case-3.0.4.tgz 1702ms (cache miss)
2823 http fetch GET 200 https://registry.npmjs.org/p-locate/-/p-locate-6.0.0.tgz 1701ms (cache miss)
2824 http fetch GET 200 https://registry.npmjs.org/parse5-htmlparser2-tree-adapter/-/parse5-htmlparser2-tree-adapter-7.1.0.tgz 1703ms (cache miss)
2825 http fetch GET 200 https://registry.npmjs.org/parse-entities/-/parse-entities-4.0.2.tgz 1703ms (cache miss)
2826 http fetch GET 200 https://registry.npmjs.org/parent-module/-/parent-module-1.0.1.tgz 1703ms (cache miss)
2827 http fetch GET 200 https://registry.npmjs.org/p-retry/-/p-retry-6.2.1.tgz 1703ms (cache miss)
2828 http fetch GET 200 https://registry.npmjs.org/p-queue/-/p-queue-6.6.2.tgz 1702ms (cache miss)
2829 http fetch GET 200 https://registry.npmjs.org/package-json/-/package-json-8.1.1.tgz 1704ms (cache miss)
2830 http fetch GET 200 https://registry.npmjs.org/pascal-case/-/pascal-case-3.1.2.tgz 1705ms (cache miss)
2831 http fetch GET 200 https://registry.npmjs.org/path-parse/-/path-parse-1.0.7.tgz 1705ms (cache miss)
2832 http fetch GET 200 https://registry.npmjs.org/p-timeout/-/p-timeout-3.2.0.tgz 1708ms (cache miss)
2833 http fetch GET 200 https://registry.npmjs.org/parse5/-/parse5-7.3.0.tgz 1716ms (cache miss)
2834 http fetch GET 200 https://registry.npmjs.org/p-finally/-/p-finally-1.0.0.tgz 1715ms (cache miss)
2835 http fetch GET 200 https://registry.npmjs.org/p-cancelable/-/p-cancelable-3.0.0.tgz 1774ms (cache miss)
2836 http fetch GET 200 https://registry.npmjs.org/open/-/open-8.4.2.tgz 1774ms (cache miss)
2837 http fetch GET 200 https://registry.npmjs.org/onetime/-/onetime-5.1.2.tgz 1779ms (cache miss)
2838 http fetch GET 200 https://registry.npmjs.org/on-headers/-/on-headers-1.1.0.tgz 1778ms (cache miss)
2839 http fetch GET 200 https://registry.npmjs.org/p-map/-/p-map-4.0.0.tgz 1779ms (cache miss)
2840 http fetch GET 200 https://registry.npmjs.org/p-limit/-/p-limit-4.0.0.tgz 1781ms (cache miss)
2841 http fetch GET 200 https://registry.npmjs.org/object-keys/-/object-keys-1.1.1.tgz 1783ms (cache miss)
2842 http fetch GET 200 https://registry.npmjs.org/opener/-/opener-1.5.2.tgz 1784ms (cache miss)
2843 http fetch GET 200 https://registry.npmjs.org/nth-check/-/nth-check-2.1.1.tgz 1784ms (cache miss)
2844 http fetch GET 200 https://registry.npmjs.org/nprogress/-/nprogress-0.2.0.tgz 1784ms (cache miss)
2845 http fetch GET 200 https://registry.npmjs.org/object-assign/-/object-assign-4.1.1.tgz 1785ms (cache miss)
2846 http fetch GET 200 https://registry.npmjs.org/npm-run-path/-/npm-run-path-4.0.1.tgz 1785ms (cache miss)
2847 http fetch GET 200 https://registry.npmjs.org/null-loader/-/null-loader-4.0.1.tgz 1784ms (cache miss)
2848 http fetch GET 200 https://registry.npmjs.org/obuf/-/obuf-1.1.2.tgz 1785ms (cache miss)
2849 http fetch GET 200 https://registry.npmjs.org/on-finished/-/on-finished-2.4.1.tgz 1788ms (cache miss)
2850 http fetch GET 200 https://registry.npmjs.org/normalize-url/-/normalize-url-8.1.1.tgz 1792ms (cache miss)
2851 http fetch GET 200 https://registry.npmjs.org/normalize-path/-/normalize-path-3.0.0.tgz 1792ms (cache miss)
2852 http fetch GET 200 https://registry.npmjs.org/node-releases/-/node-releases-2.0.51.tgz 1793ms (cache miss)
2853 http fetch GET 200 https://registry.npmjs.org/nanoid/-/nanoid-3.3.18.tgz 1793ms (cache miss)
2854 http fetch GET 200 https://registry.npmjs.org/object.assign/-/object.assign-4.1.7.tgz 1796ms (cache miss)
2855 http fetch GET 200 https://registry.npmjs.org/mrmime/-/mrmime-2.0.1.tgz 1795ms (cache miss)
2856 http fetch GET 200 https://registry.npmjs.org/no-case/-/no-case-3.0.4.tgz 1795ms (cache miss)
2857 http fetch GET 200 https://registry.npmjs.org/minimizer-webpack-plugin/-/minimizer-webpack-plugin-5.6.1.tgz 1796ms (cache miss)
2858 http fetch GET 200 https://registry.npmjs.org/object-inspect/-/object-inspect-1.13.4.tgz 1800ms (cache miss)
2859 http fetch GET 200 https://registry.npmjs.org/neo-async/-/neo-async-2.6.2.tgz 1803ms (cache miss)
2860 http fetch GET 200 https://registry.npmjs.org/multicast-dns/-/multicast-dns-7.2.5.tgz 1817ms (cache miss)
2861 http fetch GET 200 https://registry.npmjs.org/micromatch/-/micromatch-4.0.8.tgz 1816ms (cache miss)
2862 http fetch GET 200 https://registry.npmjs.org/minimalistic-assert/-/minimalistic-assert-1.0.1.tgz 1817ms (cache miss)
2863 http fetch GET 200 https://registry.npmjs.org/node-emoji/-/node-emoji-2.2.0.tgz 1818ms (cache miss)
2864 http fetch GET 200 https://registry.npmjs.org/negotiator/-/negotiator-0.6.4.tgz 1818ms (cache miss)
2865 http fetch GET 200 https://registry.npmjs.org/mime-types/-/mime-types-2.1.18.tgz 1824ms (cache miss)
2866 http fetch GET 200 https://registry.npmjs.org/mime/-/mime-1.6.0.tgz 1825ms (cache miss)
2867 http fetch GET 200 https://registry.npmjs.org/micromark-util-subtokenize/-/micromark-util-subtokenize-2.1.0.tgz 1825ms (cache miss)
2868 http fetch GET 200 https://registry.npmjs.org/mimic-response/-/mimic-response-4.0.0.tgz 1826ms (cache miss)
2869 http fetch GET 200 https://registry.npmjs.org/micromark-util-types/-/micromark-util-types-2.0.2.tgz 1825ms (cache miss)
2870 http fetch GET 200 https://registry.npmjs.org/minimatch/-/minimatch-3.1.5.tgz 1827ms (cache miss)
2871 http fetch GET 200 https://registry.npmjs.org/mime-db/-/mime-db-1.33.0.tgz 1828ms (cache miss)
2872 http fetch GET 200 https://registry.npmjs.org/ms/-/ms-2.1.3.tgz 1831ms (cache miss)
2873 http fetch GET 200 https://registry.npmjs.org/mimic-fn/-/mimic-fn-2.1.0.tgz 1832ms (cache miss)
2874 http fetch GET 200 https://registry.npmjs.org/mini-css-extract-plugin/-/mini-css-extract-plugin-2.10.2.tgz 1833ms (cache miss)
2875 http fetch GET 200 https://registry.npmjs.org/micromark-util-normalize-identifier/-/micromark-util-normalize-identifier-2.0.1.tgz 1843ms (cache miss)
2876 http fetch GET 200 https://registry.npmjs.org/micromark-util-resolve-all/-/micromark-util-resolve-all-2.0.1.tgz 1843ms (cache miss)
2877 http fetch GET 200 https://registry.npmjs.org/micromark-util-symbol/-/micromark-util-symbol-1.1.0.tgz 1859ms (cache miss)
2878 http fetch GET 200 https://registry.npmjs.org/micromark-util-decode-numeric-character-reference/-/micromark-util-decode-numeric-character-reference-2.0.2.tgz 1859ms (cache miss)
2879 http fetch GET 200 https://registry.npmjs.org/micromark-util-encode/-/micromark-util-encode-2.0.1.tgz 1861ms (cache miss)
2880 http fetch GET 200 https://registry.npmjs.org/micromark-factory-title/-/micromark-factory-title-2.0.1.tgz 1871ms (cache miss)
2881 http fetch GET 200 https://registry.npmjs.org/micromark-util-decode-string/-/micromark-util-decode-string-2.0.1.tgz 1872ms (cache miss)
2882 http fetch GET 200 https://registry.npmjs.org/micromark-util-events-to-acorn/-/micromark-util-events-to-acorn-2.0.3.tgz 1874ms (cache miss)
2883 http fetch GET 200 https://registry.npmjs.org/micromark-util-html-tag-name/-/micromark-util-html-tag-name-2.0.1.tgz 1874ms (cache miss)
2884 http fetch GET 200 https://registry.npmjs.org/micromark-util-chunked/-/micromark-util-chunked-2.0.1.tgz 1874ms (cache miss)
2885 http fetch GET 200 https://registry.npmjs.org/micromark-factory-mdx-expression/-/micromark-factory-mdx-expression-2.0.3.tgz 1873ms (cache miss)
2886 http fetch GET 200 https://registry.npmjs.org/micromark-factory-space/-/micromark-factory-space-1.1.0.tgz 1873ms (cache miss)
2887 http fetch GET 200 https://registry.npmjs.org/micromark-factory-whitespace/-/micromark-factory-whitespace-2.0.1.tgz 1874ms (cache miss)
2888 http fetch GET 200 https://registry.npmjs.org/micromark-util-sanitize-uri/-/micromark-util-sanitize-uri-2.0.1.tgz 1879ms (cache miss)
2889 http fetch GET 200 https://registry.npmjs.org/micromark-extension-mdx-expression/-/micromark-extension-mdx-expression-3.0.1.tgz 1983ms (cache miss)
2890 http fetch GET 200 https://registry.npmjs.org/micromark-extension-mdxjs-esm/-/micromark-extension-mdxjs-esm-3.0.0.tgz 1984ms (cache miss)
2891 http fetch GET 200 https://registry.npmjs.org/micromark-util-classify-character/-/micromark-util-classify-character-2.0.1.tgz 1984ms (cache miss)
2892 http fetch GET 200 https://registry.npmjs.org/micromark-util-combine-extensions/-/micromark-util-combine-extensions-2.0.1.tgz 1984ms (cache miss)
2893 http fetch GET 200 https://registry.npmjs.org/micromark-factory-destination/-/micromark-factory-destination-2.0.1.tgz 1984ms (cache miss)
2894 http fetch GET 200 https://registry.npmjs.org/micromark-extension-gfm-strikethrough/-/micromark-extension-gfm-strikethrough-2.1.0.tgz 1983ms (cache miss)
2895 http fetch GET 200 https://registry.npmjs.org/micromark-extension-gfm-tagfilter/-/micromark-extension-gfm-tagfilter-2.0.0.tgz 1984ms (cache miss)
2896 http fetch GET 200 https://registry.npmjs.org/micromark-util-character/-/micromark-util-character-1.2.0.tgz 1985ms (cache miss)
2897 http fetch GET 200 https://registry.npmjs.org/micromark-factory-label/-/micromark-factory-label-2.0.1.tgz 1984ms (cache miss)
2898 http fetch GET 200 https://registry.npmjs.org/micromark-extension-gfm-task-list-item/-/micromark-extension-gfm-task-list-item-2.1.0.tgz 1984ms (cache miss)
2899 http fetch GET 200 https://registry.npmjs.org/micromark-extension-mdxjs/-/micromark-extension-mdxjs-3.0.0.tgz 1985ms (cache miss)
2900 http fetch GET 200 https://registry.npmjs.org/micromark-extension-gfm-autolink-literal/-/micromark-extension-gfm-autolink-literal-2.1.0.tgz 1986ms (cache miss)
2901 http fetch GET 200 https://registry.npmjs.org/micromark-extension-gfm-footnote/-/micromark-extension-gfm-footnote-2.1.0.tgz 1986ms (cache miss)
2902 http fetch GET 200 https://registry.npmjs.org/micromark-extension-mdx-jsx/-/micromark-extension-mdx-jsx-3.0.2.tgz 1989ms (cache miss)
2903 http fetch GET 200 https://registry.npmjs.org/micromark-extension-frontmatter/-/micromark-extension-frontmatter-2.0.0.tgz 2007ms (cache miss)
2904 http fetch GET 200 https://registry.npmjs.org/methods/-/methods-1.1.2.tgz 2021ms (cache miss)
2905 http fetch GET 200 https://registry.npmjs.org/micromark-extension-gfm/-/micromark-extension-gfm-3.0.0.tgz 2022ms (cache miss)
2906 http fetch GET 200 https://registry.npmjs.org/merge-descriptors/-/merge-descriptors-1.0.3.tgz 2022ms (cache miss)
2907 http fetch GET 200 https://registry.npmjs.org/merge-stream/-/merge-stream-2.0.0.tgz 2022ms (cache miss)
2908 http fetch GET 200 https://registry.npmjs.org/media-typer/-/media-typer-0.3.0.tgz 2022ms (cache miss)
2909 http fetch GET 200 https://registry.npmjs.org/merge2/-/merge2-1.4.1.tgz 2023ms (cache miss)
2910 http fetch GET 200 https://registry.npmjs.org/micromark-extension-directive/-/micromark-extension-directive-3.0.2.tgz 2030ms (cache miss)
2911 http fetch GET 200 https://registry.npmjs.org/micromark-extension-gfm-table/-/micromark-extension-gfm-table-2.1.1.tgz 2032ms (cache miss)
2912 http fetch GET 200 https://registry.npmjs.org/mdn-data/-/mdn-data-2.0.30.tgz 2037ms (cache miss)
2913 http fetch GET 200 https://registry.npmjs.org/memfs/-/memfs-4.68.0.tgz 2040ms (cache miss)
2914 http fetch GET 200 https://registry.npmjs.org/micromark/-/micromark-4.0.2.tgz 2044ms (cache miss)
2915 http fetch GET 200 https://registry.npmjs.org/mdast-util-to-string/-/mdast-util-to-string-4.0.0.tgz 2053ms (cache miss)
2916 http fetch GET 200 https://registry.npmjs.org/mdast-util-gfm-footnote/-/mdast-util-gfm-footnote-2.1.0.tgz 2057ms (cache miss)
2917 http fetch GET 200 https://registry.npmjs.org/mdast-util-phrasing/-/mdast-util-phrasing-4.1.0.tgz 2059ms (cache miss)
2918 http fetch GET 200 https://registry.npmjs.org/mdast-util-gfm-table/-/mdast-util-gfm-table-2.0.0.tgz 2058ms (cache miss)
2919 http fetch GET 200 https://registry.npmjs.org/micromark-core-commonmark/-/micromark-core-commonmark-2.0.3.tgz 2063ms (cache miss)
2920 http fetch GET 200 https://registry.npmjs.org/mdast-util-to-markdown/-/mdast-util-to-markdown-2.1.2.tgz 2068ms (cache miss)
2921 http fetch GET 200 https://registry.npmjs.org/mdast-util-mdx-expression/-/mdast-util-mdx-expression-2.0.1.tgz 2072ms (cache miss)
2922 http fetch GET 200 https://registry.npmjs.org/mdast-util-mdx/-/mdast-util-mdx-3.0.0.tgz 2073ms (cache miss)
2923 http fetch GET 200 https://registry.npmjs.org/mdast-util-gfm-strikethrough/-/mdast-util-gfm-strikethrough-2.0.0.tgz 2073ms (cache miss)
2924 http fetch GET 200 https://registry.npmjs.org/mdast-util-gfm-task-list-item/-/mdast-util-gfm-task-list-item-2.0.0.tgz 2076ms (cache miss)
2925 http fetch GET 200 https://registry.npmjs.org/mdast-util-mdxjs-esm/-/mdast-util-mdxjs-esm-2.0.1.tgz 2076ms (cache miss)
2926 http fetch GET 200 https://registry.npmjs.org/mdast-util-gfm-autolink-literal/-/mdast-util-gfm-autolink-literal-2.0.1.tgz 2076ms (cache miss)
2927 http fetch GET 200 https://registry.npmjs.org/mdast-util-frontmatter/-/mdast-util-frontmatter-2.0.1.tgz 2076ms (cache miss)
2928 http fetch GET 200 https://registry.npmjs.org/mdast-util-gfm/-/mdast-util-gfm-3.1.0.tgz 2077ms (cache miss)
2929 http fetch GET 200 https://registry.npmjs.org/micromark-extension-mdx-md/-/micromark-extension-mdx-md-2.0.0.tgz 2080ms (cache miss)
2930 http fetch GET 200 https://registry.npmjs.org/mdast-util-to-hast/-/mdast-util-to-hast-13.2.1.tgz 2082ms (cache miss)
2931 http fetch GET 200 https://registry.npmjs.org/mdast-util-from-markdown/-/mdast-util-from-markdown-2.0.3.tgz 2091ms (cache miss)
2932 http fetch GET 200 https://registry.npmjs.org/mdast-util-mdx-jsx/-/mdast-util-mdx-jsx-3.2.0.tgz 2095ms (cache miss)
2933 http fetch GET 200 https://registry.npmjs.org/lru-cache/-/lru-cache-5.1.1.tgz 2102ms (cache miss)
2934 http fetch GET 200 https://registry.npmjs.org/markdown-table/-/markdown-table-3.0.4.tgz 2102ms (cache miss)
2935 http fetch GET 200 https://registry.npmjs.org/markdown-extensions/-/markdown-extensions-2.0.0.tgz 2102ms (cache miss)
2936 http fetch GET 200 https://registry.npmjs.org/lowercase-keys/-/lowercase-keys-3.0.0.tgz 2107ms (cache miss)
2937 http fetch GET 200 https://registry.npmjs.org/mdast-util-find-and-replace/-/mdast-util-find-and-replace-3.0.2.tgz 2113ms (cache miss)
2938 http fetch GET 200 https://registry.npmjs.org/math-intrinsics/-/math-intrinsics-1.1.0.tgz 2113ms (cache miss)
2939 http fetch GET 200 https://registry.npmjs.org/lower-case/-/lower-case-2.0.2.tgz 2114ms (cache miss)
2940 http fetch GET 200 https://registry.npmjs.org/lodash.memoize/-/lodash.memoize-4.1.2.tgz 2115ms (cache miss)
2941 http fetch GET 200 https://registry.npmjs.org/longest-streak/-/longest-streak-3.1.0.tgz 2115ms (cache miss)
2942 http fetch GET 200 https://registry.npmjs.org/locate-path/-/locate-path-7.2.0.tgz 2116ms (cache miss)
2943 http fetch GET 200 https://registry.npmjs.org/mdast-util-directive/-/mdast-util-directive-3.1.0.tgz 2117ms (cache miss)
2944 http fetch GET 200 https://registry.npmjs.org/lodash.debounce/-/lodash.debounce-4.0.8.tgz 2120ms (cache miss)
2945 http fetch GET 200 https://registry.npmjs.org/loader-utils/-/loader-utils-2.0.4.tgz 2123ms (cache miss)
2946 http fetch GET 200 https://registry.npmjs.org/loose-envify/-/loose-envify-1.4.0.tgz 2140ms (cache miss)
2947 http fetch GET 200 https://registry.npmjs.org/loader-runner/-/loader-runner-4.3.2.tgz 2139ms (cache miss)
2948 http fetch GET 200 https://registry.npmjs.org/leven/-/leven-3.1.0.tgz 2140ms (cache miss)
2949 http fetch GET 200 https://registry.npmjs.org/launch-editor/-/launch-editor-2.14.1.tgz 2146ms (cache miss)
2950 http fetch GET 200 https://registry.npmjs.org/lodash.uniq/-/lodash.uniq-4.5.0.tgz 2152ms (cache miss)
2951 http fetch GET 200 https://registry.npmjs.org/latest-version/-/latest-version-7.0.0.tgz 2152ms (cache miss)
2952 http fetch GET 200 https://registry.npmjs.org/jsonfile/-/jsonfile-6.2.1.tgz 2153ms (cache miss)
2953 http fetch GET 200 https://registry.npmjs.org/keyv/-/keyv-4.5.4.tgz 2167ms (cache miss)
2954 http fetch GET 200 https://registry.npmjs.org/kind-of/-/kind-of-6.0.3.tgz 2167ms (cache miss)
2955 http fetch GET 200 https://registry.npmjs.org/lilconfig/-/lilconfig-3.1.3.tgz 2168ms (cache miss)
2956 http fetch GET 200 https://registry.npmjs.org/kleur/-/kleur-3.0.3.tgz 2168ms (cache miss)
2957 http fetch GET 200 https://registry.npmjs.org/lines-and-columns/-/lines-and-columns-1.2.4.tgz 2169ms (cache miss)
2958 http fetch GET 200 https://registry.npmjs.org/json5/-/json5-2.2.3.tgz 2171ms (cache miss)
2959 http fetch GET 200 https://registry.npmjs.org/json-parse-even-better-errors/-/json-parse-even-better-errors-2.3.1.tgz 2194ms (cache miss)
2960 http fetch GET 200 https://registry.npmjs.org/json-buffer/-/json-buffer-3.0.1.tgz 2194ms (cache miss)
2961 http fetch GET 200 https://registry.npmjs.org/json-schema-traverse/-/json-schema-traverse-1.0.0.tgz 2194ms (cache miss)
2962 http fetch GET 200 https://registry.npmjs.org/js-tokens/-/js-tokens-4.0.0.tgz 2195ms (cache miss)
2963 http fetch GET 200 https://registry.npmjs.org/isarray/-/isarray-0.0.1.tgz 2203ms (cache miss)
2964 http fetch GET 200 https://registry.npmjs.org/jest-util/-/jest-util-29.7.0.tgz 2204ms (cache miss)
2965 http fetch GET 200 https://registry.npmjs.org/jest-worker/-/jest-worker-29.7.0.tgz 2206ms (cache miss)
2966 http fetch GET 200 https://registry.npmjs.org/isobject/-/isobject-3.0.1.tgz 2206ms (cache miss)
2967 http fetch GET 200 https://registry.npmjs.org/is-wsl/-/is-wsl-2.2.0.tgz 2213ms (cache miss)
2968 http fetch GET 200 https://registry.npmjs.org/jiti/-/jiti-1.21.7.tgz 2215ms (cache miss)
2969 http fetch GET 200 https://registry.npmjs.org/js-yaml/-/js-yaml-4.3.1.tgz 2253ms (cache miss)
2970 http fetch GET 200 https://registry.npmjs.org/jsesc/-/jsesc-3.1.0.tgz 2253ms (cache miss)
2971 http fetch GET 200 https://registry.npmjs.org/is-plain-object/-/is-plain-object-2.0.4.tgz 2252ms (cache miss)
2972 http fetch GET 200 https://registry.npmjs.org/is-typedarray/-/is-typedarray-1.0.0.tgz 2252ms (cache miss)
2973 http fetch GET 200 https://registry.npmjs.org/is-path-inside/-/is-path-inside-3.0.3.tgz 2254ms (cache miss)
2974 http fetch GET 200 https://registry.npmjs.org/is-plain-obj/-/is-plain-obj-4.1.0.tgz 2254ms (cache miss)
2975 http fetch GET 200 https://registry.npmjs.org/is-obj/-/is-obj-1.0.1.tgz 2255ms (cache miss)
2976 http fetch GET 200 https://registry.npmjs.org/is-hexadecimal/-/is-hexadecimal-2.0.1.tgz 2255ms (cache miss)
2977 http fetch GET 200 https://registry.npmjs.org/is-npm/-/is-npm-6.1.0.tgz 2257ms (cache miss)
2978 http fetch GET 200 https://registry.npmjs.org/is-yarn-global/-/is-yarn-global-0.4.1.tgz 2258ms (cache miss)
2979 http fetch GET 200 https://registry.npmjs.org/is-regexp/-/is-regexp-1.0.0.tgz 2256ms (cache miss)
2980 http fetch GET 200 https://registry.npmjs.org/is-inside-container/-/is-inside-container-1.0.0.tgz 2256ms (cache miss)
2981 http fetch GET 200 https://registry.npmjs.org/is-installed-globally/-/is-installed-globally-0.4.0.tgz 2256ms (cache miss)
2982 http fetch GET 200 https://registry.npmjs.org/is-stream/-/is-stream-2.0.1.tgz 2265ms (cache miss)
2983 http fetch GET 200 https://registry.npmjs.org/is-docker/-/is-docker-2.2.1.tgz 2265ms (cache miss)
2984 http fetch GET 200 https://registry.npmjs.org/is-extglob/-/is-extglob-2.1.1.tgz 2266ms (cache miss)
2985 http fetch GET 200 https://registry.npmjs.org/joi/-/joi-17.13.4.tgz 2268ms (cache miss)
2986 http fetch GET 200 https://registry.npmjs.org/is-glob/-/is-glob-4.0.3.tgz 2275ms (cache miss)
2987 http fetch GET 200 https://registry.npmjs.org/is-decimal/-/is-decimal-2.0.1.tgz 2275ms (cache miss)
2988 http fetch GET 200 https://registry.npmjs.org/is-extendable/-/is-extendable-0.1.1.tgz 2285ms (cache miss)
2989 http fetch GET 200 https://registry.npmjs.org/is-ci/-/is-ci-3.0.1.tgz 2285ms (cache miss)
2990 http fetch GET 200 https://registry.npmjs.org/is-alphabetical/-/is-alphabetical-2.0.1.tgz 2289ms (cache miss)
2991 http fetch GET 200 https://registry.npmjs.org/is-alphanumerical/-/is-alphanumerical-2.0.1.tgz 2292ms (cache miss)
2992 http fetch GET 200 https://registry.npmjs.org/is-core-module/-/is-core-module-2.16.2.tgz 2294ms (cache miss)
2993 http fetch GET 200 https://registry.npmjs.org/is-number/-/is-number-7.0.0.tgz 2296ms (cache miss)
2994 http fetch GET 200 https://registry.npmjs.org/is-network-error/-/is-network-error-1.3.2.tgz 2294ms (cache miss)
2995 http fetch GET 200 https://registry.npmjs.org/is-arrayish/-/is-arrayish-0.2.1.tgz 2296ms (cache miss)
2996 http fetch GET 200 https://registry.npmjs.org/is-binary-path/-/is-binary-path-2.1.0.tgz 2302ms (cache miss)
2997 http fetch GET 200 https://registry.npmjs.org/invariant/-/invariant-2.2.4.tgz 2305ms (cache miss)
2998 http fetch GET 200 https://registry.npmjs.org/inline-style-parser/-/inline-style-parser-0.2.7.tgz 2305ms (cache miss)
2999 http fetch GET 200 https://registry.npmjs.org/ini/-/ini-2.0.0.tgz 2305ms (cache miss)
3000 http fetch GET 200 https://registry.npmjs.org/inherits/-/inherits-2.0.4.tgz 2309ms (cache miss)
3001 http fetch GET 200 https://registry.npmjs.org/lodash/-/lodash-4.18.1.tgz 2317ms (cache miss)
3002 http fetch GET 200 https://registry.npmjs.org/indent-string/-/indent-string-4.0.0.tgz 2313ms (cache miss)
3003 http fetch GET 200 https://registry.npmjs.org/ipaddr.js/-/ipaddr.js-2.5.0.tgz 2322ms (cache miss)
3004 http fetch GET 200 https://registry.npmjs.org/import-lazy/-/import-lazy-4.0.0.tgz 2329ms (cache miss)
3005 http fetch GET 200 https://registry.npmjs.org/infima/-/infima-0.2.0-alpha.45.tgz 2331ms (cache miss)
3006 http fetch GET 200 https://registry.npmjs.org/icss-utils/-/icss-utils-5.1.0.tgz 2331ms (cache miss)
3007 http fetch GET 200 https://registry.npmjs.org/imurmurhash/-/imurmurhash-0.1.4.tgz 2337ms (cache miss)
3008 http fetch GET 200 https://registry.npmjs.org/ignore/-/ignore-5.3.2.tgz 2336ms (cache miss)
3009 http fetch GET 200 https://registry.npmjs.org/import-fresh/-/import-fresh-3.3.1.tgz 2336ms (cache miss)
3010 http fetch GET 200 https://registry.npmjs.org/human-signals/-/human-signals-2.1.0.tgz 2338ms (cache miss)
3011 http fetch GET 200 https://registry.npmjs.org/http-proxy-middleware/-/http-proxy-middleware-2.0.10.tgz 2347ms (cache miss)
3012 http fetch GET 200 https://registry.npmjs.org/http-proxy/-/http-proxy-1.18.1.tgz 2359ms (cache miss)
3013 http fetch GET 200 https://registry.npmjs.org/http-parser-js/-/http-parser-js-0.5.10.tgz 2361ms (cache miss)
3014 http fetch GET 200 https://registry.npmjs.org/http-deceiver/-/http-deceiver-1.2.7.tgz 2362ms (cache miss)
3015 http fetch GET 200 https://registry.npmjs.org/hyperdyperid/-/hyperdyperid-1.2.0.tgz 2367ms (cache miss)
3016 http fetch GET 200 https://registry.npmjs.org/iconv-lite/-/iconv-lite-0.4.24.tgz 2367ms (cache miss)
3017 http fetch GET 200 https://registry.npmjs.org/http-cache-semantics/-/http-cache-semantics-4.2.0.tgz 2380ms (cache miss)
3018 http fetch GET 200 https://registry.npmjs.org/http-errors/-/http-errors-2.0.1.tgz 2381ms (cache miss)
3019 http fetch GET 200 https://registry.npmjs.org/html-void-elements/-/html-void-elements-3.0.0.tgz 2387ms (cache miss)
3020 http fetch GET 200 https://registry.npmjs.org/html-escaper/-/html-escaper-2.0.2.tgz 2390ms (cache miss)
3021 http fetch GET 200 https://registry.npmjs.org/hpack.js/-/hpack.js-2.1.6.tgz 2390ms (cache miss)
3022 http fetch GET 200 https://registry.npmjs.org/html-webpack-plugin/-/html-webpack-plugin-5.6.7.tgz 2391ms (cache miss)
3023 http fetch GET 200 https://registry.npmjs.org/http2-wrapper/-/http2-wrapper-2.2.1.tgz 2392ms (cache miss)
3024 http fetch GET 200 https://registry.npmjs.org/image-size/-/image-size-2.0.2.tgz 2396ms (cache miss)
3025 http fetch GET 200 https://registry.npmjs.org/htmlparser2/-/htmlparser2-8.0.2.tgz 2395ms (cache miss)
3026 http fetch GET 200 https://registry.npmjs.org/html-tags/-/html-tags-3.3.1.tgz 2493ms (cache miss)
3027 http fetch GET 200 https://registry.npmjs.org/he/-/he-1.2.0.tgz 2493ms (cache miss)
3028 http fetch GET 200 https://registry.npmjs.org/hoist-non-react-statics/-/hoist-non-react-statics-3.3.2.tgz 2492ms (cache miss)
3029 http fetch GET 200 https://registry.npmjs.org/hast-util-whitespace/-/hast-util-whitespace-3.0.0.tgz 2492ms (cache miss)
3030 http fetch GET 200 https://registry.npmjs.org/hast-util-to-jsx-runtime/-/hast-util-to-jsx-runtime-2.3.6.tgz 2492ms (cache miss)
3031 http fetch GET 200 https://registry.npmjs.org/hast-util-from-parse5/-/hast-util-from-parse5-8.0.3.tgz 2491ms (cache miss)
3032 http fetch GET 200 https://registry.npmjs.org/hast-util-parse-selector/-/hast-util-parse-selector-4.0.0.tgz 2493ms (cache miss)
3033 http fetch GET 200 https://registry.npmjs.org/hast-util-raw/-/hast-util-raw-9.1.0.tgz 2493ms (cache miss)
3034 http fetch GET 200 https://registry.npmjs.org/hast-util-to-parse5/-/hast-util-to-parse5-8.0.1.tgz 2493ms (cache miss)
3035 http fetch GET 200 https://registry.npmjs.org/history/-/history-4.10.1.tgz 2496ms (cache miss)
3036 http fetch GET 200 https://registry.npmjs.org/hastscript/-/hastscript-9.0.1.tgz 2498ms (cache miss)
3037 http fetch GET 200 https://registry.npmjs.org/hast-util-to-estree/-/hast-util-to-estree-3.1.3.tgz 2503ms (cache miss)
3038 http fetch GET 200 https://registry.npmjs.org/has-symbols/-/has-symbols-1.1.0.tgz 2509ms (cache miss)
3039 http fetch GET 200 https://registry.npmjs.org/gzip-size/-/gzip-size-6.0.0.tgz 2513ms (cache miss)
3040 http fetch GET 200 https://registry.npmjs.org/html-minifier-terser/-/html-minifier-terser-7.2.0.tgz 2515ms (cache miss)
3041 http fetch GET 200 https://registry.npmjs.org/has-flag/-/has-flag-4.0.0.tgz 2514ms (cache miss)
3042 http fetch GET 200 https://registry.npmjs.org/handle-thing/-/handle-thing-2.0.1.tgz 2514ms (cache miss)
3043 http fetch GET 200 https://registry.npmjs.org/globby/-/globby-11.1.0.tgz 2519ms (cache miss)
3044 http fetch GET 200 https://registry.npmjs.org/hasown/-/hasown-2.0.4.tgz 2520ms (cache miss)
3045 http fetch GET 200 https://registry.npmjs.org/has-property-descriptors/-/has-property-descriptors-1.0.2.tgz 2521ms (cache miss)
3046 http fetch GET 200 https://registry.npmjs.org/gopd/-/gopd-1.2.0.tgz 2520ms (cache miss)
3047 http fetch GET 200 https://registry.npmjs.org/glob-parent/-/glob-parent-5.1.2.tgz 2526ms (cache miss)
3048 http fetch GET 200 https://registry.npmjs.org/glob-to-regex.js/-/glob-to-regex.js-1.2.0.tgz 2531ms (cache miss)
3049 http fetch GET 200 https://registry.npmjs.org/global-dirs/-/global-dirs-3.0.1.tgz 2531ms (cache miss)
3050 http fetch GET 200 https://registry.npmjs.org/graceful-fs/-/graceful-fs-4.2.11.tgz 2533ms (cache miss)
3051 http fetch GET 200 https://registry.npmjs.org/has-yarn/-/has-yarn-3.0.0.tgz 2535ms (cache miss)
3052 http fetch GET 200 https://registry.npmjs.org/got/-/got-12.6.1.tgz 2538ms (cache miss)
3053 http fetch GET 200 https://registry.npmjs.org/get-stream/-/get-stream-6.0.1.tgz 2546ms (cache miss)
3054 http fetch GET 200 https://registry.npmjs.org/get-intrinsic/-/get-intrinsic-1.3.0.tgz 2562ms (cache miss)
3055 http fetch GET 200 https://registry.npmjs.org/get-own-enumerable-property-symbols/-/get-own-enumerable-property-symbols-3.0.2.tgz 2562ms (cache miss)
3056 http fetch GET 200 https://registry.npmjs.org/get-proto/-/get-proto-1.0.1.tgz 2562ms (cache miss)
3057 http fetch GET 200 https://registry.npmjs.org/function-bind/-/function-bind-1.1.2.tgz 2562ms (cache miss)
3058 http fetch GET 200 https://registry.npmjs.org/fresh/-/fresh-0.5.2.tgz 2568ms (cache miss)
3059 http fetch GET 200 https://registry.npmjs.org/fs-extra/-/fs-extra-11.3.6.tgz 2570ms (cache miss)
3060 http fetch GET 200 https://registry.npmjs.org/form-data-encoder/-/form-data-encoder-2.1.4.tgz 2571ms (cache miss)
3061 http fetch GET 200 https://registry.npmjs.org/follow-redirects/-/follow-redirects-1.16.0.tgz 2581ms (cache miss)
3062 http fetch GET 200 https://registry.npmjs.org/format/-/format-0.2.2.tgz 2581ms (cache miss)
3063 http fetch GET 200 https://registry.npmjs.org/fsevents/-/fsevents-2.3.3.tgz 2582ms (cache miss)
3064 http fetch GET 200 https://registry.npmjs.org/gensync/-/gensync-1.0.0-beta.2.tgz 2586ms (cache miss)
3065 http fetch GET 200 https://registry.npmjs.org/forwarded/-/forwarded-0.2.0.tgz 2584ms (cache miss)
3066 http fetch GET 200 https://registry.npmjs.org/flat/-/flat-5.0.2.tgz 2587ms (cache miss)
3067 http fetch GET 200 https://registry.npmjs.org/fraction.js/-/fraction.js-5.3.4.tgz 2589ms (cache miss)
3068 http fetch GET 200 https://registry.npmjs.org/github-slugger/-/github-slugger-1.5.0.tgz 2590ms (cache miss)
3069 http fetch GET 200 https://registry.npmjs.org/find-cache-dir/-/find-cache-dir-4.0.0.tgz 2596ms (cache miss)
3070 http fetch GET 200 https://registry.npmjs.org/find-up/-/find-up-6.3.0.tgz 2596ms (cache miss)
3071 http fetch GET 200 https://registry.npmjs.org/finalhandler/-/finalhandler-1.3.2.tgz 2596ms (cache miss)
3072 http fetch GET 200 https://registry.npmjs.org/fill-range/-/fill-range-7.1.1.tgz 2599ms (cache miss)
3073 http fetch GET 200 https://registry.npmjs.org/fast-deep-equal/-/fast-deep-equal-3.1.3.tgz 2613ms (cache miss)
3074 http fetch GET 200 https://registry.npmjs.org/file-loader/-/file-loader-6.2.0.tgz 2617ms (cache miss)
3075 http fetch GET 200 https://registry.npmjs.org/faye-websocket/-/faye-websocket-0.11.4.tgz 2617ms (cache miss)
3076 http fetch GET 200 https://registry.npmjs.org/fast-glob/-/fast-glob-3.3.3.tgz 2622ms (cache miss)
3077 http fetch GET 200 https://registry.npmjs.org/fast-uri/-/fast-uri-3.1.5.tgz 2630ms (cache miss)
3078 http fetch GET 200 https://registry.npmjs.org/fast-json-stable-stringify/-/fast-json-stable-stringify-2.1.0.tgz 2631ms (cache miss)
3079 http fetch GET 200 https://registry.npmjs.org/fastq/-/fastq-1.20.1.tgz 2632ms (cache miss)
3080 http fetch GET 200 https://registry.npmjs.org/fault/-/fault-2.0.1.tgz 2632ms (cache miss)
3081 http fetch GET 200 https://registry.npmjs.org/extend/-/extend-3.0.2.tgz 2633ms (cache miss)
3082 http fetch GET 200 https://registry.npmjs.org/eval/-/eval-0.1.8.tgz 2660ms (cache miss)
3083 http fetch GET 200 https://registry.npmjs.org/eventemitter3/-/eventemitter3-4.0.7.tgz 2665ms (cache miss)
3084 http fetch GET 200 https://registry.npmjs.org/etag/-/etag-1.8.1.tgz 2665ms (cache miss)
3085 http fetch GET 200 https://registry.npmjs.org/execa/-/execa-5.1.1.tgz 2666ms (cache miss)
3086 http fetch GET 200 https://registry.npmjs.org/estree-walker/-/estree-walker-3.0.3.tgz 2670ms (cache miss)
3087 http fetch GET 200 https://registry.npmjs.org/express/-/express-4.22.2.tgz 2671ms (cache miss)
3088 http fetch GET 200 https://registry.npmjs.org/extend-shallow/-/extend-shallow-2.0.1.tgz 2672ms (cache miss)
3089 http fetch GET 200 https://registry.npmjs.org/events/-/events-3.3.0.tgz 2672ms (cache miss)
3090 http fetch GET 200 https://registry.npmjs.org/feed/-/feed-4.2.2.tgz 2676ms (cache miss)
3091 http fetch GET 200 https://registry.npmjs.org/estree-util-scope/-/estree-util-scope-1.0.0.tgz 2674ms (cache miss)
3092 http fetch GET 200 https://registry.npmjs.org/estree-util-value-to-estree/-/estree-util-value-to-estree-3.5.0.tgz 2674ms (cache miss)
3093 http fetch GET 200 https://registry.npmjs.org/esrecurse/-/esrecurse-4.3.0.tgz 2678ms (cache miss)
3094 http fetch GET 200 https://registry.npmjs.org/esutils/-/esutils-2.0.3.tgz 2679ms (cache miss)
3095 http fetch GET 200 https://registry.npmjs.org/estree-util-build-jsx/-/estree-util-build-jsx-3.0.1.tgz 2678ms (cache miss)
3096 http fetch GET 200 https://registry.npmjs.org/eta/-/eta-2.2.0.tgz 2680ms (cache miss)
3097 http fetch GET 200 https://registry.npmjs.org/estree-util-visit/-/estree-util-visit-2.0.0.tgz 2683ms (cache miss)
3098 http fetch GET 200 https://registry.npmjs.org/estraverse/-/estraverse-4.3.0.tgz 2684ms (cache miss)
3099 http fetch GET 200 https://registry.npmjs.org/escape-string-regexp/-/escape-string-regexp-4.0.0.tgz 2697ms (cache miss)
3100 http fetch GET 200 https://registry.npmjs.org/eslint-scope/-/eslint-scope-5.1.1.tgz 2698ms (cache miss)
3101 http fetch GET 200 https://registry.npmjs.org/estree-util-to-js/-/estree-util-to-js-2.0.0.tgz 2698ms (cache miss)
3102 http fetch GET 200 https://registry.npmjs.org/estree-util-is-identifier-name/-/estree-util-is-identifier-name-3.0.0.tgz 2698ms (cache miss)
3103 http fetch GET 200 https://registry.npmjs.org/escape-goat/-/escape-goat-4.0.0.tgz 2701ms (cache miss)
3104 http fetch GET 200 https://registry.npmjs.org/escape-html/-/escape-html-1.0.3.tgz 2703ms (cache miss)
3105 http fetch GET 200 https://registry.npmjs.org/estree-util-attach-comments/-/estree-util-attach-comments-3.0.0.tgz 2705ms (cache miss)
3106 http fetch GET 200 https://registry.npmjs.org/escalade/-/escalade-3.2.0.tgz 2706ms (cache miss)
3107 http fetch GET 200 https://registry.npmjs.org/esast-util-from-js/-/esast-util-from-js-2.0.1.tgz 2711ms (cache miss)
3108 http fetch GET 200 https://registry.npmjs.org/es-define-property/-/es-define-property-1.0.1.tgz 2718ms (cache miss)
3109 http fetch GET 200 https://registry.npmjs.org/error-ex/-/error-ex-1.3.4.tgz 2719ms (cache miss)
3110 http fetch GET 200 https://registry.npmjs.org/es-errors/-/es-errors-1.3.0.tgz 2722ms (cache miss)
3111 http fetch GET 200 https://registry.npmjs.org/esast-util-from-estree/-/esast-util-from-estree-2.0.0.tgz 2730ms (cache miss)
3112 http fetch GET 200 https://registry.npmjs.org/enhanced-resolve/-/enhanced-resolve-5.24.2.tgz 2729ms (cache miss)
3113 http fetch GET 200 https://registry.npmjs.org/emoticon/-/emoticon-4.1.0.tgz 2733ms (cache miss)
3114 http fetch GET 200 https://registry.npmjs.org/es-module-lexer/-/es-module-lexer-2.3.1.tgz 2742ms (cache miss)
3115 http fetch GET 200 https://registry.npmjs.org/entities/-/entities-4.5.0.tgz 2742ms (cache miss)
3116 http fetch GET 200 https://registry.npmjs.org/electron-to-chromium/-/electron-to-chromium-1.5.402.tgz 2749ms (cache miss)
3117 http fetch GET 200 https://registry.npmjs.org/emojis-list/-/emojis-list-3.0.0.tgz 2751ms (cache miss)
3118 http fetch GET 200 https://registry.npmjs.org/ee-first/-/ee-first-1.1.1.tgz 2752ms (cache miss)
3119 http fetch GET 200 https://registry.npmjs.org/es-object-atoms/-/es-object-atoms-1.1.2.tgz 2757ms (cache miss)
3120 http fetch GET 200 https://registry.npmjs.org/encodeurl/-/encodeurl-2.0.0.tgz 2757ms (cache miss)
3121 http fetch GET 200 https://registry.npmjs.org/emojilib/-/emojilib-2.4.0.tgz 2758ms (cache miss)
3122 http fetch GET 200 https://registry.npmjs.org/duplexer/-/duplexer-0.1.2.tgz 2758ms (cache miss)
3123 http fetch GET 200 https://registry.npmjs.org/dot-case/-/dot-case-3.0.4.tgz 2761ms (cache miss)
3124 http fetch GET 200 https://registry.npmjs.org/dunder-proto/-/dunder-proto-1.0.1.tgz 2762ms (cache miss)
3125 http fetch GET 200 https://registry.npmjs.org/domhandler/-/domhandler-5.0.3.tgz 2762ms (cache miss)
3126 http fetch GET 200 https://registry.npmjs.org/domutils/-/domutils-3.2.2.tgz 2766ms (cache miss)
3127 http fetch GET 200 https://registry.npmjs.org/domelementtype/-/domelementtype-2.3.0.tgz 2773ms (cache miss)
3128 http fetch GET 200 https://registry.npmjs.org/dom-serializer/-/dom-serializer-2.0.0.tgz 2778ms (cache miss)
3129 http fetch GET 200 https://registry.npmjs.org/dom-converter/-/dom-converter-0.2.0.tgz 2781ms (cache miss)
3130 http fetch GET 200 https://registry.npmjs.org/detect-node/-/detect-node-2.1.0.tgz 2781ms (cache miss)
3131 http fetch GET 200 https://registry.npmjs.org/dot-prop/-/dot-prop-6.0.1.tgz 2783ms (cache miss)
3132 http fetch GET 200 https://registry.npmjs.org/devlop/-/devlop-1.1.0.tgz 2785ms (cache miss)
3133 http fetch GET 200 https://registry.npmjs.org/detect-port/-/detect-port-2.1.0.tgz 2787ms (cache miss)
3134 http fetch GET 200 https://registry.npmjs.org/dir-glob/-/dir-glob-3.0.1.tgz 2790ms (cache miss)
3135 http fetch GET 200 https://registry.npmjs.org/define-properties/-/define-properties-1.2.1.tgz 2791ms (cache miss)
3136 http fetch GET 200 https://registry.npmjs.org/destroy/-/destroy-1.2.0.tgz 2792ms (cache miss)
3137 http fetch GET 200 https://registry.npmjs.org/dequal/-/dequal-2.0.3.tgz 2796ms (cache miss)
3138 http fetch GET 200 https://registry.npmjs.org/dns-packet/-/dns-packet-5.6.1.tgz 2800ms (cache miss)
3139 http fetch GET 200 https://registry.npmjs.org/define-data-property/-/define-data-property-1.1.4.tgz 2801ms (cache miss)
3140 http fetch GET 200 https://registry.npmjs.org/defer-to-connect/-/defer-to-connect-2.0.1.tgz 2802ms (cache miss)
3141 http fetch GET 200 https://registry.npmjs.org/depd/-/depd-2.0.0.tgz 2811ms (cache miss)
3142 http fetch GET 200 https://registry.npmjs.org/define-lazy-prop/-/define-lazy-prop-2.0.0.tgz 2818ms (cache miss)
3143 http fetch GET 200 https://registry.npmjs.org/debounce/-/debounce-1.2.1.tgz 2819ms (cache miss)
3144 http fetch GET 200 https://registry.npmjs.org/default-browser/-/default-browser-5.5.0.tgz 2820ms (cache miss)
3145 http fetch GET 200 https://registry.npmjs.org/decode-named-character-reference/-/decode-named-character-reference-1.3.0.tgz 2821ms (cache miss)
3146 http fetch GET 200 https://registry.npmjs.org/default-browser-id/-/default-browser-id-5.0.1.tgz 2821ms (cache miss)
3147 http fetch GET 200 https://registry.npmjs.org/decompress-response/-/decompress-response-6.0.0.tgz 2823ms (cache miss)
3148 http fetch GET 200 https://registry.npmjs.org/debug/-/debug-4.4.3.tgz 2832ms (cache miss)
3149 http fetch GET 200 https://registry.npmjs.org/cssnano/-/cssnano-6.1.2.tgz 2834ms (cache miss)
3150 http fetch GET 200 https://registry.npmjs.org/cssnano-preset-advanced/-/cssnano-preset-advanced-6.1.2.tgz 2836ms (cache miss)
3151 http fetch GET 200 https://registry.npmjs.org/cssnano-utils/-/cssnano-utils-4.0.2.tgz 2841ms (cache miss)
3152 http fetch GET 200 https://registry.npmjs.org/csstype/-/csstype-3.2.3.tgz 2843ms (cache miss)
3153 http fetch GET 200 https://registry.npmjs.org/csso/-/csso-5.0.5.tgz 2847ms (cache miss)
3154 http fetch GET 200 https://registry.npmjs.org/cssnano-preset-default/-/cssnano-preset-default-6.1.2.tgz 2857ms (cache miss)
3155 http fetch GET 200 https://registry.npmjs.org/cssdb/-/cssdb-8.9.0.tgz 2856ms (cache miss)
3156 http fetch GET 200 https://registry.npmjs.org/css-prefers-color-scheme/-/css-prefers-color-scheme-10.0.0.tgz 2856ms (cache miss)
3157 http fetch GET 200 https://registry.npmjs.org/css-minimizer-webpack-plugin/-/css-minimizer-webpack-plugin-5.0.1.tgz 2862ms (cache miss)
3158 http fetch GET 200 https://registry.npmjs.org/cssesc/-/cssesc-3.0.0.tgz 2870ms (cache miss)
3159 http fetch GET 200 https://registry.npmjs.org/css-has-pseudo/-/css-has-pseudo-7.0.3.tgz 2880ms (cache miss)
3160 http fetch GET 200 https://registry.npmjs.org/css-loader/-/css-loader-6.11.0.tgz 2882ms (cache miss)
3161 http fetch GET 200 https://registry.npmjs.org/css-declaration-sorter/-/css-declaration-sorter-7.4.0.tgz 2882ms (cache miss)
3162 http fetch GET 200 https://registry.npmjs.org/css-blank-pseudo/-/css-blank-pseudo-7.0.1.tgz 2890ms (cache miss)
3163 http fetch GET 200 https://registry.npmjs.org/deepmerge/-/deepmerge-4.3.1.tgz 2892ms (cache miss)
3164 http fetch GET 200 https://registry.npmjs.org/crypto-random-string/-/crypto-random-string-4.0.0.tgz 2891ms (cache miss)
3165 http fetch GET 200 https://registry.npmjs.org/core-util-is/-/core-util-is-1.0.3.tgz 2891ms (cache miss)
3166 http fetch GET 200 https://registry.npmjs.org/css-what/-/css-what-6.2.2.tgz 2892ms (cache miss)
3167 http fetch GET 200 https://registry.npmjs.org/cosmiconfig/-/cosmiconfig-8.3.6.tgz 2892ms (cache miss)
3168 http fetch GET 200 https://registry.npmjs.org/css-select/-/css-select-5.2.2.tgz 2910ms (cache miss)
3169 http fetch GET 200 https://registry.npmjs.org/css-tree/-/css-tree-2.3.1.tgz 2947ms (cache miss)
3170 http fetch GET 200 https://registry.npmjs.org/convert-source-map/-/convert-source-map-2.0.0.tgz 2994ms (cache miss)
3171 http fetch GET 200 https://registry.npmjs.org/copy-text-to-clipboard/-/copy-text-to-clipboard-3.2.2.tgz 2995ms (cache miss)
3172 http fetch GET 200 https://registry.npmjs.org/cookie-signature/-/cookie-signature-1.0.7.tgz 2994ms (cache miss)
3173 http fetch GET 200 https://registry.npmjs.org/cookie/-/cookie-0.7.2.tgz 2994ms (cache miss)
3174 http fetch GET 200 https://registry.npmjs.org/content-type/-/content-type-1.0.5.tgz 2994ms (cache miss)
3175 http fetch GET 200 https://registry.npmjs.org/compression/-/compression-1.8.1.tgz 2994ms (cache miss)
3176 http fetch GET 200 https://registry.npmjs.org/content-disposition/-/content-disposition-0.5.2.tgz 2995ms (cache miss)
3177 http fetch GET 200 https://registry.npmjs.org/compressible/-/compressible-2.0.18.tgz 2994ms (cache miss)
3178 http fetch GET 200 https://registry.npmjs.org/config-chain/-/config-chain-1.1.13.tgz 2994ms (cache miss)
3179 http fetch GET 200 https://registry.npmjs.org/concat-map/-/concat-map-0.0.1.tgz 2995ms (cache miss)
3180 http fetch GET 200 https://registry.npmjs.org/configstore/-/configstore-6.0.0.tgz 2994ms (cache miss)
3181 http fetch GET 200 https://registry.npmjs.org/connect-history-api-fallback/-/connect-history-api-fallback-2.0.0.tgz 2995ms (cache miss)
3182 http fetch GET 200 https://registry.npmjs.org/copy-webpack-plugin/-/copy-webpack-plugin-11.0.0.tgz 2996ms (cache miss)
3183 http fetch GET 200 https://registry.npmjs.org/core-js-compat/-/core-js-compat-3.50.0.tgz 2998ms (cache miss)
3184 http fetch GET 200 https://registry.npmjs.org/colorette/-/colorette-2.0.20.tgz 3027ms (cache miss)
3185 http fetch GET 200 https://registry.npmjs.org/cli-table3/-/cli-table3-0.6.5.tgz 3028ms (cache miss)
3186 http fetch GET 200 https://registry.npmjs.org/common-path-prefix/-/common-path-prefix-3.0.0.tgz 3029ms (cache miss)
3187 http fetch GET 200 https://registry.npmjs.org/clone-deep/-/clone-deep-4.0.1.tgz 3029ms (cache miss)
3188 http fetch GET 200 https://registry.npmjs.org/commander/-/commander-5.1.0.tgz 3029ms (cache miss)
3189 http fetch GET 200 https://registry.npmjs.org/combine-promises/-/combine-promises-1.2.0.tgz 3029ms (cache miss)
3190 http fetch GET 200 https://registry.npmjs.org/comma-separated-tokens/-/comma-separated-tokens-2.0.3.tgz 3038ms (cache miss)
3191 http fetch GET 200 https://registry.npmjs.org/clean-stack/-/clean-stack-2.2.0.tgz 3039ms (cache miss)
3192 http fetch GET 200 https://registry.npmjs.org/clsx/-/clsx-2.1.1.tgz 3038ms (cache miss)
3193 http fetch GET 200 https://registry.npmjs.org/colord/-/colord-2.9.3.tgz 3041ms (cache miss)
3194 http fetch GET 200 https://registry.npmjs.org/consola/-/consola-3.4.2.tgz 3041ms (cache miss)
3195 http fetch GET 200 https://registry.npmjs.org/ci-info/-/ci-info-3.9.0.tgz 3043ms (cache miss)
3196 http fetch GET 200 https://registry.npmjs.org/collapse-white-space/-/collapse-white-space-2.1.0.tgz 3044ms (cache miss)
3197 http fetch GET 200 https://registry.npmjs.org/cli-boxes/-/cli-boxes-3.0.0.tgz 3045ms (cache miss)
3198 http fetch GET 200 https://registry.npmjs.org/chokidar/-/chokidar-3.6.0.tgz 3062ms (cache miss)
3199 http fetch GET 200 https://registry.npmjs.org/cheerio-select/-/cheerio-select-2.1.0.tgz 3064ms (cache miss)
3200 http fetch GET 200 https://registry.npmjs.org/character-entities-html4/-/character-entities-html4-2.1.0.tgz 3069ms (cache miss)
3201 http fetch GET 200 https://registry.npmjs.org/chrome-trace-event/-/chrome-trace-event-1.0.4.tgz 3070ms (cache miss)
3202 http fetch GET 200 https://registry.npmjs.org/clean-css/-/clean-css-5.3.3.tgz 3071ms (cache miss)
3203 http fetch GET 200 https://registry.npmjs.org/chalk/-/chalk-4.1.2.tgz 3070ms (cache miss)
3204 http fetch GET 200 https://registry.npmjs.org/character-reference-invalid/-/character-reference-invalid-2.0.1.tgz 3076ms (cache miss)
3205 http fetch GET 200 https://registry.npmjs.org/char-regex/-/char-regex-1.0.2.tgz 3088ms (cache miss)
3206 http fetch GET 200 https://registry.npmjs.org/camelcase/-/camelcase-6.3.0.tgz 3088ms (cache miss)
3207 http fetch GET 200 https://registry.npmjs.org/character-entities-legacy/-/character-entities-legacy-3.0.0.tgz 3090ms (cache miss)
3208 http fetch GET 200 https://registry.npmjs.org/camel-case/-/camel-case-4.1.2.tgz 3089ms (cache miss)
3209 http fetch GET 200 https://registry.npmjs.org/caniuse-api/-/caniuse-api-3.0.0.tgz 3089ms (cache miss)
3210 http fetch GET 200 https://registry.npmjs.org/character-entities/-/character-entities-2.0.2.tgz 3096ms (cache miss)
3211 http fetch GET 200 https://registry.npmjs.org/callsites/-/callsites-3.1.0.tgz 3100ms (cache miss)
3212 http fetch GET 200 https://registry.npmjs.org/call-bound/-/call-bound-1.0.4.tgz 3100ms (cache miss)
3213 http fetch GET 200 https://registry.npmjs.org/call-bind-apply-helpers/-/call-bind-apply-helpers-1.0.2.tgz 3102ms (cache miss)
3214 http fetch GET 200 https://registry.npmjs.org/ccount/-/ccount-2.0.1.tgz 3107ms (cache miss)
3215 http fetch GET 200 https://registry.npmjs.org/bundle-name/-/bundle-name-4.1.0.tgz 3110ms (cache miss)
3216 http fetch GET 200 https://registry.npmjs.org/cacheable-request/-/cacheable-request-10.2.14.tgz 3121ms (cache miss)
3217 http fetch GET 200 https://registry.npmjs.org/bytes/-/bytes-3.0.0.tgz 3121ms (cache miss)
3218 http fetch GET 200 https://registry.npmjs.org/cacheable-lookup/-/cacheable-lookup-7.0.0.tgz 3121ms (cache miss)
3219 http fetch GET 200 https://registry.npmjs.org/browserslist/-/browserslist-4.28.7.tgz 3119ms (cache miss)
3220 http fetch GET 200 https://registry.npmjs.org/braces/-/braces-3.0.3.tgz 3122ms (cache miss)
3221 http fetch GET 200 https://registry.npmjs.org/buffer-from/-/buffer-from-1.1.2.tgz 3126ms (cache miss)
3222 http fetch GET 200 https://registry.npmjs.org/cheerio/-/cheerio-1.0.0-rc.12.tgz 3133ms (cache miss)
3223 http fetch GET 200 https://registry.npmjs.org/boolbase/-/boolbase-1.0.0.tgz 3137ms (cache miss)
3224 http fetch GET 200 https://registry.npmjs.org/boxen/-/boxen-6.2.1.tgz 3139ms (cache miss)
3225 http fetch GET 200 https://registry.npmjs.org/brace-expansion/-/brace-expansion-1.1.18.tgz 3138ms (cache miss)
3226 http fetch GET 200 https://registry.npmjs.org/bonjour-service/-/bonjour-service-1.4.4.tgz 3150ms (cache miss)
3227 http fetch GET 200 https://registry.npmjs.org/big.js/-/big.js-5.2.2.tgz 3151ms (cache miss)
3228 http fetch GET 200 https://registry.npmjs.org/body-parser/-/body-parser-1.20.6.tgz 3159ms (cache miss)
3229 http fetch GET 200 https://registry.npmjs.org/binary-extensions/-/binary-extensions-2.3.0.tgz 3163ms (cache miss)
3230 http fetch GET 200 https://registry.npmjs.org/babel-plugin-polyfill-regenerator/-/babel-plugin-polyfill-regenerator-0.6.8.tgz 3163ms (cache miss)
3231 http fetch GET 200 https://registry.npmjs.org/bail/-/bail-2.0.2.tgz 3162ms (cache miss)
3232 http fetch GET 200 https://registry.npmjs.org/call-bind/-/call-bind-1.0.9.tgz 3163ms (cache miss)
3233 http fetch GET 200 https://registry.npmjs.org/baseline-browser-mapping/-/baseline-browser-mapping-2.11.12.tgz 3166ms (cache miss)
3234 http fetch GET 200 https://registry.npmjs.org/batch/-/batch-0.6.1.tgz 3168ms (cache miss)
3235 http fetch GET 200 https://registry.npmjs.org/babel-plugin-polyfill-corejs2/-/babel-plugin-polyfill-corejs2-0.4.17.tgz 3168ms (cache miss)
3236 http fetch GET 200 https://registry.npmjs.org/bytestreamjs/-/bytestreamjs-2.0.1.tgz 3184ms (cache miss)
3237 http fetch GET 200 https://registry.npmjs.org/babel-plugin-dynamic-import-node/-/babel-plugin-dynamic-import-node-2.3.3.tgz 3180ms (cache miss)
3238 http fetch GET 200 https://registry.npmjs.org/babel-plugin-polyfill-corejs3/-/babel-plugin-polyfill-corejs3-0.13.0.tgz 3180ms (cache miss)
3239 http fetch GET 200 https://registry.npmjs.org/asn1js/-/asn1js-3.0.10.tgz 3185ms (cache miss)
3240 http fetch GET 200 https://registry.npmjs.org/babel-loader/-/babel-loader-9.2.1.tgz 3191ms (cache miss)
3241 http fetch GET 200 https://registry.npmjs.org/array-flatten/-/array-flatten-1.1.1.tgz 3195ms (cache miss)
3242 http fetch GET 200 https://registry.npmjs.org/ansis/-/ansis-3.17.0.tgz 3197ms (cache miss)
3243 http fetch GET 200 https://registry.npmjs.org/array-union/-/array-union-2.1.0.tgz 3199ms (cache miss)
3244 http fetch GET 200 https://registry.npmjs.org/ansi-align/-/ansi-align-3.0.1.tgz 3207ms (cache miss)
3245 http fetch GET 200 https://registry.npmjs.org/ansi-html-community/-/ansi-html-community-0.0.8.tgz 3209ms (cache miss)
3246 http fetch GET 200 https://registry.npmjs.org/anymatch/-/anymatch-3.1.3.tgz 3209ms (cache miss)
3247 http fetch GET 200 https://registry.npmjs.org/arg/-/arg-5.0.2.tgz 3212ms (cache miss)
3248 http fetch GET 200 https://registry.npmjs.org/astring/-/astring-1.9.0.tgz 3212ms (cache miss)
3249 http fetch GET 200 https://registry.npmjs.org/aggregate-error/-/aggregate-error-3.1.0.tgz 3228ms (cache miss)
3250 http fetch GET 200 https://registry.npmjs.org/ajv-formats/-/ajv-formats-2.1.1.tgz 3232ms (cache miss)
3251 http fetch GET 200 https://registry.npmjs.org/address/-/address-2.0.3.tgz 3252ms (cache miss)
3252 http fetch GET 200 https://registry.npmjs.org/acorn-import-phases/-/acorn-import-phases-1.0.4.tgz 3253ms (cache miss)
3253 http fetch GET 200 https://registry.npmjs.org/autoprefixer/-/autoprefixer-10.5.4.tgz 3256ms (cache miss)
3254 http fetch GET 200 https://registry.npmjs.org/acorn-jsx/-/acorn-jsx-5.3.2.tgz 3269ms (cache miss)
3255 http fetch GET 200 https://registry.npmjs.org/algoliasearch-helper/-/algoliasearch-helper-3.29.3.tgz 3270ms (cache miss)
3256 http fetch GET 200 https://registry.npmjs.org/acorn-walk/-/acorn-walk-8.3.5.tgz 3268ms (cache miss)
3257 http fetch GET 200 https://registry.npmjs.org/@webassemblyjs/wasm-parser/-/wasm-parser-1.14.1.tgz 3269ms (cache miss)
3258 http fetch GET 200 https://registry.npmjs.org/accepts/-/accepts-1.3.8.tgz 3277ms (cache miss)
3259 http fetch GET 200 https://registry.npmjs.org/acorn/-/acorn-8.17.0.tgz 3278ms (cache miss)
3260 http fetch GET 200 https://registry.npmjs.org/@xtuc/long/-/long-4.2.2.tgz 3278ms (cache miss)
3261 http fetch GET 200 https://registry.npmjs.org/@webassemblyjs/wasm-opt/-/wasm-opt-1.14.1.tgz 3277ms (cache miss)
3262 http fetch GET 200 https://registry.npmjs.org/algoliasearch/-/algoliasearch-5.56.0.tgz 3282ms (cache miss)
3263 http fetch GET 200 https://registry.npmjs.org/@webassemblyjs/wast-printer/-/wast-printer-1.14.1.tgz 3283ms (cache miss)
3264 http fetch GET 200 https://registry.npmjs.org/@xtuc/ieee754/-/ieee754-1.2.0.tgz 3284ms (cache miss)
3265 http fetch GET 200 https://registry.npmjs.org/@webassemblyjs/wasm-gen/-/wasm-gen-1.14.1.tgz 3287ms (cache miss)
3266 http fetch GET 200 https://registry.npmjs.org/@webassemblyjs/leb128/-/leb128-1.13.2.tgz 3290ms (cache miss)
3267 http fetch GET 200 https://registry.npmjs.org/@webassemblyjs/helper-wasm-section/-/helper-wasm-section-1.14.1.tgz 3291ms (cache miss)
3268 http fetch GET 200 https://registry.npmjs.org/@webassemblyjs/ieee754/-/ieee754-1.13.2.tgz 3292ms (cache miss)
3269 http fetch GET 200 https://registry.npmjs.org/@webassemblyjs/wasm-edit/-/wasm-edit-1.14.1.tgz 3303ms (cache miss)
3270 http fetch GET 200 https://registry.npmjs.org/@webassemblyjs/utf8/-/utf8-1.13.2.tgz 3308ms (cache miss)
3271 http fetch GET 200 https://registry.npmjs.org/@webassemblyjs/helper-buffer/-/helper-buffer-1.14.1.tgz 3309ms (cache miss)
3272 http fetch GET 200 https://registry.npmjs.org/@webassemblyjs/floating-point-hex-parser/-/floating-point-hex-parser-1.13.2.tgz 3315ms (cache miss)
3273 http fetch GET 200 https://registry.npmjs.org/ajv-keywords/-/ajv-keywords-5.1.0.tgz 3321ms (cache miss)
3274 http fetch GET 200 https://registry.npmjs.org/@webassemblyjs/helper-numbers/-/helper-numbers-1.13.2.tgz 3324ms (cache miss)
3275 http fetch GET 200 https://registry.npmjs.org/@ungap/structured-clone/-/structured-clone-1.3.3.tgz 3334ms (cache miss)
3276 http fetch GET 200 https://registry.npmjs.org/@types/unist/-/unist-3.0.3.tgz 3335ms (cache miss)
3277 http fetch GET 200 https://registry.npmjs.org/@types/yargs/-/yargs-17.0.35.tgz 3335ms (cache miss)
3278 http fetch GET 200 https://registry.npmjs.org/@types/serve-static/-/serve-static-1.15.10.tgz 3336ms (cache miss)
3279 http fetch GET 200 https://registry.npmjs.org/@types/serve-index/-/serve-index-1.9.4.tgz 3341ms (cache miss)
3280 http fetch GET 200 https://registry.npmjs.org/@types/ws/-/ws-8.18.1.tgz 3341ms (cache miss)
3281 http fetch GET 200 https://registry.npmjs.org/@types/yargs-parser/-/yargs-parser-21.0.3.tgz 3341ms (cache miss)
3282 http fetch GET 200 https://registry.npmjs.org/@webassemblyjs/ast/-/ast-1.14.1.tgz 3344ms (cache miss)
3283 http fetch GET 200 https://registry.npmjs.org/@types/sockjs/-/sockjs-0.3.36.tgz 3351ms (cache miss)
3284 http fetch GET 200 https://registry.npmjs.org/@types/retry/-/retry-0.12.2.tgz 3357ms (cache miss)
3285 http fetch GET 200 https://registry.npmjs.org/@webassemblyjs/helper-wasm-bytecode/-/helper-wasm-bytecode-1.13.2.tgz 3357ms (cache miss)
3286 http fetch GET 200 https://registry.npmjs.org/@webassemblyjs/helper-api-error/-/helper-api-error-1.13.2.tgz 3359ms (cache miss)
3287 http fetch GET 200 https://registry.npmjs.org/@types/sax/-/sax-1.2.7.tgz 3359ms (cache miss)
3288 http fetch GET 200 https://registry.npmjs.org/@types/send/-/send-1.2.1.tgz 3368ms (cache miss)
3289 http fetch GET 200 https://registry.npmjs.org/@types/react-router/-/react-router-5.1.20.tgz 3374ms (cache miss)
3290 http fetch GET 200 https://registry.npmjs.org/@types/react-router-dom/-/react-router-dom-5.3.3.tgz 3379ms (cache miss)
3291 http fetch GET 200 https://registry.npmjs.org/caniuse-lite/-/caniuse-lite-1.0.30001806.tgz 3408ms (cache miss)
3292 http fetch GET 200 https://registry.npmjs.org/@types/range-parser/-/range-parser-1.2.7.tgz 3400ms (cache miss)
3293 http fetch GET 200 https://registry.npmjs.org/@types/react/-/react-19.2.17.tgz 3401ms (cache miss)
3294 http fetch GET 200 https://registry.npmjs.org/@types/prismjs/-/prismjs-1.26.6.tgz 3400ms (cache miss)
3295 http fetch GET 200 https://registry.npmjs.org/@types/mime/-/mime-1.3.5.tgz 3400ms (cache miss)
3296 http fetch GET 200 https://registry.npmjs.org/@types/mdast/-/mdast-4.0.4.tgz 3402ms (cache miss)
3297 http fetch GET 200 https://registry.npmjs.org/@types/json-schema/-/json-schema-7.0.15.tgz 3402ms (cache miss)
3298 http fetch GET 200 https://registry.npmjs.org/ajv/-/ajv-8.20.0.tgz 3429ms (cache miss)
3299 http fetch GET 200 https://registry.npmjs.org/@types/mdx/-/mdx-2.0.14.tgz 3495ms (cache miss)
3300 http fetch GET 200 https://registry.npmjs.org/@types/ms/-/ms-2.1.0.tgz 3495ms (cache miss)
3301 http fetch GET 200 https://registry.npmjs.org/@types/react-router-config/-/react-router-config-5.0.11.tgz 3496ms (cache miss)
3302 http fetch GET 200 https://registry.npmjs.org/@types/qs/-/qs-6.15.1.tgz 3495ms (cache miss)
3303 http fetch GET 200 https://registry.npmjs.org/@types/istanbul-reports/-/istanbul-reports-3.0.4.tgz 3495ms (cache miss)
3304 http fetch GET 200 https://registry.npmjs.org/@types/istanbul-lib-report/-/istanbul-lib-report-3.0.3.tgz 3494ms (cache miss)
3305 http fetch GET 200 https://registry.npmjs.org/@types/http-errors/-/http-errors-2.0.5.tgz 3494ms (cache miss)
3306 http fetch GET 200 https://registry.npmjs.org/@types/http-cache-semantics/-/http-cache-semantics-4.2.0.tgz 3494ms (cache miss)
3307 http fetch GET 200 https://registry.npmjs.org/@types/http-proxy/-/http-proxy-1.17.17.tgz 3494ms (cache miss)
3308 http fetch GET 200 https://registry.npmjs.org/@types/history/-/history-4.7.11.tgz 3494ms (cache miss)
3309 http fetch GET 200 https://registry.npmjs.org/@types/html-minifier-terser/-/html-minifier-terser-6.1.0.tgz 3525ms (cache miss)
3310 http fetch GET 200 https://registry.npmjs.org/@types/express-serve-static-core/-/express-serve-static-core-4.19.9.tgz 3526ms (cache miss)
3311 http fetch GET 200 https://registry.npmjs.org/@types/node/-/node-26.1.1.tgz 3542ms (cache miss)
3312 http fetch GET 200 https://registry.npmjs.org/@types/express/-/express-4.17.25.tgz 3540ms (cache miss)
3313 http fetch GET 200 https://registry.npmjs.org/@types/hast/-/hast-3.0.5.tgz 3541ms (cache miss)
3314 http fetch GET 200 https://registry.npmjs.org/@types/debug/-/debug-4.1.13.tgz 3540ms (cache miss)
3315 http fetch GET 200 https://registry.npmjs.org/@types/bonjour/-/bonjour-3.5.13.tgz 3540ms (cache miss)
3316 http fetch GET 200 https://registry.npmjs.org/@types/body-parser/-/body-parser-1.19.6.tgz 3541ms (cache miss)
3317 http fetch GET 200 https://registry.npmjs.org/@types/istanbul-lib-coverage/-/istanbul-lib-coverage-2.0.6.tgz 3541ms (cache miss)
3318 http fetch GET 200 https://registry.npmjs.org/@svgr/plugin-jsx/-/plugin-jsx-8.1.0.tgz 3548ms (cache miss)
3319 http fetch GET 200 https://registry.npmjs.org/@types/estree/-/estree-1.0.9.tgz 3549ms (cache miss)
3320 http fetch GET 200 https://registry.npmjs.org/@types/connect/-/connect-3.4.38.tgz 3550ms (cache miss)
3321 http fetch GET 200 https://registry.npmjs.org/@svgr/webpack/-/webpack-8.1.0.tgz 3551ms (cache miss)
3322 http fetch GET 200 https://registry.npmjs.org/@svgr/plugin-svgo/-/plugin-svgo-8.1.0.tgz 3551ms (cache miss)
3323 http fetch GET 200 https://registry.npmjs.org/@types/estree-jsx/-/estree-jsx-1.0.5.tgz 3566ms (cache miss)
3324 http fetch GET 200 https://registry.npmjs.org/@types/connect-history-api-fallback/-/connect-history-api-fallback-1.5.4.tgz 3566ms (cache miss)
3325 http fetch GET 200 https://registry.npmjs.org/@svgr/core/-/core-8.1.0.tgz 3573ms (cache miss)
3326 http fetch GET 200 https://registry.npmjs.org/@svgr/babel-plugin-svg-em-dimensions/-/babel-plugin-svg-em-dimensions-8.0.0.tgz 3589ms (cache miss)
3327 http fetch GET 200 https://registry.npmjs.org/@svgr/babel-plugin-replace-jsx-attribute-value/-/babel-plugin-replace-jsx-attribute-value-8.0.0.tgz 3590ms (cache miss)
3328 http fetch GET 200 https://registry.npmjs.org/@svgr/babel-plugin-svg-dynamic-title/-/babel-plugin-svg-dynamic-title-8.0.0.tgz 3590ms (cache miss)
3329 http fetch GET 200 https://registry.npmjs.org/@svgr/hast-util-to-babel-ast/-/hast-util-to-babel-ast-8.0.0.tgz 3590ms (cache miss)
3330 http fetch GET 200 https://registry.npmjs.org/@svgr/babel-plugin-remove-jsx-empty-expression/-/babel-plugin-remove-jsx-empty-expression-8.0.0.tgz 3599ms (cache miss)
3331 http fetch GET 200 https://registry.npmjs.org/@svgr/babel-plugin-transform-svg-component/-/babel-plugin-transform-svg-component-8.0.0.tgz 3604ms (cache miss)
3332 http fetch GET 200 https://registry.npmjs.org/@svgr/babel-plugin-transform-react-native-svg/-/babel-plugin-transform-react-native-svg-8.1.0.tgz 3605ms (cache miss)
3333 http fetch GET 200 https://registry.npmjs.org/@svgr/babel-plugin-remove-jsx-attribute/-/babel-plugin-remove-jsx-attribute-8.0.0.tgz 3605ms (cache miss)
3334 http fetch GET 200 https://registry.npmjs.org/@sindresorhus/is/-/is-4.6.0.tgz 3612ms (cache miss)
3335 http fetch GET 200 https://registry.npmjs.org/@svgr/babel-plugin-add-jsx-attribute/-/babel-plugin-add-jsx-attribute-8.0.0.tgz 3612ms (cache miss)
3336 http fetch GET 200 https://registry.npmjs.org/@sideway/pinpoint/-/pinpoint-2.0.0.tgz 3620ms (cache miss)
3337 http fetch GET 200 https://registry.npmjs.org/@sideway/formula/-/formula-3.0.1.tgz 3624ms (cache miss)
3338 http fetch GET 200 https://registry.npmjs.org/@svgr/babel-preset/-/babel-preset-8.1.0.tgz 3636ms (cache miss)
3339 http fetch GET 200 https://registry.npmjs.org/@sideway/address/-/address-4.1.5.tgz 3636ms (cache miss)
3340 http fetch GET 200 https://registry.npmjs.org/@pnpm/npm-conf/-/npm-conf-3.0.3.tgz 3638ms (cache miss)
3341 http fetch GET 200 https://registry.npmjs.org/@polka/url/-/url-1.0.0-next.29.tgz 3643ms (cache miss)
3342 http fetch GET 200 https://registry.npmjs.org/@sinclair/typebox/-/typebox-0.27.12.tgz 3646ms (cache miss)
3343 http fetch GET 200 https://registry.npmjs.org/@pnpm/network.ca-file/-/network.ca-file-1.0.2.tgz 3654ms (cache miss)
3344 http fetch GET 200 https://registry.npmjs.org/@szmarczak/http-timer/-/http-timer-5.0.1.tgz 3656ms (cache miss)
3345 http fetch GET 200 https://registry.npmjs.org/@pnpm/config.env-replace/-/config.env-replace-1.1.0.tgz 3658ms (cache miss)
3346 http fetch GET 200 https://registry.npmjs.org/@slorber/remark-comment/-/remark-comment-1.0.0.tgz 3672ms (cache miss)
3347 http fetch GET 200 https://registry.npmjs.org/@peculiar/utils/-/utils-2.0.3.tgz 3674ms (cache miss)
3348 http fetch GET 200 https://registry.npmjs.org/core-js/-/core-js-3.49.0.tgz 3708ms (cache miss)
3349 http fetch GET 200 https://registry.npmjs.org/@peculiar/asn1-pkcs9/-/asn1-pkcs9-2.8.0.tgz 3686ms (cache miss)
3350 http fetch GET 200 https://registry.npmjs.org/@peculiar/asn1-csr/-/asn1-csr-2.8.0.tgz 3700ms (cache miss)
3351 http fetch GET 200 https://registry.npmjs.org/@nodelib/fs.stat/-/fs.stat-2.0.5.tgz 3700ms (cache miss)
3352 http fetch GET 200 https://registry.npmjs.org/@nodelib/fs.walk/-/fs.walk-1.2.8.tgz 3717ms (cache miss)
3353 http fetch GET 200 https://registry.npmjs.org/@peculiar/asn1-ecc/-/asn1-ecc-2.8.0.tgz 3717ms (cache miss)
3354 http fetch GET 200 https://registry.npmjs.org/@peculiar/asn1-x509-attr/-/asn1-x509-attr-2.8.0.tgz 3720ms (cache miss)
3355 http fetch GET 200 https://registry.npmjs.org/@mdx-js/react/-/react-3.1.1.tgz 3719ms (cache miss)
3356 http fetch GET 200 https://registry.npmjs.org/@peculiar/asn1-rsa/-/asn1-rsa-2.8.0.tgz 3721ms (cache miss)
3357 http fetch GET 200 https://registry.npmjs.org/@peculiar/x509/-/x509-1.14.3.tgz 3723ms (cache miss)
3358 http fetch GET 200 https://registry.npmjs.org/@peculiar/asn1-pkcs8/-/asn1-pkcs8-2.8.0.tgz 3722ms (cache miss)
3359 http fetch GET 200 https://registry.npmjs.org/@peculiar/asn1-schema/-/asn1-schema-2.8.0.tgz 3726ms (cache miss)
3360 http fetch GET 200 https://registry.npmjs.org/@nodelib/fs.scandir/-/fs.scandir-2.1.5.tgz 3733ms (cache miss)
3361 http fetch GET 200 https://registry.npmjs.org/@peculiar/asn1-pfx/-/asn1-pfx-2.8.0.tgz 3734ms (cache miss)
3362 http fetch GET 200 https://registry.npmjs.org/@noble/hashes/-/hashes-1.4.0.tgz 3749ms (cache miss)
3363 http fetch GET 200 https://registry.npmjs.org/@mdx-js/mdx/-/mdx-3.1.1.tgz 3756ms (cache miss)
3364 http fetch GET 200 https://registry.npmjs.org/@peculiar/asn1-x509/-/asn1-x509-2.8.0.tgz 3760ms (cache miss)
3365 http fetch GET 200 https://registry.npmjs.org/@leichtgewicht/ip-codec/-/ip-codec-2.0.5.tgz 3765ms (cache miss)
3366 http fetch GET 200 https://registry.npmjs.org/@peculiar/asn1-cms/-/asn1-cms-2.8.0.tgz 3785ms (cache miss)
3367 http fetch GET 200 https://registry.npmjs.org/@jsonjoy.com/codegen/-/codegen-1.0.0.tgz 3811ms (cache miss)
3368 http fetch GET 200 https://registry.npmjs.org/@jridgewell/resolve-uri/-/resolve-uri-3.1.2.tgz 3812ms (cache miss)
3369 http fetch GET 200 https://registry.npmjs.org/@jsonjoy.com/json-pointer/-/json-pointer-1.0.2.tgz 3817ms (cache miss)
3370 http fetch GET 200 https://registry.npmjs.org/@jsonjoy.com/fs-snapshot/-/fs-snapshot-4.68.0.tgz 3823ms (cache miss)
3371 http fetch GET 200 https://registry.npmjs.org/@jridgewell/trace-mapping/-/trace-mapping-0.3.31.tgz 3823ms (cache miss)
3372 http fetch GET 200 https://registry.npmjs.org/@jsonjoy.com/util/-/util-1.9.0.tgz 3845ms (cache miss)
3373 http fetch GET 200 https://registry.npmjs.org/@jsonjoy.com/fs-node-utils/-/fs-node-utils-4.68.0.tgz 3860ms (cache miss)
3374 http fetch GET 200 https://registry.npmjs.org/@jsonjoy.com/fs-node-to-fsa/-/fs-node-to-fsa-4.68.0.tgz 3864ms (cache miss)
3375 http fetch GET 200 https://registry.npmjs.org/@jsonjoy.com/fs-fsa/-/fs-fsa-4.68.0.tgz 3864ms (cache miss)
3376 http fetch GET 200 https://registry.npmjs.org/@jridgewell/sourcemap-codec/-/sourcemap-codec-1.5.5.tgz 3864ms (cache miss)
3377 http fetch GET 200 https://registry.npmjs.org/@jridgewell/remapping/-/remapping-2.3.5.tgz 3865ms (cache miss)
3378 http fetch GET 200 https://registry.npmjs.org/@jest/types/-/types-29.6.3.tgz 3868ms (cache miss)
3379 http fetch GET 200 https://registry.npmjs.org/@jsonjoy.com/fs-node-builtins/-/fs-node-builtins-4.68.0.tgz 3869ms (cache miss)
3380 http fetch GET 200 https://registry.npmjs.org/@jsonjoy.com/fs-print/-/fs-print-4.68.0.tgz 3872ms (cache miss)
3381 http fetch GET 200 https://registry.npmjs.org/@jest/schemas/-/schemas-29.6.3.tgz 3875ms (cache miss)
3382 http fetch GET 200 https://registry.npmjs.org/@jsonjoy.com/fs-core/-/fs-core-4.68.0.tgz 3878ms (cache miss)
3383 http fetch GET 200 https://registry.npmjs.org/@jsonjoy.com/fs-node/-/fs-node-4.68.0.tgz 3885ms (cache miss)
3384 http fetch GET 200 https://registry.npmjs.org/@jsonjoy.com/buffers/-/buffers-17.67.0.tgz 3888ms (cache miss)
3385 http fetch GET 200 https://registry.npmjs.org/@jridgewell/source-map/-/source-map-0.3.11.tgz 3890ms (cache miss)
3386 http fetch GET 200 https://registry.npmjs.org/@hapi/hoek/-/hoek-9.3.0.tgz 3898ms (cache miss)
3387 http fetch GET 200 https://registry.npmjs.org/@hapi/topo/-/topo-5.1.0.tgz 3912ms (cache miss)
3388 http fetch GET 200 https://registry.npmjs.org/@jsonjoy.com/json-pack/-/json-pack-1.21.0.tgz 3949ms (cache miss)
3389 http fetch GET 200 https://registry.npmjs.org/@jsonjoy.com/base64/-/base64-1.1.2.tgz 4018ms (cache miss)
3390 http fetch GET 200 https://registry.npmjs.org/@docusaurus/plugin-svgr/-/plugin-svgr-3.10.2.tgz 4017ms (cache miss)
3391 http fetch GET 200 https://registry.npmjs.org/@docusaurus/preset-classic/-/preset-classic-3.10.2.tgz 4018ms (cache miss)
3392 http fetch GET 200 https://registry.npmjs.org/@docusaurus/types/-/types-3.10.2.tgz 4022ms (cache miss)
3393 http fetch GET 200 https://registry.npmjs.org/@docusaurus/utils-validation/-/utils-validation-3.10.2.tgz 4030ms (cache miss)
3394 http fetch GET 200 https://registry.npmjs.org/@docusaurus/plugin-sitemap/-/plugin-sitemap-3.10.2.tgz 4029ms (cache miss)
3395 http fetch GET 200 https://registry.npmjs.org/@jridgewell/gen-mapping/-/gen-mapping-0.3.13.tgz 4032ms (cache miss)
3396 http fetch GET 200 https://registry.npmjs.org/@docusaurus/theme-search-algolia/-/theme-search-algolia-3.10.2.tgz 4036ms (cache miss)
3397 http fetch GET 200 https://registry.npmjs.org/@docusaurus/plugin-google-analytics/-/plugin-google-analytics-3.10.2.tgz 4039ms (cache miss)
3398 http fetch GET 200 https://registry.npmjs.org/@docusaurus/utils/-/utils-3.10.2.tgz 4065ms (cache miss)
3399 http fetch GET 200 https://registry.npmjs.org/@docusaurus/plugin-google-gtag/-/plugin-google-gtag-3.10.2.tgz 4067ms (cache miss)
3400 http fetch GET 200 https://registry.npmjs.org/@docusaurus/module-type-aliases/-/module-type-aliases-3.10.2.tgz 4071ms (cache miss)
3401 http fetch GET 200 https://registry.npmjs.org/@docusaurus/plugin-google-tag-manager/-/plugin-google-tag-manager-3.10.2.tgz 4075ms (cache miss)
3402 http fetch GET 200 https://registry.npmjs.org/@docusaurus/logger/-/logger-3.10.2.tgz 4074ms (cache miss)
3403 http fetch GET 200 https://registry.npmjs.org/@docusaurus/cssnano-preset/-/cssnano-preset-3.10.2.tgz 4077ms (cache miss)
3404 http fetch GET 200 https://registry.npmjs.org/@docusaurus/plugin-content-blog/-/plugin-content-blog-3.10.2.tgz 4087ms (cache miss)
3405 http fetch GET 200 https://registry.npmjs.org/@docusaurus/theme-translations/-/theme-translations-3.10.2.tgz 4089ms (cache miss)
3406 http fetch GET 200 https://registry.npmjs.org/@docusaurus/utils-common/-/utils-common-3.10.2.tgz 4095ms (cache miss)
3407 http fetch GET 200 https://registry.npmjs.org/@docusaurus/plugin-css-cascade-layers/-/plugin-css-cascade-layers-3.10.2.tgz 4115ms (cache miss)
3408 http fetch GET 200 https://registry.npmjs.org/@docusaurus/bundler/-/bundler-3.10.2.tgz 4118ms (cache miss)
3409 http fetch GET 200 https://registry.npmjs.org/@docusaurus/plugin-debug/-/plugin-debug-3.10.2.tgz 4128ms (cache miss)
3410 http fetch GET 200 https://registry.npmjs.org/@docusaurus/theme-common/-/theme-common-3.10.2.tgz 4145ms (cache miss)
3411 http fetch GET 200 https://registry.npmjs.org/@docusaurus/plugin-content-pages/-/plugin-content-pages-3.10.2.tgz 4146ms (cache miss)
3412 http fetch GET 200 https://registry.npmjs.org/@csstools/selector-resolve-nested/-/selector-resolve-nested-3.1.0.tgz 4149ms (cache miss)
3413 http fetch GET 200 https://registry.npmjs.org/@csstools/postcss-unset-value/-/postcss-unset-value-4.0.0.tgz 4149ms (cache miss)
3414 http fetch GET 200 https://registry.npmjs.org/@csstools/postcss-trigonometric-functions/-/postcss-trigonometric-functions-4.0.9.tgz 4154ms (cache miss)
3415 http fetch GET 200 https://registry.npmjs.org/@docusaurus/plugin-content-docs/-/plugin-content-docs-3.10.2.tgz 4156ms (cache miss)
3416 http fetch GET 200 https://registry.npmjs.org/@csstools/selector-specificity/-/selector-specificity-5.0.0.tgz 4154ms (cache miss)
3417 http fetch GET 200 https://registry.npmjs.org/@discoveryjs/json-ext/-/json-ext-0.5.7.tgz 4168ms (cache miss)
3418 http fetch GET 200 https://registry.npmjs.org/@csstools/utilities/-/utilities-2.0.0.tgz 4173ms (cache miss)
3419 http fetch GET 200 https://registry.npmjs.org/@csstools/postcss-system-ui-font-family/-/postcss-system-ui-font-family-1.0.0.tgz 4180ms (cache miss)
3420 http fetch GET 200 https://registry.npmjs.org/@csstools/postcss-stepped-value-functions/-/postcss-stepped-value-functions-4.0.9.tgz 4187ms (cache miss)
3421 http fetch GET 200 https://registry.npmjs.org/@docsearch/css/-/css-4.7.0.tgz 4190ms (cache miss)
3422 http fetch GET 200 https://registry.npmjs.org/@csstools/postcss-scope-pseudo-class/-/postcss-scope-pseudo-class-4.0.1.tgz 4190ms (cache miss)
3423 http fetch GET 200 https://registry.npmjs.org/@docusaurus/core/-/core-3.10.2.tgz 4201ms (cache miss)
3424 http fetch GET 200 https://registry.npmjs.org/@docsearch/react/-/react-4.7.0.tgz 4202ms (cache miss)
3425 http fetch GET 200 https://registry.npmjs.org/@csstools/postcss-random-function/-/postcss-random-function-2.0.1.tgz 4204ms (cache miss)
3426 http fetch GET 200 https://registry.npmjs.org/@docusaurus/babel/-/babel-3.10.2.tgz 4206ms (cache miss)
3427 http fetch GET 200 https://registry.npmjs.org/@csstools/postcss-sign-functions/-/postcss-sign-functions-1.1.4.tgz 4219ms (cache miss)
3428 http fetch GET 200 https://registry.npmjs.org/@docsearch/core/-/core-4.7.0.tgz 4229ms (cache miss)
3429 http fetch GET 200 https://registry.npmjs.org/@csstools/postcss-progressive-custom-properties/-/postcss-progressive-custom-properties-4.2.1.tgz 4240ms (cache miss)
3430 http fetch GET 200 https://registry.npmjs.org/@csstools/postcss-relative-color-syntax/-/postcss-relative-color-syntax-3.0.12.tgz 4241ms (cache miss)
3431 http fetch GET 200 https://registry.npmjs.org/@csstools/postcss-nested-calc/-/postcss-nested-calc-4.0.0.tgz 4241ms (cache miss)
3432 http fetch GET 200 https://registry.npmjs.org/@csstools/postcss-media-minmax/-/postcss-media-minmax-2.0.9.tgz 4243ms (cache miss)
3433 http fetch GET 200 https://registry.npmjs.org/@csstools/postcss-media-queries-aspect-ratio-number-values/-/postcss-media-queries-aspect-ratio-number-values-3.0.5.tgz 4250ms (cache miss)
3434 http fetch GET 200 https://registry.npmjs.org/@csstools/postcss-logical-viewport-units/-/postcss-logical-viewport-units-3.0.4.tgz 4260ms (cache miss)
3435 http fetch GET 200 https://registry.npmjs.org/@csstools/postcss-logical-resize/-/postcss-logical-resize-3.0.0.tgz 4263ms (cache miss)
3436 http fetch GET 200 https://registry.npmjs.org/@docusaurus/mdx-loader/-/mdx-loader-3.10.2.tgz 4268ms (cache miss)
3437 http fetch GET 200 https://registry.npmjs.org/@csstools/postcss-oklab-function/-/postcss-oklab-function-4.0.12.tgz 4271ms (cache miss)
3438 http fetch GET 200 https://registry.npmjs.org/@csstools/postcss-logical-float-and-clear/-/postcss-logical-float-and-clear-3.0.0.tgz 4274ms (cache miss)
3439 http fetch GET 200 https://registry.npmjs.org/@csstools/postcss-text-decoration-shorthand/-/postcss-text-decoration-shorthand-4.0.3.tgz 4279ms (cache miss)
3440 http fetch GET 200 https://registry.npmjs.org/@csstools/postcss-syntax-descriptor-syntax-production/-/postcss-syntax-descriptor-syntax-production-1.0.1.tgz 4284ms (cache miss)
3441 http fetch GET 200 https://registry.npmjs.org/@csstools/postcss-logical-overscroll-behavior/-/postcss-logical-overscroll-behavior-2.0.0.tgz 4286ms (cache miss)
3442 http fetch GET 200 https://registry.npmjs.org/@csstools/postcss-property-rule-prelude-list/-/postcss-property-rule-prelude-list-1.0.0.tgz 4289ms (cache miss)
3443 http fetch GET 200 https://registry.npmjs.org/@csstools/postcss-gradients-interpolation-method/-/postcss-gradients-interpolation-method-5.0.12.tgz 4294ms (cache miss)
3444 http fetch GET 200 https://registry.npmjs.org/@csstools/postcss-is-pseudo-class/-/postcss-is-pseudo-class-5.0.3.tgz 4294ms (cache miss)
3445 http fetch GET 200 https://registry.npmjs.org/@docusaurus/theme-classic/-/theme-classic-3.10.2.tgz 4307ms (cache miss)
3446 http fetch GET 200 https://registry.npmjs.org/@csstools/postcss-normalize-display-values/-/postcss-normalize-display-values-4.0.1.tgz 4314ms (cache miss)
3447 http fetch GET 200 https://registry.npmjs.org/@csstools/postcss-position-area-property/-/postcss-position-area-property-1.0.0.tgz 4320ms (cache miss)
3448 http fetch GET 200 https://registry.npmjs.org/@csstools/postcss-hwb-function/-/postcss-hwb-function-4.0.12.tgz 4325ms (cache miss)
3449 http fetch GET 200 https://registry.npmjs.org/@csstools/postcss-logical-overflow/-/postcss-logical-overflow-2.0.0.tgz 4327ms (cache miss)
3450 http fetch GET 200 https://registry.npmjs.org/@csstools/postcss-font-format-keywords/-/postcss-font-format-keywords-4.0.0.tgz 4327ms (cache miss)
3451 http fetch GET 200 https://registry.npmjs.org/@csstools/postcss-contrast-color-function/-/postcss-contrast-color-function-2.0.12.tgz 4331ms (cache miss)
3452 http fetch GET 200 https://registry.npmjs.org/@csstools/postcss-initial/-/postcss-initial-2.0.1.tgz 4337ms (cache miss)
3453 http fetch GET 200 https://registry.npmjs.org/@csstools/postcss-light-dark-function/-/postcss-light-dark-function-2.0.11.tgz 4344ms (cache miss)
3454 http fetch GET 200 https://registry.npmjs.org/@csstools/postcss-cascade-layers/-/postcss-cascade-layers-5.0.2.tgz 4355ms (cache miss)
3455 http fetch GET 200 https://registry.npmjs.org/@csstools/postcss-color-mix-variadic-function-arguments/-/postcss-color-mix-variadic-function-arguments-1.0.2.tgz 4356ms (cache miss)
3456 http fetch GET 200 https://registry.npmjs.org/@csstools/postcss-color-function-display-p3-linear/-/postcss-color-function-display-p3-linear-1.0.1.tgz 4356ms (cache miss)
3457 http fetch GET 200 https://registry.npmjs.org/@csstools/postcss-ic-unit/-/postcss-ic-unit-4.0.4.tgz 4374ms (cache miss)
3458 http fetch GET 200 https://registry.npmjs.org/@csstools/css-tokenizer/-/css-tokenizer-3.0.4.tgz 4383ms (cache miss)
3459 http fetch GET 200 https://registry.npmjs.org/@csstools/css-calc/-/css-calc-2.1.4.tgz 4386ms (cache miss)
3460 http fetch GET 200 https://registry.npmjs.org/@csstools/css-parser-algorithms/-/css-parser-algorithms-3.0.5.tgz 4385ms (cache miss)
3461 http fetch GET 200 https://registry.npmjs.org/@csstools/postcss-gamut-mapping/-/postcss-gamut-mapping-2.0.11.tgz 4393ms (cache miss)
3462 http fetch GET 200 https://registry.npmjs.org/@csstools/postcss-content-alt-text/-/postcss-content-alt-text-2.0.8.tgz 4397ms (cache miss)
3463 http fetch GET 200 https://registry.npmjs.org/@csstools/color-helpers/-/color-helpers-5.1.0.tgz 4395ms (cache miss)
3464 http fetch GET 200 https://registry.npmjs.org/@csstools/postcss-color-mix-function/-/postcss-color-mix-function-3.0.12.tgz 4400ms (cache miss)
3465 http fetch GET 200 https://registry.npmjs.org/@csstools/css-color-parser/-/css-color-parser-3.1.0.tgz 4409ms (cache miss)
3466 http fetch GET 200 https://registry.npmjs.org/@babel/template/-/template-7.29.7.tgz 4420ms (cache miss)
3467 http fetch GET 200 https://registry.npmjs.org/@babel/preset-react/-/preset-react-7.29.7.tgz 4537ms (cache miss)
3468 http fetch GET 200 https://registry.npmjs.org/@csstools/cascade-layer-name-parser/-/cascade-layer-name-parser-2.0.5.tgz 4537ms (cache miss)
3469 http fetch GET 200 https://registry.npmjs.org/@babel/preset-typescript/-/preset-typescript-7.29.7.tgz 4536ms (cache miss)
3470 http fetch GET 200 https://registry.npmjs.org/@csstools/postcss-color-function/-/postcss-color-function-4.0.12.tgz 4538ms (cache miss)
3471 http fetch GET 200 https://registry.npmjs.org/@csstools/postcss-alpha-function/-/postcss-alpha-function-1.0.1.tgz 4538ms (cache miss)
3472 http fetch GET 200 https://registry.npmjs.org/@colors/colors/-/colors-1.5.0.tgz 4537ms (cache miss)
3473 http fetch GET 200 https://registry.npmjs.org/@csstools/postcss-exponential-functions/-/postcss-exponential-functions-2.0.9.tgz 4538ms (cache miss)
3474 http fetch GET 200 https://registry.npmjs.org/@babel/plugin-transform-unicode-property-regex/-/plugin-transform-unicode-property-regex-7.29.7.tgz 4537ms (cache miss)
3475 http fetch GET 200 https://registry.npmjs.org/@babel/plugin-transform-unicode-regex/-/plugin-transform-unicode-regex-7.29.7.tgz 4537ms (cache miss)
3476 http fetch GET 200 https://registry.npmjs.org/@csstools/media-query-list-parser/-/media-query-list-parser-4.0.3.tgz 4539ms (cache miss)
3477 http fetch GET 200 https://registry.npmjs.org/@babel/preset-modules/-/preset-modules-0.1.6-no-external-plugins.tgz 4542ms (cache miss)
3478 http fetch GET 200 https://registry.npmjs.org/@babel/preset-env/-/preset-env-7.29.7.tgz 4546ms (cache miss)
3479 http fetch GET 200 https://registry.npmjs.org/@babel/traverse/-/traverse-7.29.8.tgz 4571ms (cache miss)
3480 http fetch GET 200 https://registry.npmjs.org/@babel/plugin-transform-unicode-sets-regex/-/plugin-transform-unicode-sets-regex-7.29.7.tgz 4571ms (cache miss)
3481 http fetch GET 200 https://registry.npmjs.org/@babel/plugin-transform-sticky-regex/-/plugin-transform-sticky-regex-7.29.7.tgz 4571ms (cache miss)
3482 http fetch GET 200 https://registry.npmjs.org/@babel/plugin-transform-spread/-/plugin-transform-spread-7.29.8.tgz 4572ms (cache miss)
3483 http fetch GET 200 https://registry.npmjs.org/@babel/plugin-transform-unicode-escapes/-/plugin-transform-unicode-escapes-7.29.7.tgz 4572ms (cache miss)
3484 http fetch GET 200 https://registry.npmjs.org/@babel/plugin-transform-typeof-symbol/-/plugin-transform-typeof-symbol-7.29.7.tgz 4579ms (cache miss)
3485 http fetch GET 200 https://registry.npmjs.org/@babel/plugin-transform-reserved-words/-/plugin-transform-reserved-words-7.29.7.tgz 4579ms (cache miss)
3486 http fetch GET 200 https://registry.npmjs.org/@babel/plugin-transform-react-jsx-development/-/plugin-transform-react-jsx-development-7.29.7.tgz 4579ms (cache miss)
3487 http fetch GET 200 https://registry.npmjs.org/@babel/plugin-transform-react-pure-annotations/-/plugin-transform-react-pure-annotations-7.29.7.tgz 4579ms (cache miss)
3488 http fetch GET 200 https://registry.npmjs.org/@babel/plugin-transform-typescript/-/plugin-transform-typescript-7.29.7.tgz 4582ms (cache miss)
3489 http fetch GET 200 https://registry.npmjs.org/@babel/plugin-transform-regenerator/-/plugin-transform-regenerator-7.29.8.tgz 4582ms (cache miss)
3490 http fetch GET 200 https://registry.npmjs.org/@babel/runtime/-/runtime-7.29.7.tgz 4585ms (cache miss)
3491 http fetch GET 200 https://registry.npmjs.org/@babel/plugin-transform-react-jsx/-/plugin-transform-react-jsx-7.29.7.tgz 4584ms (cache miss)
3492 http fetch GET 200 https://registry.npmjs.org/@babel/plugin-transform-react-display-name/-/plugin-transform-react-display-name-7.29.7.tgz 4594ms (cache miss)
3493 http fetch GET 200 https://registry.npmjs.org/@babel/plugin-transform-template-literals/-/plugin-transform-template-literals-7.29.7.tgz 4595ms (cache miss)
3494 http fetch GET 200 https://registry.npmjs.org/@babel/plugin-transform-shorthand-properties/-/plugin-transform-shorthand-properties-7.29.7.tgz 4596ms (cache miss)
3495 http fetch GET 200 https://registry.npmjs.org/@babel/plugin-transform-runtime/-/plugin-transform-runtime-7.29.7.tgz 4597ms (cache miss)
3496 http fetch GET 200 https://registry.npmjs.org/@babel/types/-/types-7.29.8.tgz 4600ms (cache miss)
3497 http fetch GET 200 https://registry.npmjs.org/@babel/plugin-transform-react-constant-elements/-/plugin-transform-react-constant-elements-7.29.7.tgz 4618ms (cache miss)
3498 http fetch GET 200 https://registry.npmjs.org/@babel/plugin-transform-property-literals/-/plugin-transform-property-literals-7.29.7.tgz 4622ms (cache miss)
3499 http fetch GET 200 https://registry.npmjs.org/@babel/plugin-transform-regexp-modifiers/-/plugin-transform-regexp-modifiers-7.29.7.tgz 4622ms (cache miss)
3500 http fetch GET 200 https://registry.npmjs.org/@babel/plugin-transform-parameters/-/plugin-transform-parameters-7.29.7.tgz 4626ms (cache miss)
3501 http fetch GET 200 https://registry.npmjs.org/@babel/plugin-transform-private-property-in-object/-/plugin-transform-private-property-in-object-7.29.7.tgz 4627ms (cache miss)
3502 http fetch GET 200 https://registry.npmjs.org/@babel/plugin-transform-optional-catch-binding/-/plugin-transform-optional-catch-binding-7.29.7.tgz 4633ms (cache miss)
3503 http fetch GET 200 https://registry.npmjs.org/@babel/plugin-transform-numeric-separator/-/plugin-transform-numeric-separator-7.29.7.tgz 4632ms (cache miss)
3504 http fetch GET 200 https://registry.npmjs.org/@babel/plugin-transform-object-rest-spread/-/plugin-transform-object-rest-spread-7.29.7.tgz 4637ms (cache miss)
3505 http fetch GET 200 https://registry.npmjs.org/@babel/plugin-transform-named-capturing-groups-regex/-/plugin-transform-named-capturing-groups-regex-7.29.7.tgz 4651ms (cache miss)
3506 http fetch GET 200 https://registry.npmjs.org/@babel/plugin-transform-nullish-coalescing-operator/-/plugin-transform-nullish-coalescing-operator-7.29.7.tgz 4652ms (cache miss)
3507 http fetch GET 200 https://registry.npmjs.org/@babel/plugin-transform-optional-chaining/-/plugin-transform-optional-chaining-7.29.7.tgz 4652ms (cache miss)
3508 http fetch GET 200 https://registry.npmjs.org/@babel/plugin-transform-modules-commonjs/-/plugin-transform-modules-commonjs-7.29.7.tgz 4651ms (cache miss)
3509 http fetch GET 200 https://registry.npmjs.org/@babel/plugin-transform-private-methods/-/plugin-transform-private-methods-7.29.7.tgz 4656ms (cache miss)
3510 http fetch GET 200 https://registry.npmjs.org/@babel/plugin-transform-modules-amd/-/plugin-transform-modules-amd-7.29.7.tgz 4655ms (cache miss)
3511 http fetch GET 200 https://registry.npmjs.org/@babel/plugin-transform-modules-systemjs/-/plugin-transform-modules-systemjs-7.29.8.tgz 4660ms (cache miss)
3512 http fetch GET 200 https://registry.npmjs.org/@babel/plugin-transform-modules-umd/-/plugin-transform-modules-umd-7.29.7.tgz 4660ms (cache miss)
3513 http fetch GET 200 https://registry.npmjs.org/@babel/plugin-transform-logical-assignment-operators/-/plugin-transform-logical-assignment-operators-7.29.7.tgz 4667ms (cache miss)
3514 http fetch GET 200 https://registry.npmjs.org/@babel/plugin-transform-object-super/-/plugin-transform-object-super-7.29.7.tgz 4667ms (cache miss)
3515 http fetch GET 200 https://registry.npmjs.org/@babel/plugin-transform-new-target/-/plugin-transform-new-target-7.29.7.tgz 4675ms (cache miss)
3516 http fetch GET 200 https://registry.npmjs.org/@babel/plugin-transform-literals/-/plugin-transform-literals-7.29.7.tgz 4712ms (cache miss)
3517 http fetch GET 200 https://registry.npmjs.org/@babel/plugin-transform-function-name/-/plugin-transform-function-name-7.29.7.tgz 4715ms (cache miss)
3518 http fetch GET 200 https://registry.npmjs.org/@babel/plugin-transform-explicit-resource-management/-/plugin-transform-explicit-resource-management-7.29.7.tgz 4722ms (cache miss)
3519 http fetch GET 200 https://registry.npmjs.org/@babel/plugin-transform-for-of/-/plugin-transform-for-of-7.29.7.tgz 4725ms (cache miss)
3520 http fetch GET 200 https://registry.npmjs.org/@babel/plugin-transform-export-namespace-from/-/plugin-transform-export-namespace-from-7.29.7.tgz 4725ms (cache miss)
3521 http fetch GET 200 https://registry.npmjs.org/@babel/plugin-transform-json-strings/-/plugin-transform-json-strings-7.29.7.tgz 4725ms (cache miss)
3522 http fetch GET 200 https://registry.npmjs.org/@babel/plugin-transform-member-expression-literals/-/plugin-transform-member-expression-literals-7.29.7.tgz 4727ms (cache miss)
3523 http fetch GET 200 https://registry.npmjs.org/@babel/plugin-transform-dotall-regex/-/plugin-transform-dotall-regex-7.29.7.tgz 4726ms (cache miss)
3524 http fetch GET 200 https://registry.npmjs.org/@babel/plugin-transform-duplicate-keys/-/plugin-transform-duplicate-keys-7.29.7.tgz 4726ms (cache miss)
3525 http fetch GET 200 https://registry.npmjs.org/@babel/plugin-transform-duplicate-named-capturing-groups-regex/-/plugin-transform-duplicate-named-capturing-groups-regex-7.29.7.tgz 4726ms (cache miss)
3526 http fetch GET 200 https://registry.npmjs.org/@babel/plugin-transform-destructuring/-/plugin-transform-destructuring-7.29.7.tgz 4725ms (cache miss)
3527 http fetch GET 200 https://registry.npmjs.org/@babel/plugin-transform-computed-properties/-/plugin-transform-computed-properties-7.29.7.tgz 4726ms (cache miss)
3528 http fetch GET 200 https://registry.npmjs.org/@babel/plugin-transform-class-static-block/-/plugin-transform-class-static-block-7.29.7.tgz 4726ms (cache miss)
3529 http fetch GET 200 https://registry.npmjs.org/@babel/plugin-transform-classes/-/plugin-transform-classes-7.29.7.tgz 4728ms (cache miss)
3530 http fetch GET 200 https://registry.npmjs.org/@babel/plugin-transform-exponentiation-operator/-/plugin-transform-exponentiation-operator-7.29.7.tgz 4729ms (cache miss)
3531 http fetch GET 200 https://registry.npmjs.org/@babel/plugin-transform-class-properties/-/plugin-transform-class-properties-7.29.7.tgz 4737ms (cache miss)
3532 http fetch GET 200 https://registry.npmjs.org/@babel/plugin-transform-dynamic-import/-/plugin-transform-dynamic-import-7.29.7.tgz 4741ms (cache miss)
3533 http fetch GET 200 https://registry.npmjs.org/@babel/plugin-transform-async-to-generator/-/plugin-transform-async-to-generator-7.29.7.tgz 4742ms (cache miss)
3534 http fetch GET 200 https://registry.npmjs.org/@babel/plugin-transform-block-scoping/-/plugin-transform-block-scoping-7.29.7.tgz 4745ms (cache miss)
3535 http fetch GET 200 https://registry.npmjs.org/@babel/plugin-transform-block-scoped-functions/-/plugin-transform-block-scoped-functions-7.29.7.tgz 4749ms (cache miss)
3536 http fetch GET 200 https://registry.npmjs.org/@babel/plugin-transform-async-generator-functions/-/plugin-transform-async-generator-functions-7.29.7.tgz 4755ms (cache miss)
3537 http fetch GET 200 https://registry.npmjs.org/@babel/plugin-transform-arrow-functions/-/plugin-transform-arrow-functions-7.29.7.tgz 4764ms (cache miss)
3538 http fetch GET 200 https://registry.npmjs.org/@babel/plugin-syntax-import-attributes/-/plugin-syntax-import-attributes-7.29.7.tgz 4764ms (cache miss)
3539 http fetch GET 200 https://registry.npmjs.org/@babel/plugin-syntax-jsx/-/plugin-syntax-jsx-7.29.7.tgz 4764ms (cache miss)
3540 http fetch GET 200 https://registry.npmjs.org/@babel/plugin-proposal-private-property-in-object/-/plugin-proposal-private-property-in-object-7.21.0-placeholder-for-preset-env.2.tgz 4766ms (cache miss)
3541 http fetch GET 200 https://registry.npmjs.org/@babel/plugin-syntax-unicode-sets-regex/-/plugin-syntax-unicode-sets-regex-7.18.6.tgz 4772ms (cache miss)
3542 http fetch GET 200 https://registry.npmjs.org/@babel/plugin-syntax-import-assertions/-/plugin-syntax-import-assertions-7.29.7.tgz 4772ms (cache miss)
3543 http fetch GET 200 https://registry.npmjs.org/@babel/plugin-bugfix-safari-rest-destructuring-rhs-array/-/plugin-bugfix-safari-rest-destructuring-rhs-array-7.29.7.tgz 4775ms (cache miss)
3544 http fetch GET 200 https://registry.npmjs.org/@babel/plugin-syntax-typescript/-/plugin-syntax-typescript-7.29.7.tgz 4776ms (cache miss)
3545 http fetch GET 200 https://registry.npmjs.org/@babel/plugin-syntax-dynamic-import/-/plugin-syntax-dynamic-import-7.8.3.tgz 4776ms (cache miss)
3546 http fetch GET 200 https://registry.npmjs.org/@babel/plugin-bugfix-v8-spread-parameters-in-optional-chaining/-/plugin-bugfix-v8-spread-parameters-in-optional-chaining-7.29.7.tgz 4779ms (cache miss)
3547 http fetch GET 200 https://registry.npmjs.org/@babel/plugin-bugfix-v8-static-class-fields-redefine-readonly/-/plugin-bugfix-v8-static-class-fields-redefine-readonly-7.29.7.tgz 4800ms (cache miss)
3548 http fetch GET 200 https://registry.npmjs.org/@babel/plugin-bugfix-safari-id-destructuring-collision-in-function-expression/-/plugin-bugfix-safari-id-destructuring-collision-in-function-expression-7.29.7.tgz 4803ms (cache miss)
3549 http fetch GET 200 https://registry.npmjs.org/@babel/plugin-bugfix-firefox-class-in-computed-class-key/-/plugin-bugfix-firefox-class-in-computed-class-key-7.29.7.tgz 4809ms (cache miss)
3550 http fetch GET 200 https://registry.npmjs.org/@babel/helper-validator-option/-/helper-validator-option-7.29.7.tgz 4810ms (cache miss)
3551 http fetch GET 200 https://registry.npmjs.org/@babel/plugin-bugfix-safari-class-field-initializer-scope/-/plugin-bugfix-safari-class-field-initializer-scope-7.29.7.tgz 4811ms (cache miss)
3552 http fetch GET 200 https://registry.npmjs.org/@babel/parser/-/parser-7.29.8.tgz 4813ms (cache miss)
3553 http fetch GET 200 https://registry.npmjs.org/@babel/helper-wrap-function/-/helper-wrap-function-7.29.7.tgz 4813ms (cache miss)
3554 http fetch GET 200 https://registry.npmjs.org/@babel/helper-validator-identifier/-/helper-validator-identifier-7.29.7.tgz 4829ms (cache miss)
3555 http fetch GET 200 https://registry.npmjs.org/@babel/helper-string-parser/-/helper-string-parser-7.29.7.tgz 4829ms (cache miss)
3556 http fetch GET 200 https://registry.npmjs.org/@babel/helper-skip-transparent-expression-wrappers/-/helper-skip-transparent-expression-wrappers-7.29.7.tgz 4829ms (cache miss)
3557 http fetch GET 200 https://registry.npmjs.org/@babel/helper-optimise-call-expression/-/helper-optimise-call-expression-7.29.7.tgz 4829ms (cache miss)
3558 http fetch GET 200 https://registry.npmjs.org/@babel/helper-module-transforms/-/helper-module-transforms-7.29.7.tgz 4829ms (cache miss)
3559 http fetch GET 200 https://registry.npmjs.org/@babel/helper-remap-async-to-generator/-/helper-remap-async-to-generator-7.29.7.tgz 4830ms (cache miss)
3560 http fetch GET 200 https://registry.npmjs.org/@babel/helper-plugin-utils/-/helper-plugin-utils-7.29.7.tgz 4836ms (cache miss)
3561 http fetch GET 200 https://registry.npmjs.org/@babel/helpers/-/helpers-7.29.7.tgz 4845ms (cache miss)
3562 http fetch GET 200 https://registry.npmjs.org/@babel/helper-member-expression-to-functions/-/helper-member-expression-to-functions-7.29.7.tgz 4854ms (cache miss)
3563 http fetch GET 200 https://registry.npmjs.org/@babel/helper-create-regexp-features-plugin/-/helper-create-regexp-features-plugin-7.29.7.tgz 4853ms (cache miss)
3564 http fetch GET 200 https://registry.npmjs.org/@babel/helper-annotate-as-pure/-/helper-annotate-as-pure-7.29.7.tgz 4855ms (cache miss)
3565 http fetch GET 200 https://registry.npmjs.org/@babel/helper-globals/-/helper-globals-7.29.7.tgz 4864ms (cache miss)
3566 http fetch GET 200 https://registry.npmjs.org/@babel/helper-module-imports/-/helper-module-imports-7.29.7.tgz 4866ms (cache miss)
3567 http fetch GET 200 https://registry.npmjs.org/@babel/code-frame/-/code-frame-7.29.7.tgz 4865ms (cache miss)
3568 http fetch GET 200 https://registry.npmjs.org/@babel/compat-data/-/compat-data-7.29.7.tgz 4865ms (cache miss)
3569 http fetch GET 200 https://registry.npmjs.org/@babel/helper-replace-supers/-/helper-replace-supers-7.29.7.tgz 4866ms (cache miss)
3570 http fetch GET 200 https://registry.npmjs.org/@babel/helper-create-class-features-plugin/-/helper-create-class-features-plugin-7.29.7.tgz 4870ms (cache miss)
3571 http fetch GET 200 https://registry.npmjs.org/@babel/helper-compilation-targets/-/helper-compilation-targets-7.29.7.tgz 4872ms (cache miss)
3572 http fetch GET 200 https://registry.npmjs.org/@babel/helper-define-polyfill-provider/-/helper-define-polyfill-provider-0.6.8.tgz 4875ms (cache miss)
3573 http fetch GET 200 https://registry.npmjs.org/@babel/generator/-/generator-7.29.8.tgz 4880ms (cache miss)
3574 http fetch GET 200 https://registry.npmjs.org/@algolia/requester-browser-xhr/-/requester-browser-xhr-5.56.0.tgz 4912ms (cache miss)
3575 http fetch GET 200 https://registry.npmjs.org/@babel/core/-/core-7.29.7.tgz 4913ms (cache miss)
3576 http fetch GET 200 https://registry.npmjs.org/@algolia/ingestion/-/ingestion-1.56.0.tgz 4937ms (cache miss)
3577 http fetch GET 200 https://registry.npmjs.org/@algolia/recommend/-/recommend-5.56.0.tgz 4938ms (cache miss)
3578 http fetch GET 200 https://registry.npmjs.org/@algolia/autocomplete-shared/-/autocomplete-shared-1.19.9.tgz 5039ms (cache miss)
3579 http fetch GET 200 https://registry.npmjs.org/@algolia/client-common/-/client-common-5.56.0.tgz 5043ms (cache miss)
3580 http fetch GET 200 https://registry.npmjs.org/@algolia/requester-fetch/-/requester-fetch-5.56.0.tgz 5045ms (cache miss)
3581 http fetch GET 200 https://registry.npmjs.org/@algolia/events/-/events-4.0.1.tgz 5044ms (cache miss)
3582 http fetch GET 200 https://registry.npmjs.org/@algolia/requester-node-http/-/requester-node-http-5.56.0.tgz 5047ms (cache miss)
3583 http fetch GET 200 https://registry.npmjs.org/@11ty/gray-matter/-/gray-matter-1.0.0.tgz 5045ms (cache miss)
3584 http fetch GET 200 https://registry.npmjs.org/@algolia/client-personalization/-/client-personalization-5.56.0.tgz 5061ms (cache miss)
3585 http fetch GET 200 https://registry.npmjs.org/@algolia/monitoring/-/monitoring-1.56.0.tgz 5064ms (cache miss)
3586 http fetch GET 200 https://registry.npmjs.org/@algolia/autocomplete-plugin-algolia-insights/-/autocomplete-plugin-algolia-insights-1.19.9.tgz 5065ms (cache miss)
3587 http fetch GET 200 https://registry.npmjs.org/@algolia/client-query-suggestions/-/client-query-suggestions-5.56.0.tgz 5066ms (cache miss)
3588 http fetch GET 200 https://registry.npmjs.org/@algolia/client-abtesting/-/client-abtesting-5.56.0.tgz 5070ms (cache miss)
3589 http fetch GET 200 https://registry.npmjs.org/@algolia/client-analytics/-/client-analytics-5.56.0.tgz 5075ms (cache miss)
3590 http fetch GET 200 https://registry.npmjs.org/ansi-regex/-/ansi-regex-6.2.2.tgz 5077ms (cache miss)
3591 http fetch GET 200 https://registry.npmjs.org/define-lazy-prop/-/define-lazy-prop-3.0.0.tgz 5083ms (cache miss)
3592 http fetch GET 200 https://registry.npmjs.org/mime-db/-/mime-db-1.54.0.tgz 5083ms (cache miss)
3593 http fetch GET 200 https://registry.npmjs.org/json-schema-traverse/-/json-schema-traverse-0.4.1.tgz 5084ms (cache miss)
3594 http fetch GET 200 https://registry.npmjs.org/open/-/open-10.2.0.tgz 5086ms (cache miss)
3595 http fetch GET 200 https://registry.npmjs.org/schema-utils/-/schema-utils-3.3.0.tgz 5088ms (cache miss)
3596 http fetch GET 200 https://registry.npmjs.org/@algolia/autocomplete-core/-/autocomplete-core-1.19.9.tgz 5090ms (cache miss)
3597 http fetch GET 200 https://registry.npmjs.org/commander/-/commander-7.2.0.tgz 5090ms (cache miss)
3598 http fetch GET 200 https://registry.npmjs.org/@algolia/client-search/-/client-search-5.56.0.tgz 5093ms (cache miss)
3599 http fetch GET 200 https://registry.npmjs.org/is-wsl/-/is-wsl-3.1.1.tgz 5094ms (cache miss)
3600 http fetch GET 200 https://registry.npmjs.org/mime-types/-/mime-types-2.1.35.tgz 5093ms (cache miss)
3601 http fetch GET 200 https://registry.npmjs.org/mime-db/-/mime-db-1.54.0.tgz 5103ms (cache miss)
3602 http fetch GET 200 https://registry.npmjs.org/@algolia/client-insights/-/client-insights-5.56.0.tgz 5104ms (cache miss)
3603 http fetch GET 200 https://registry.npmjs.org/range-parser/-/range-parser-1.3.0.tgz 5103ms (cache miss)
3604 http fetch GET 200 https://registry.npmjs.org/ws/-/ws-8.21.3.tgz 5104ms (cache miss)
3605 http fetch GET 200 https://registry.npmjs.org/mime-types/-/mime-types-3.0.2.tgz 5110ms (cache miss)
3606 http fetch GET 200 https://registry.npmjs.org/mime-db/-/mime-db-1.52.0.tgz 5122ms (cache miss)
3607 http fetch GET 200 https://registry.npmjs.org/ajv-keywords/-/ajv-keywords-3.5.2.tgz 5123ms (cache miss)
3608 http fetch GET 200 https://registry.npmjs.org/chalk/-/chalk-5.6.2.tgz 5136ms (cache miss)
3609 http fetch GET 200 https://registry.npmjs.org/tslib/-/tslib-1.14.1.tgz 5136ms (cache miss)
3610 http fetch GET 200 https://registry.npmjs.org/ajv/-/ajv-6.15.0.tgz 5136ms (cache miss)
3611 http fetch GET 200 https://registry.npmjs.org/commander/-/commander-7.2.0.tgz 5136ms (cache miss)
3612 http fetch GET 200 https://registry.npmjs.org/boxen/-/boxen-7.1.1.tgz 5137ms (cache miss)
3613 http fetch GET 200 https://registry.npmjs.org/mime-types/-/mime-types-2.1.35.tgz 5147ms (cache miss)
3614 http fetch GET 200 https://registry.npmjs.org/ansi-regex/-/ansi-regex-6.2.2.tgz 5146ms (cache miss)
3615 http fetch GET 200 https://registry.npmjs.org/mime-db/-/mime-db-1.52.0.tgz 5147ms (cache miss)
3616 http fetch GET 200 https://registry.npmjs.org/jest-worker/-/jest-worker-27.5.1.tgz 5151ms (cache miss)
3617 http fetch GET 200 https://registry.npmjs.org/statuses/-/statuses-1.5.0.tgz 5188ms (cache miss)
3618 http fetch GET 200 https://registry.npmjs.org/mime-db/-/mime-db-1.52.0.tgz 5188ms (cache miss)
3619 http fetch GET 200 https://registry.npmjs.org/camelcase/-/camelcase-7.0.1.tgz 5189ms (cache miss)
3620 http fetch GET 200 https://registry.npmjs.org/commander/-/commander-2.20.3.tgz 5188ms (cache miss)
3621 http fetch GET 200 https://registry.npmjs.org/depd/-/depd-1.1.2.tgz 5192ms (cache miss)
3622 http fetch GET 200 https://registry.npmjs.org/http-errors/-/http-errors-1.8.1.tgz 5192ms (cache miss)
3623 http fetch GET 200 https://registry.npmjs.org/ms/-/ms-2.0.0.tgz 5194ms (cache miss)
3624 http fetch GET 200 https://registry.npmjs.org/debug/-/debug-2.6.9.tgz 5193ms (cache miss)
3625 http fetch GET 200 https://registry.npmjs.org/debug/-/debug-2.6.9.tgz 5194ms (cache miss)
3626 http fetch GET 200 https://registry.npmjs.org/@types/node/-/node-17.0.45.tgz 5195ms (cache miss)
3627 http fetch GET 200 https://registry.npmjs.org/range-parser/-/range-parser-1.2.1.tgz 5195ms (cache miss)
3628 http fetch GET 200 https://registry.npmjs.org/source-map/-/source-map-0.6.1.tgz 5198ms (cache miss)
3629 http fetch GET 200 https://registry.npmjs.org/@algolia/abtesting/-/abtesting-1.22.0.tgz 5206ms (cache miss)
3630 http fetch GET 200 https://registry.npmjs.org/domutils/-/domutils-2.8.0.tgz 5203ms (cache miss)
3631 http fetch GET 200 https://registry.npmjs.org/path-to-regexp/-/path-to-regexp-3.3.0.tgz 5203ms (cache miss)
3632 http fetch GET 200 https://registry.npmjs.org/htmlparser2/-/htmlparser2-6.1.0.tgz 5206ms (cache miss)
3633 http fetch GET 200 https://registry.npmjs.org/mime-types/-/mime-types-2.1.35.tgz 5215ms (cache miss)
3634 http fetch GET 200 https://registry.npmjs.org/supports-color/-/supports-color-8.1.1.tgz 5214ms (cache miss)
3635 http fetch GET 200 https://registry.npmjs.org/ms/-/ms-2.0.0.tgz 5214ms (cache miss)
3636 http fetch GET 200 https://registry.npmjs.org/css-select/-/css-select-4.3.0.tgz 5216ms (cache miss)
3637 http fetch GET 200 https://registry.npmjs.org/entities/-/entities-2.2.0.tgz 5217ms (cache miss)
3638 http fetch GET 200 https://registry.npmjs.org/strip-json-comments/-/strip-json-comments-2.0.1.tgz 5222ms (cache miss)
3639 http fetch GET 200 https://registry.npmjs.org/dom-serializer/-/dom-serializer-1.4.1.tgz 5222ms (cache miss)
3640 http fetch GET 200 https://registry.npmjs.org/bytes/-/bytes-3.1.2.tgz 5226ms (cache miss)
3641 http fetch GET 200 https://registry.npmjs.org/ini/-/ini-1.3.8.tgz 5227ms (cache miss)
3642 http fetch GET 200 https://registry.npmjs.org/domhandler/-/domhandler-4.3.1.tgz 5233ms (cache miss)
3643 http fetch GET 200 https://registry.npmjs.org/ipaddr.js/-/ipaddr.js-1.9.1.tgz 5237ms (cache miss)
3644 http fetch GET 200 https://registry.npmjs.org/postcss-selector-parser/-/postcss-selector-parser-7.1.5.tgz 5250ms (cache miss)
3645 http fetch GET 200 https://registry.npmjs.org/postcss-selector-parser/-/postcss-selector-parser-7.1.5.tgz 5253ms (cache miss)
3646 http fetch GET 200 https://registry.npmjs.org/postcss-selector-parser/-/postcss-selector-parser-7.1.5.tgz 5254ms (cache miss)
3647 http fetch GET 200 https://registry.npmjs.org/postcss-selector-parser/-/postcss-selector-parser-7.1.5.tgz 5254ms (cache miss)
3648 http fetch GET 200 https://registry.npmjs.org/postcss-selector-parser/-/postcss-selector-parser-7.1.5.tgz 5256ms (cache miss)
3649 http fetch GET 200 https://registry.npmjs.org/postcss-selector-parser/-/postcss-selector-parser-7.1.5.tgz 5257ms (cache miss)
3650 http fetch GET 200 https://registry.npmjs.org/postcss-selector-parser/-/postcss-selector-parser-7.1.5.tgz 5260ms (cache miss)
3651 http fetch GET 200 https://registry.npmjs.org/schema-utils/-/schema-utils-3.3.0.tgz 5270ms (cache miss)
3652 http fetch GET 200 https://registry.npmjs.org/entities/-/entities-6.0.1.tgz 5272ms (cache miss)
3653 http fetch GET 200 https://registry.npmjs.org/json-schema-traverse/-/json-schema-traverse-0.4.1.tgz 5276ms (cache miss)
3654 http fetch GET 200 https://registry.npmjs.org/micromark-util-symbol/-/micromark-util-symbol-2.0.1.tgz 5276ms (cache miss)
3655 http fetch GET 200 https://registry.npmjs.org/@types/unist/-/unist-2.0.11.tgz 5277ms (cache miss)
3656 http fetch GET 200 https://registry.npmjs.org/postcss-selector-parser/-/postcss-selector-parser-7.1.5.tgz 5284ms (cache miss)
3657 http fetch GET 200 https://registry.npmjs.org/postcss-selector-parser/-/postcss-selector-parser-7.1.5.tgz 5285ms (cache miss)
3658 http fetch GET 200 https://registry.npmjs.org/postcss-selector-parser/-/postcss-selector-parser-7.1.5.tgz 5285ms (cache miss)
3659 http fetch GET 200 https://registry.npmjs.org/supports-color/-/supports-color-8.1.1.tgz 5286ms (cache miss)
3660 http fetch GET 200 https://registry.npmjs.org/jest-worker/-/jest-worker-27.5.1.tgz 5287ms (cache miss)
3661 http fetch GET 200 https://registry.npmjs.org/ajv-keywords/-/ajv-keywords-3.5.2.tgz 5293ms (cache miss)
3662 http fetch GET 200 https://registry.npmjs.org/micromark-util-symbol/-/micromark-util-symbol-2.0.1.tgz 5302ms (cache miss)
3663 http fetch GET 200 https://registry.npmjs.org/micromark-util-symbol/-/micromark-util-symbol-2.0.1.tgz 5306ms (cache miss)
3664 http fetch GET 200 https://registry.npmjs.org/micromark-util-symbol/-/micromark-util-symbol-2.0.1.tgz 5311ms (cache miss)
3665 http fetch GET 200 https://registry.npmjs.org/ajv/-/ajv-6.15.0.tgz 5312ms (cache miss)
3666 http fetch GET 200 https://registry.npmjs.org/micromark-util-symbol/-/micromark-util-symbol-2.0.1.tgz 5315ms (cache miss)
3667 http fetch GET 200 https://registry.npmjs.org/micromark-util-types/-/micromark-util-types-1.1.0.tgz 5324ms (cache miss)
3668 http fetch GET 200 https://registry.npmjs.org/micromark-util-character/-/micromark-util-character-2.1.1.tgz 5325ms (cache miss)
3669 http fetch GET 200 https://registry.npmjs.org/micromark-util-symbol/-/micromark-util-symbol-2.0.1.tgz 5329ms (cache miss)
3670 http fetch GET 200 https://registry.npmjs.org/micromark-util-symbol/-/micromark-util-symbol-2.0.1.tgz 5330ms (cache miss)
3671 http fetch GET 200 https://registry.npmjs.org/micromark-util-character/-/micromark-util-character-2.1.1.tgz 5330ms (cache miss)
3672 http fetch GET 200 https://registry.npmjs.org/micromark-factory-space/-/micromark-factory-space-2.0.1.tgz 5331ms (cache miss)
3673 http fetch GET 200 https://registry.npmjs.org/micromark-util-symbol/-/micromark-util-symbol-2.0.1.tgz 5331ms (cache miss)
3674 http fetch GET 200 https://registry.npmjs.org/micromark-util-symbol/-/micromark-util-symbol-2.0.1.tgz 5332ms (cache miss)
3675 http fetch GET 200 https://registry.npmjs.org/micromark-util-symbol/-/micromark-util-symbol-2.0.1.tgz 5339ms (cache miss)
3676 http fetch GET 200 https://registry.npmjs.org/micromark-util-character/-/micromark-util-character-2.1.1.tgz 5341ms (cache miss)
3677 http fetch GET 200 https://registry.npmjs.org/micromark-util-character/-/micromark-util-character-2.1.1.tgz 5344ms (cache miss)
3678 http fetch GET 200 https://registry.npmjs.org/micromark-factory-space/-/micromark-factory-space-2.0.1.tgz 5346ms (cache miss)
3679 http fetch GET 200 https://registry.npmjs.org/micromark-util-character/-/micromark-util-character-2.1.1.tgz 5351ms (cache miss)
3680 http fetch GET 200 https://registry.npmjs.org/micromark-util-character/-/micromark-util-character-2.1.1.tgz 5351ms (cache miss)
3681 http fetch GET 200 https://registry.npmjs.org/micromark-factory-space/-/micromark-factory-space-2.0.1.tgz 5353ms (cache miss)
3682 http fetch GET 200 https://registry.npmjs.org/micromark-util-character/-/micromark-util-character-2.1.1.tgz 5354ms (cache miss)
3683 http fetch GET 200 https://registry.npmjs.org/micromark-util-symbol/-/micromark-util-symbol-2.0.1.tgz 5366ms (cache miss)
3684 http fetch GET 200 https://registry.npmjs.org/micromark-util-symbol/-/micromark-util-symbol-2.0.1.tgz 5366ms (cache miss)
3685 http fetch GET 200 https://registry.npmjs.org/micromark-util-symbol/-/micromark-util-symbol-2.0.1.tgz 5366ms (cache miss)
3686 http fetch GET 200 https://registry.npmjs.org/micromark-util-symbol/-/micromark-util-symbol-2.0.1.tgz 5366ms (cache miss)
3687 http fetch GET 200 https://registry.npmjs.org/micromark-util-symbol/-/micromark-util-symbol-2.0.1.tgz 5372ms (cache miss)
3688 http fetch GET 200 https://registry.npmjs.org/micromark-util-types/-/micromark-util-types-1.1.0.tgz 5375ms (cache miss)
3689 http fetch GET 200 https://registry.npmjs.org/micromark-util-character/-/micromark-util-character-2.1.1.tgz 5376ms (cache miss)
3690 http fetch GET 200 https://registry.npmjs.org/micromark-util-character/-/micromark-util-character-2.1.1.tgz 5386ms (cache miss)
3691 http fetch GET 200 https://registry.npmjs.org/micromark-util-character/-/micromark-util-character-2.1.1.tgz 5389ms (cache miss)
3692 http fetch GET 200 https://registry.npmjs.org/micromark-factory-space/-/micromark-factory-space-2.0.1.tgz 5389ms (cache miss)
3693 http fetch GET 200 https://registry.npmjs.org/micromark-util-symbol/-/micromark-util-symbol-2.0.1.tgz 5390ms (cache miss)
3694 http fetch GET 200 https://registry.npmjs.org/micromark-util-symbol/-/micromark-util-symbol-2.0.1.tgz 5392ms (cache miss)
3695 http fetch GET 200 https://registry.npmjs.org/micromark-util-character/-/micromark-util-character-2.1.1.tgz 5392ms (cache miss)
3696 http fetch GET 200 https://registry.npmjs.org/micromark-util-character/-/micromark-util-character-2.1.1.tgz 5399ms (cache miss)
3697 http fetch GET 200 https://registry.npmjs.org/micromark-factory-space/-/micromark-factory-space-2.0.1.tgz 5402ms (cache miss)
3698 http fetch GET 200 https://registry.npmjs.org/micromark-factory-space/-/micromark-factory-space-2.0.1.tgz 5407ms (cache miss)
3699 http fetch GET 200 https://registry.npmjs.org/micromark-util-symbol/-/micromark-util-symbol-2.0.1.tgz 5406ms (cache miss)
3700 http fetch GET 200 https://registry.npmjs.org/micromark-factory-space/-/micromark-factory-space-2.0.1.tgz 5406ms (cache miss)
3701 http fetch GET 200 https://registry.npmjs.org/micromark-util-character/-/micromark-util-character-2.1.1.tgz 5414ms (cache miss)
3702 http fetch GET 200 https://registry.npmjs.org/micromark-util-character/-/micromark-util-character-2.1.1.tgz 5416ms (cache miss)
3703 http fetch GET 200 https://registry.npmjs.org/micromark-util-character/-/micromark-util-character-2.1.1.tgz 5421ms (cache miss)
3704 http fetch GET 200 https://registry.npmjs.org/micromark-factory-space/-/micromark-factory-space-2.0.1.tgz 5421ms (cache miss)
3705 http fetch GET 200 https://registry.npmjs.org/micromark-util-character/-/micromark-util-character-2.1.1.tgz 5427ms (cache miss)
3706 http fetch GET 200 https://registry.npmjs.org/micromark-util-symbol/-/micromark-util-symbol-2.0.1.tgz 5435ms (cache miss)
3707 http fetch GET 200 https://registry.npmjs.org/micromark-util-symbol/-/micromark-util-symbol-2.0.1.tgz 5441ms (cache miss)
3708 http fetch GET 200 https://registry.npmjs.org/micromark-util-symbol/-/micromark-util-symbol-2.0.1.tgz 5442ms (cache miss)
3709 http fetch GET 200 https://registry.npmjs.org/micromark-util-symbol/-/micromark-util-symbol-2.0.1.tgz 5441ms (cache miss)
3710 http fetch GET 200 https://registry.npmjs.org/micromark-util-character/-/micromark-util-character-2.1.1.tgz 5441ms (cache miss)
3711 http fetch GET 200 https://registry.npmjs.org/micromark-util-symbol/-/micromark-util-symbol-2.0.1.tgz 5443ms (cache miss)
3712 http fetch GET 200 https://registry.npmjs.org/micromark-util-symbol/-/micromark-util-symbol-2.0.1.tgz 5443ms (cache miss)
3713 http fetch GET 200 https://registry.npmjs.org/micromark-factory-space/-/micromark-factory-space-2.0.1.tgz 5448ms (cache miss)
3714 http fetch GET 200 https://registry.npmjs.org/micromark-util-character/-/micromark-util-character-2.1.1.tgz 5448ms (cache miss)
3715 http fetch GET 200 https://registry.npmjs.org/micromark-util-symbol/-/micromark-util-symbol-2.0.1.tgz 5449ms (cache miss)
3716 http fetch GET 200 https://registry.npmjs.org/micromark-factory-space/-/micromark-factory-space-2.0.1.tgz 5450ms (cache miss)
3717 http fetch GET 200 https://registry.npmjs.org/micromark-util-character/-/micromark-util-character-2.1.1.tgz 5559ms (cache miss)
3718 http fetch GET 200 https://registry.npmjs.org/micromark-util-character/-/micromark-util-character-2.1.1.tgz 5558ms (cache miss)
3719 http fetch GET 200 https://registry.npmjs.org/micromark-util-symbol/-/micromark-util-symbol-2.0.1.tgz 5558ms (cache miss)
3720 http fetch GET 200 https://registry.npmjs.org/micromark-util-symbol/-/micromark-util-symbol-2.0.1.tgz 5558ms (cache miss)
3721 http fetch GET 200 https://registry.npmjs.org/is-docker/-/is-docker-3.0.0.tgz 5558ms (cache miss)
3722 http fetch GET 200 https://registry.npmjs.org/escape-string-regexp/-/escape-string-regexp-5.0.0.tgz 5558ms (cache miss)
3723 http fetch GET 200 https://registry.npmjs.org/is-plain-obj/-/is-plain-obj-3.0.0.tgz 5558ms (cache miss)
3724 http fetch GET 200 https://registry.npmjs.org/string_decoder/-/string_decoder-1.1.1.tgz 5558ms (cache miss)
3725 http fetch GET 200 https://registry.npmjs.org/supports-color/-/supports-color-8.1.1.tgz 5559ms (cache miss)
3726 http fetch GET 200 https://registry.npmjs.org/micromark-factory-space/-/micromark-factory-space-2.0.1.tgz 5560ms (cache miss)
3727 http fetch GET 200 https://registry.npmjs.org/escape-string-regexp/-/escape-string-regexp-5.0.0.tgz 5559ms (cache miss)
3728 http fetch GET 200 https://registry.npmjs.org/html-minifier-terser/-/html-minifier-terser-6.1.0.tgz 5559ms (cache miss)
3729 http fetch GET 200 https://registry.npmjs.org/commander/-/commander-10.0.1.tgz 5561ms (cache miss)
3730 http fetch GET 200 https://registry.npmjs.org/readable-stream/-/readable-stream-2.3.8.tgz 5561ms (cache miss)
3731 http fetch GET 200 https://registry.npmjs.org/ms/-/ms-2.0.0.tgz 5572ms (cache miss)
3732 http fetch GET 200 https://registry.npmjs.org/json-schema-traverse/-/json-schema-traverse-0.4.1.tgz 5592ms (cache miss)
3733 http fetch GET 200 https://registry.npmjs.org/ms/-/ms-2.0.0.tgz 5591ms (cache miss)
3734 http fetch GET 200 https://registry.npmjs.org/range-parser/-/range-parser-1.2.1.tgz 5592ms (cache miss)
3735 http fetch GET 200 https://registry.npmjs.org/safe-buffer/-/safe-buffer-5.1.2.tgz 5593ms (cache miss)
3736 http fetch GET 200 https://registry.npmjs.org/commander/-/commander-8.3.0.tgz 5594ms (cache miss)
3737 http fetch GET 200 https://registry.npmjs.org/is-obj/-/is-obj-2.0.0.tgz 5594ms (cache miss)
3738 http fetch GET 200 https://registry.npmjs.org/debug/-/debug-2.6.9.tgz 5595ms (cache miss)
3739 http fetch GET 200 https://registry.npmjs.org/schema-utils/-/schema-utils-3.3.0.tgz 5596ms (cache miss)
3740 http fetch GET 200 https://registry.npmjs.org/ajv-keywords/-/ajv-keywords-3.5.2.tgz 5600ms (cache miss)
3741 http fetch GET 200 https://registry.npmjs.org/content-disposition/-/content-disposition-0.5.4.tgz 5601ms (cache miss)
3742 http fetch GET 200 https://registry.npmjs.org/@sindresorhus/is/-/is-5.6.0.tgz 5602ms (cache miss)
3743 http fetch GET 200 https://registry.npmjs.org/path-to-regexp/-/path-to-regexp-0.1.13.tgz 5606ms (cache miss)
3744 http fetch GET 200 https://registry.npmjs.org/estraverse/-/estraverse-5.3.0.tgz 5609ms (cache miss)
3745 http fetch GET 200 https://registry.npmjs.org/isarray/-/isarray-1.0.0.tgz 5636ms (cache miss)
3746 http fetch GET 200 https://registry.npmjs.org/mimic-response/-/mimic-response-3.1.0.tgz 5635ms (cache miss)
3747 http fetch GET 200 https://registry.npmjs.org/glob-parent/-/glob-parent-6.0.2.tgz 5635ms (cache miss)
3748 http fetch GET 200 https://registry.npmjs.org/ini/-/ini-1.3.8.tgz 5667ms (cache miss)
3749 http fetch GET 200 https://registry.npmjs.org/globby/-/globby-13.2.2.tgz 5668ms (cache miss)
3750 http fetch GET 200 https://registry.npmjs.org/slash/-/slash-4.0.0.tgz 5668ms (cache miss)
3751 http fetch GET 200 https://registry.npmjs.org/bytes/-/bytes-3.1.2.tgz 5669ms (cache miss)
3752 http fetch GET 200 https://registry.npmjs.org/ms/-/ms-2.0.0.tgz 5668ms (cache miss)
3753 http fetch GET 200 https://registry.npmjs.org/mime-db/-/mime-db-1.54.0.tgz 5669ms (cache miss)
3754 http fetch GET 200 https://registry.npmjs.org/debug/-/debug-2.6.9.tgz 5670ms (cache miss)
3755 http fetch GET 200 https://registry.npmjs.org/ms/-/ms-2.0.0.tgz 5670ms (cache miss)
3756 http fetch GET 200 https://registry.npmjs.org/semver/-/semver-6.3.1.tgz 5670ms (cache miss)
3757 http fetch GET 200 https://registry.npmjs.org/debug/-/debug-2.6.9.tgz 5671ms (cache miss)
3758 http fetch GET 200 https://registry.npmjs.org/bytes/-/bytes-3.1.2.tgz 5672ms (cache miss)
3759 http fetch GET 200 https://registry.npmjs.org/mdn-data/-/mdn-data-2.0.28.tgz 5675ms (cache miss)
3760 http fetch GET 200 https://registry.npmjs.org/debug/-/debug-2.6.9.tgz 5675ms (cache miss)
3761 http fetch GET 200 https://registry.npmjs.org/mime-types/-/mime-types-2.1.35.tgz 5681ms (cache miss)
3762 http fetch GET 200 https://registry.npmjs.org/postcss-selector-parser/-/postcss-selector-parser-7.1.5.tgz 5684ms (cache miss)
3763 http fetch GET 200 https://registry.npmjs.org/ajv/-/ajv-6.15.0.tgz 5686ms (cache miss)
3764 http fetch GET 200 https://registry.npmjs.org/graceful-fs/-/graceful-fs-4.2.10.tgz 5684ms (cache miss)
3765 http fetch GET 200 https://registry.npmjs.org/source-map/-/source-map-0.6.1.tgz 5685ms (cache miss)
3766 http fetch GET 200 https://registry.npmjs.org/type-fest/-/type-fest-1.4.0.tgz 5686ms (cache miss)
3767 http fetch GET 200 https://registry.npmjs.org/postcss-selector-parser/-/postcss-selector-parser-7.1.5.tgz 5688ms (cache miss)
3768 http fetch GET 200 https://registry.npmjs.org/mime-db/-/mime-db-1.52.0.tgz 5690ms (cache miss)
3769 http fetch GET 200 https://registry.npmjs.org/negotiator/-/negotiator-0.6.3.tgz 5695ms (cache miss)
3770 http fetch GET 200 https://registry.npmjs.org/@types/send/-/send-0.17.6.tgz 5696ms (cache miss)
3771 http fetch GET 200 https://registry.npmjs.org/webpack-merge/-/webpack-merge-6.0.1.tgz 5706ms (cache miss)
3772 http fetch GET 200 https://registry.npmjs.org/@jsonjoy.com/json-pointer/-/json-pointer-17.67.0.tgz 5720ms (cache miss)
3773 http fetch GET 200 https://registry.npmjs.org/semver/-/semver-6.3.1.tgz 5732ms (cache miss)
3774 http fetch GET 200 https://registry.npmjs.org/semver/-/semver-6.3.1.tgz 5735ms (cache miss)
3775 http fetch GET 200 https://registry.npmjs.org/postcss-selector-parser/-/postcss-selector-parser-7.1.5.tgz 5739ms (cache miss)
3776 http fetch GET 200 https://registry.npmjs.org/@jsonjoy.com/base64/-/base64-17.67.0.tgz 5741ms (cache miss)
3777 http fetch GET 200 https://registry.npmjs.org/postcss-selector-parser/-/postcss-selector-parser-7.1.5.tgz 5745ms (cache miss)
3778 http fetch GET 200 https://registry.npmjs.org/@algolia/autocomplete-plugin-algolia-insights/-/autocomplete-plugin-algolia-insights-1.19.2.tgz 5750ms (cache miss)
3779 http fetch GET 200 https://registry.npmjs.org/@jsonjoy.com/codegen/-/codegen-17.67.0.tgz 5752ms (cache miss)
3780 http fetch GET 200 https://registry.npmjs.org/postcss-selector-parser/-/postcss-selector-parser-7.1.5.tgz 5758ms (cache miss)
3781 http fetch GET 200 https://registry.npmjs.org/semver/-/semver-6.3.1.tgz 5760ms (cache miss)
3782 http fetch GET 200 https://registry.npmjs.org/@algolia/autocomplete-shared/-/autocomplete-shared-1.19.2.tgz 5761ms (cache miss)
3783 http fetch GET 200 https://registry.npmjs.org/semver/-/semver-6.3.1.tgz 5770ms (cache miss)
3784 http fetch GET 200 https://registry.npmjs.org/babel-plugin-polyfill-corejs3/-/babel-plugin-polyfill-corejs3-0.14.2.tgz 5768ms (cache miss)
3785 http fetch GET 200 https://registry.npmjs.org/semver/-/semver-6.3.1.tgz 5766ms (cache miss)
3786 http fetch GET 200 https://registry.npmjs.org/colord 5470ms (cache miss)
3787 silly packumentCache corgi:https://registry.npmjs.org/colord set size:undefined disposed:false
3788 http fetch GET 200 https://registry.npmjs.org/qs 5473ms (cache miss)
3789 silly packumentCache corgi:https://registry.npmjs.org/qs set size:undefined disposed:false
3790 http fetch GET 200 https://registry.npmjs.org/serialize-javascript 5480ms (cache miss)
3791 silly packumentCache corgi:https://registry.npmjs.org/serialize-javascript set size:undefined disposed:false
3792 http fetch GET 200 https://registry.npmjs.org/image-size 5482ms (cache miss)
3793 silly packumentCache corgi:https://registry.npmjs.org/image-size set size:undefined disposed:false
3794 http fetch GET 200 https://registry.npmjs.org/svgo 5482ms (cache miss)
3795 silly packumentCache corgi:https://registry.npmjs.org/svgo set size:undefined disposed:false
3796 http fetch GET 200 https://registry.npmjs.org/@jsonjoy.com/buffers/-/buffers-1.2.1.tgz 5796ms (cache miss)
3797 http fetch GET 200 https://registry.npmjs.org/joi 5491ms (cache miss)
3798 silly packumentCache corgi:https://registry.npmjs.org/joi set size:undefined disposed:false
3799 http fetch GET 200 https://registry.npmjs.org/fast-uri 5495ms (cache miss)
3800 silly packumentCache corgi:https://registry.npmjs.org/fast-uri set size:undefined disposed:false
3801 http fetch GET 200 https://registry.npmjs.org/js-yaml 5499ms (cache miss)
3802 silly packumentCache corgi:https://registry.npmjs.org/js-yaml set size:undefined disposed:false
3803 http fetch GET 200 https://registry.npmjs.org/uuid 5501ms (cache miss)
3804 silly packumentCache corgi:https://registry.npmjs.org/uuid set size:undefined disposed:false
3805 http fetch GET 200 https://registry.npmjs.org/css-tree/-/css-tree-2.2.1.tgz 5815ms (cache miss)
3806 http fetch GET 200 https://registry.npmjs.org/@jsonjoy.com/util/-/util-17.67.0.tgz 5813ms (cache miss)
3807 silly packumentCache corgi:https://registry.npmjs.org/postcss-colormin cache-miss
3808 silly packumentCache corgi:https://registry.npmjs.org/postcss-minify-gradients cache-miss
3809 http fetch GET 200 https://registry.npmjs.org/@jsonjoy.com/buffers/-/buffers-1.2.1.tgz 5822ms (cache miss)
3810 http fetch GET 200 https://registry.npmjs.org/semver/-/semver-6.3.1.tgz 5818ms (cache miss)
3811 http fetch GET 200 https://registry.npmjs.org/@algolia/autocomplete-core/-/autocomplete-core-1.19.2.tgz 5827ms (cache miss)
3812 http fetch GET 200 https://registry.npmjs.org/postcss-minify-gradients 38ms (cache miss)
3813 silly packumentCache corgi:https://registry.npmjs.org/postcss-minify-gradients set size:undefined disposed:false
3814 http fetch GET 200 https://registry.npmjs.org/postcss-colormin 41ms (cache miss)
3815 silly packumentCache corgi:https://registry.npmjs.org/postcss-colormin set size:undefined disposed:false
3816 silly packumentCache corgi:https://registry.npmjs.org/ajv cache-miss
3817 http fetch GET 200 https://registry.npmjs.org/ajv 43ms (cache miss)
3818 silly packumentCache corgi:https://registry.npmjs.org/ajv set size:undefined disposed:false
3819 silly packumentCache corgi:https://registry.npmjs.org/@docusaurus%2fmdx-loader cache-miss
3820 http fetch GET 200 https://registry.npmjs.org/@jsonjoy.com/json-pack/-/json-pack-17.67.0.tgz 5918ms (cache miss)
3821 info run core-js@3.49.0 postinstall node_modules/core-js node -e "try{require('./postinstall')}catch(e){}"
3822 info run core-js@3.49.0 postinstall { code: 0, signal: null }
3823 http fetch GET 200 https://registry.npmjs.org/@docusaurus%2fmdx-loader 221ms (cache miss)
3824 silly packumentCache corgi:https://registry.npmjs.org/@docusaurus%2fmdx-loader set size:undefined disposed:false
3825 silly packumentCache corgi:https://registry.npmjs.org/@docusaurus%2ftypes cache-miss
3826 silly packumentCache corgi:https://registry.npmjs.org/@docusaurus%2futils-validation cache-miss
3827 http fetch GET 200 https://registry.npmjs.org/@docusaurus%2ftypes 150ms (cache miss)
3828 silly packumentCache corgi:https://registry.npmjs.org/@docusaurus%2ftypes set size:undefined disposed:false
3829 http fetch GET 200 https://registry.npmjs.org/@docusaurus%2futils-validation 203ms (cache miss)
3830 silly packumentCache corgi:https://registry.npmjs.org/@docusaurus%2futils-validation set size:undefined disposed:false
3831 silly packumentCache corgi:https://registry.npmjs.org/@11ty%2fgray-matter cache-miss
3832 silly packumentCache corgi:https://registry.npmjs.org/@docusaurus%2fplugin-content-docs cache-miss
3833 silly packumentCache corgi:https://registry.npmjs.org/@docusaurus%2futils cache-miss
3834 silly packumentCache corgi:https://registry.npmjs.org/cosmiconfig cache-miss
3835 http fetch GET 200 https://registry.npmjs.org/cosmiconfig 70ms (cache miss)
3836 silly packumentCache corgi:https://registry.npmjs.org/cosmiconfig set size:undefined disposed:false
3837 http fetch GET 200 https://registry.npmjs.org/@11ty%2fgray-matter 201ms (cache miss)
3838 silly packumentCache corgi:https://registry.npmjs.org/@11ty%2fgray-matter set size:undefined disposed:false
3839 http fetch GET 200 https://registry.npmjs.org/@docusaurus%2futils 229ms (cache miss)
3840 silly packumentCache corgi:https://registry.npmjs.org/@docusaurus%2futils set size:undefined disposed:false
3841 http fetch GET 200 https://registry.npmjs.org/@docusaurus%2fplugin-content-docs 327ms (cache miss)
3842 silly packumentCache corgi:https://registry.npmjs.org/@docusaurus%2fplugin-content-docs set size:undefined disposed:false
3843 silly packumentCache corgi:https://registry.npmjs.org/body-parser cache-miss
3844 silly packumentCache corgi:https://registry.npmjs.org/express cache-miss
3845 http fetch GET 200 https://registry.npmjs.org/body-parser 46ms (cache miss)
3846 silly packumentCache corgi:https://registry.npmjs.org/body-parser set size:undefined disposed:false
3847 http fetch GET 200 https://registry.npmjs.org/express 53ms (cache miss)
3848 silly packumentCache corgi:https://registry.npmjs.org/express set size:undefined disposed:false
3849 silly packumentCache corgi:https://registry.npmjs.org/copy-webpack-plugin cache-miss
3850 silly packumentCache corgi:https://registry.npmjs.org/css-minimizer-webpack-plugin cache-miss
3851 http fetch GET 200 https://registry.npmjs.org/copy-webpack-plugin 38ms (cache miss)
3852 silly packumentCache corgi:https://registry.npmjs.org/copy-webpack-plugin set size:undefined disposed:false
3853 http fetch GET 200 https://registry.npmjs.org/css-minimizer-webpack-plugin 48ms (cache miss)
3854 silly packumentCache corgi:https://registry.npmjs.org/css-minimizer-webpack-plugin set size:undefined disposed:false
3855 silly packumentCache corgi:https://registry.npmjs.org/@svgr%2fplugin-svgo cache-miss
3856 silly packumentCache corgi:https://registry.npmjs.org/postcss-svgo cache-miss
3857 http fetch GET 200 https://registry.npmjs.org/postcss-svgo 42ms (cache miss)
3858 silly packumentCache corgi:https://registry.npmjs.org/postcss-svgo set size:undefined disposed:false
3859 http fetch GET 200 https://registry.npmjs.org/@svgr%2fplugin-svgo 51ms (cache miss)
3860 silly packumentCache corgi:https://registry.npmjs.org/@svgr%2fplugin-svgo set size:undefined disposed:false
3861 silly packumentCache corgi:https://registry.npmjs.org/sockjs cache-miss
3862 http fetch GET 200 https://registry.npmjs.org/sockjs 54ms (cache miss)
3863 silly packumentCache corgi:https://registry.npmjs.org/sockjs set size:undefined disposed:false
3864 silly packumentCache corgi:https://registry.npmjs.org/webpack-dev-server cache-miss
3865 http fetch GET 200 https://registry.npmjs.org/webpack-dev-server 115ms (cache miss)
3866 silly packumentCache corgi:https://registry.npmjs.org/webpack-dev-server set size:undefined disposed:false
3867 silly packumentCache corgi:https://registry.npmjs.org/@docusaurus%2fbundler cache-miss
3868 http fetch GET 200 https://registry.npmjs.org/@docusaurus%2fbundler 55ms (cache miss)
3869 silly packumentCache corgi:https://registry.npmjs.org/@docusaurus%2fbundler set size:undefined disposed:false
3870 silly packumentCache corgi:https://registry.npmjs.org/@docusaurus%2fcore cache-miss
3871 http fetch GET 200 https://registry.npmjs.org/@docusaurus%2fcore 170ms (cache miss)
3872 silly packumentCache corgi:https://registry.npmjs.org/@docusaurus%2fcore set size:undefined disposed:false
3873 silly packumentCache corgi:https://registry.npmjs.org/@docusaurus%2fplugin-content-blog cache-miss
3874 silly packumentCache corgi:https://registry.npmjs.org/@docusaurus%2fplugin-content-pages cache-miss
3875 silly packumentCache corgi:https://registry.npmjs.org/@docusaurus%2fplugin-css-cascade-layers cache-miss
3876 silly packumentCache corgi:https://registry.npmjs.org/@docusaurus%2fplugin-debug cache-miss
3877 silly packumentCache corgi:https://registry.npmjs.org/@docusaurus%2fplugin-google-analytics cache-miss
3878 silly packumentCache corgi:https://registry.npmjs.org/@docusaurus%2fplugin-google-gtag cache-miss
3879 silly packumentCache corgi:https://registry.npmjs.org/@docusaurus%2fplugin-google-tag-manager cache-miss
3880 silly packumentCache corgi:https://registry.npmjs.org/@docusaurus%2fplugin-sitemap cache-miss
3881 silly packumentCache corgi:https://registry.npmjs.org/@docusaurus%2fplugin-svgr cache-miss
3882 silly packumentCache corgi:https://registry.npmjs.org/@docusaurus%2fpreset-classic cache-miss
3883 silly packumentCache corgi:https://registry.npmjs.org/@docusaurus%2ftheme-classic cache-miss
3884 silly packumentCache corgi:https://registry.npmjs.org/@docusaurus%2ftheme-search-algolia cache-miss
3885 http fetch GET 200 https://registry.npmjs.org/@docusaurus%2fplugin-css-cascade-layers 1800ms (cache miss)
3886 silly packumentCache corgi:https://registry.npmjs.org/@docusaurus%2fplugin-css-cascade-layers set size:undefined disposed:false
3887 http fetch GET 200 https://registry.npmjs.org/@docusaurus%2fplugin-svgr 1831ms (cache miss)
3888 silly packumentCache corgi:https://registry.npmjs.org/@docusaurus%2fplugin-svgr set size:undefined disposed:false
3889 http fetch GET 200 https://registry.npmjs.org/@docusaurus%2fplugin-google-tag-manager 1865ms (cache miss)
3890 silly packumentCache corgi:https://registry.npmjs.org/@docusaurus%2fplugin-google-tag-manager set size:undefined disposed:false
3891 http fetch GET 200 https://registry.npmjs.org/@docusaurus%2fplugin-google-analytics 1949ms (cache miss)
3892 silly packumentCache corgi:https://registry.npmjs.org/@docusaurus%2fplugin-google-analytics set size:undefined disposed:false
3893 http fetch GET 200 https://registry.npmjs.org/@docusaurus%2fplugin-content-pages 1985ms (cache miss)
3894 silly packumentCache corgi:https://registry.npmjs.org/@docusaurus%2fplugin-content-pages set size:undefined disposed:false
3895 http fetch GET 200 https://registry.npmjs.org/@docusaurus%2fplugin-debug 2041ms (cache miss)
3896 silly packumentCache corgi:https://registry.npmjs.org/@docusaurus%2fplugin-debug set size:undefined disposed:false
3897 http fetch GET 200 https://registry.npmjs.org/@docusaurus%2fplugin-google-gtag 2076ms (cache miss)
3898 silly packumentCache corgi:https://registry.npmjs.org/@docusaurus%2fplugin-google-gtag set size:undefined disposed:false
3899 http fetch GET 200 https://registry.npmjs.org/@docusaurus%2ftheme-search-algolia 2111ms (cache miss)
3900 silly packumentCache corgi:https://registry.npmjs.org/@docusaurus%2ftheme-search-algolia set size:undefined disposed:false
3901 http fetch GET 200 https://registry.npmjs.org/@docusaurus%2fplugin-content-blog 2150ms (cache miss)
3902 silly packumentCache corgi:https://registry.npmjs.org/@docusaurus%2fplugin-content-blog set size:undefined disposed:false
3903 http fetch GET 200 https://registry.npmjs.org/@docusaurus%2fplugin-sitemap 2187ms (cache miss)
3904 silly packumentCache corgi:https://registry.npmjs.org/@docusaurus%2fplugin-sitemap set size:undefined disposed:false
3905 http fetch GET 200 https://registry.npmjs.org/@docusaurus%2fpreset-classic 2224ms (cache miss)
3906 silly packumentCache corgi:https://registry.npmjs.org/@docusaurus%2fpreset-classic set size:undefined disposed:false
3907 http fetch GET 200 https://registry.npmjs.org/@docusaurus%2ftheme-classic 2266ms (cache miss)
3908 silly packumentCache corgi:https://registry.npmjs.org/@docusaurus%2ftheme-classic set size:undefined disposed:false
3909 silly ADD node_modules/zwitch
3910 silly ADD node_modules/yocto-queue
3911 silly ADD node_modules/yallist
3912 silly ADD node_modules/xml-js
3913 silly ADD node_modules/xdg-basedir
3914 silly ADD node_modules/wsl-utils
3915 silly ADD node_modules/wsl-utils/node_modules/is-wsl
3916 silly ADD node_modules/ws
3917 silly ADD node_modules/write-file-atomic
3918 silly ADD node_modules/wrap-ansi
3919 silly ADD node_modules/wrap-ansi/node_modules/strip-ansi
3920 silly ADD node_modules/wrap-ansi/node_modules/ansi-styles
3921 silly ADD node_modules/wrap-ansi/node_modules/ansi-regex
3922 silly ADD node_modules/wildcard
3923 silly ADD node_modules/widest-line
3924 silly ADD node_modules/which
3925 silly ADD node_modules/websocket-extensions
3926 silly ADD node_modules/websocket-driver
3927 silly ADD node_modules/webpackbar
3928 silly ADD node_modules/webpack-sources
3929 silly ADD node_modules/webpack-merge
3930 silly ADD node_modules/webpack-dev-server
3931 silly ADD node_modules/webpack-dev-server/node_modules/ws
3932 silly ADD node_modules/webpack-dev-server/node_modules/open
3933 silly ADD node_modules/webpack-dev-server/node_modules/define-lazy-prop
3934 silly ADD node_modules/webpack-dev-middleware
3935 silly ADD node_modules/webpack-dev-middleware/node_modules/range-parser
3936 silly ADD node_modules/webpack-dev-middleware/node_modules/mime-types
3937 silly ADD node_modules/webpack-dev-middleware/node_modules/mime-db
3938 silly ADD node_modules/webpack-bundle-analyzer
3939 silly ADD node_modules/webpack-bundle-analyzer/node_modules/commander
3940 silly ADD node_modules/webpack
3941 silly ADD node_modules/webpack/node_modules/mime-db
3942 silly ADD node_modules/web-namespaces
3943 silly ADD node_modules/wbuf
3944 silly ADD node_modules/watchpack
3945 silly ADD node_modules/vfile-message
3946 silly ADD node_modules/vfile-location
3947 silly ADD node_modules/vfile
3948 silly ADD node_modules/vary
3949 silly ADD node_modules/value-equal
3950 silly ADD node_modules/uuid
3951 silly ADD node_modules/utils-merge
3952 silly ADD node_modules/utility-types
3953 silly ADD node_modules/utila
3954 silly ADD node_modules/util-deprecate
3955 silly ADD node_modules/url-loader
3956 silly ADD node_modules/url-loader/node_modules/schema-utils
3957 silly ADD node_modules/url-loader/node_modules/mime-types
3958 silly ADD node_modules/url-loader/node_modules/mime-db
3959 silly ADD node_modules/url-loader/node_modules/json-schema-traverse
3960 silly ADD node_modules/url-loader/node_modules/ajv-keywords
3961 silly ADD node_modules/url-loader/node_modules/ajv
3962 silly ADD node_modules/uri-js
3963 silly ADD node_modules/update-notifier
3964 silly ADD node_modules/update-notifier/node_modules/chalk
3965 silly ADD node_modules/update-notifier/node_modules/camelcase
3966 silly ADD node_modules/update-notifier/node_modules/boxen
3967 silly ADD node_modules/update-browserslist-db
3968 silly ADD node_modules/unpipe
3969 silly ADD node_modules/universalify
3970 silly ADD node_modules/unist-util-visit-parents
3971 silly ADD node_modules/unist-util-visit
3972 silly ADD node_modules/unist-util-stringify-position
3973 silly ADD node_modules/unist-util-position-from-estree
3974 silly ADD node_modules/unist-util-position
3975 silly ADD node_modules/unist-util-is
3976 silly ADD node_modules/unique-string
3977 silly ADD node_modules/unified
3978 silly ADD node_modules/unicode-property-aliases-ecmascript
3979 silly ADD node_modules/unicode-match-property-value-ecmascript
3980 silly ADD node_modules/unicode-match-property-ecmascript
3981 silly ADD node_modules/unicode-emoji-modifier-base
3982 silly ADD node_modules/unicode-canonical-property-names-ecmascript
3983 silly ADD node_modules/undici-types
3984 silly ADD node_modules/typedarray-to-buffer
3985 silly ADD node_modules/type-is
3986 silly ADD node_modules/type-is/node_modules/mime-types
3987 silly ADD node_modules/type-is/node_modules/mime-db
3988 silly ADD node_modules/type-fest
3989 silly ADD node_modules/tsyringe
3990 silly ADD node_modules/tsyringe/node_modules/tslib
3991 silly ADD node_modules/tslib
3992 silly ADD node_modules/trough
3993 silly ADD node_modules/trim-lines
3994 silly ADD node_modules/tree-dump
3995 silly ADD node_modules/totalist
3996 silly ADD node_modules/toidentifier
3997 silly ADD node_modules/to-regex-range
3998 silly ADD node_modules/tinypool
3999 silly ADD node_modules/tiny-warning
4000 silly ADD node_modules/tiny-invariant
4001 silly ADD node_modules/thunky
4002 silly ADD node_modules/thingies
4003 silly ADD node_modules/terser-webpack-plugin
4004 silly ADD node_modules/terser-webpack-plugin/node_modules/supports-color
4005 silly ADD node_modules/terser-webpack-plugin/node_modules/jest-worker
4006 silly ADD node_modules/terser
4007 silly ADD node_modules/terser/node_modules/commander
4008 silly ADD node_modules/tapable
4009 silly ADD node_modules/svgo
4010 silly ADD node_modules/svgo/node_modules/commander
4011 silly ADD node_modules/svg-parser
4012 silly ADD node_modules/supports-preserve-symlinks-flag
4013 silly ADD node_modules/supports-color
4014 silly ADD node_modules/stylehacks
4015 silly ADD node_modules/style-to-object
4016 silly ADD node_modules/style-to-js
4017 silly ADD node_modules/strip-json-comments
4018 silly ADD node_modules/strip-final-newline
4019 silly ADD node_modules/strip-bom-string
4020 silly ADD node_modules/strip-ansi
4021 silly ADD node_modules/stringify-object
4022 silly ADD node_modules/stringify-entities
4023 silly ADD node_modules/string-width
4024 silly ADD node_modules/string-width/node_modules/strip-ansi
4025 silly ADD node_modules/string-width/node_modules/ansi-regex
4026 silly ADD node_modules/string_decoder
4027 silly ADD node_modules/std-env
4028 silly ADD node_modules/statuses
4029 silly ADD node_modules/srcset
4030 silly ADD node_modules/spdy-transport
4031 silly ADD node_modules/spdy
4032 silly ADD node_modules/space-separated-tokens
4033 silly ADD node_modules/source-map-support
4034 silly ADD node_modules/source-map-support/node_modules/source-map
4035 silly ADD node_modules/source-map-js
4036 silly ADD node_modules/source-map
4037 silly ADD node_modules/sort-css-media-queries
4038 silly ADD node_modules/sockjs
4039 silly ADD node_modules/snake-case
4040 silly ADD node_modules/slash
4041 silly ADD node_modules/skin-tone
4042 silly ADD node_modules/sitemap
4043 silly ADD node_modules/sitemap/node_modules/@types/node
4044 silly ADD node_modules/sisteransi
4045 silly ADD node_modules/sirv
4046 silly ADD node_modules/signal-exit
4047 silly ADD node_modules/side-channel-weakmap
4048 silly ADD node_modules/side-channel-map
4049 silly ADD node_modules/side-channel-list
4050 silly ADD node_modules/side-channel
4051 silly ADD node_modules/shell-quote
4052 silly ADD node_modules/shebang-regex
4053 silly ADD node_modules/shebang-command
4054 silly ADD node_modules/shallowequal
4055 silly ADD node_modules/shallow-clone
4056 silly ADD node_modules/setprototypeof
4057 silly ADD node_modules/set-function-length
4058 silly ADD node_modules/serve-static
4059 silly ADD node_modules/serve-index
4060 silly ADD node_modules/serve-index/node_modules/statuses
4061 silly ADD node_modules/serve-index/node_modules/ms
4062 silly ADD node_modules/serve-index/node_modules/mime-types
4063 silly ADD node_modules/serve-index/node_modules/mime-db
4064 silly ADD node_modules/serve-index/node_modules/http-errors
4065 silly ADD node_modules/serve-index/node_modules/depd
4066 silly ADD node_modules/serve-index/node_modules/debug
4067 silly ADD node_modules/serve-handler
4068 silly ADD node_modules/serve-handler/node_modules/path-to-regexp
4069 silly ADD node_modules/serialize-javascript
4070 silly ADD node_modules/send
4071 silly ADD node_modules/send/node_modules/range-parser
4072 silly ADD node_modules/send/node_modules/debug
4073 silly ADD node_modules/send/node_modules/debug/node_modules/ms
4074 silly ADD node_modules/semver-diff
4075 silly ADD node_modules/semver
4076 silly ADD node_modules/selfsigned
4077 silly ADD node_modules/select-hose
4078 silly ADD node_modules/section-matter
4079 silly ADD node_modules/schema-utils
4080 silly ADD node_modules/schema-dts
4081 silly ADD node_modules/scheduler
4082 silly ADD node_modules/sax
4083 silly ADD node_modules/safer-buffer
4084 silly ADD node_modules/safe-buffer
4085 silly ADD node_modules/run-parallel
4086 silly ADD node_modules/run-applescript
4087 silly ADD node_modules/rtlcss
4088 silly ADD node_modules/reusify
4089 silly ADD node_modules/retry
4090 silly ADD node_modules/responselike
4091 silly ADD node_modules/resolve-pathname
4092 silly ADD node_modules/resolve-from
4093 silly ADD node_modules/resolve-alpn
4094 silly ADD node_modules/resolve
4095 silly ADD node_modules/requires-port
4096 silly ADD node_modules/require-like
4097 silly ADD node_modules/require-from-string
4098 silly ADD node_modules/renderkid
4099 silly ADD node_modules/renderkid/node_modules/htmlparser2
4100 silly ADD node_modules/renderkid/node_modules/entities
4101 silly ADD node_modules/renderkid/node_modules/domutils
4102 silly ADD node_modules/renderkid/node_modules/domhandler
4103 silly ADD node_modules/renderkid/node_modules/dom-serializer
4104 silly ADD node_modules/renderkid/node_modules/css-select
4105 silly ADD node_modules/remark-stringify
4106 silly ADD node_modules/remark-rehype
4107 silly ADD node_modules/remark-parse
4108 silly ADD node_modules/remark-mdx
4109 silly ADD node_modules/remark-gfm
4110 silly ADD node_modules/remark-frontmatter
4111 silly ADD node_modules/remark-emoji
4112 silly ADD node_modules/remark-directive
4113 silly ADD node_modules/relateurl
4114 silly ADD node_modules/rehype-recma
4115 silly ADD node_modules/rehype-raw
4116 silly ADD node_modules/regjsparser
4117 silly ADD node_modules/regjsgen
4118 silly ADD node_modules/registry-url
4119 silly ADD node_modules/registry-auth-token
4120 silly ADD node_modules/regexpu-core
4121 silly ADD node_modules/regenerate-unicode-properties
4122 silly ADD node_modules/regenerate
4123 silly ADD node_modules/reflect-metadata
4124 silly ADD node_modules/recma-stringify
4125 silly ADD node_modules/recma-parse
4126 silly ADD node_modules/recma-jsx
4127 silly ADD node_modules/recma-build-jsx
4128 silly ADD node_modules/readdirp
4129 silly ADD node_modules/readable-stream
4130 silly ADD node_modules/react-router-dom
4131 silly ADD node_modules/react-router-config
4132 silly ADD node_modules/react-router
4133 silly ADD node_modules/react-loadable-ssr-addon-v5-slorber
4134 silly ADD node_modules/react-loadable
4135 silly ADD node_modules/react-json-view-lite
4136 silly ADD node_modules/react-is
4137 silly ADD node_modules/react-helmet-async
4138 silly ADD node_modules/react-fast-compare
4139 silly ADD node_modules/react-dom
4140 silly ADD node_modules/react
4141 silly ADD node_modules/rc
4142 silly ADD node_modules/rc/node_modules/strip-json-comments
4143 silly ADD node_modules/rc/node_modules/ini
4144 silly ADD node_modules/raw-body
4145 silly ADD node_modules/raw-body/node_modules/bytes
4146 silly ADD node_modules/range-parser
4147 silly ADD node_modules/randombytes
4148 silly ADD node_modules/quick-lru
4149 silly ADD node_modules/queue-microtask
4150 silly ADD node_modules/qs
4151 silly ADD node_modules/pvutils
4152 silly ADD node_modules/pvtsutils
4153 silly ADD node_modules/pupa
4154 silly ADD node_modules/punycode
4155 silly ADD node_modules/proxy-addr
4156 silly ADD node_modules/proxy-addr/node_modules/ipaddr.js
4157 silly ADD node_modules/proto-list
4158 silly ADD node_modules/property-information
4159 silly ADD node_modules/prop-types
4160 silly ADD node_modules/prompts
4161 silly ADD node_modules/process-nextick-args
4162 silly ADD node_modules/prismjs
4163 silly ADD node_modules/prism-react-renderer
4164 silly ADD node_modules/pretty-time
4165 silly ADD node_modules/pretty-error
4166 silly ADD node_modules/postcss-zindex
4167 silly ADD node_modules/postcss-value-parser
4168 silly ADD node_modules/postcss-unique-selectors
4169 silly ADD node_modules/postcss-svgo
4170 silly ADD node_modules/postcss-sort-media-queries
4171 silly ADD node_modules/postcss-selector-parser
4172 silly ADD node_modules/postcss-selector-not
4173 silly ADD node_modules/postcss-selector-not/node_modules/postcss-selector-parser
4174 silly ADD node_modules/postcss-replace-overflow-wrap
4175 silly ADD node_modules/postcss-reduce-transforms
4176 silly ADD node_modules/postcss-reduce-initial
4177 silly ADD node_modules/postcss-reduce-idents
4178 silly ADD node_modules/postcss-pseudo-class-any-link
4179 silly ADD node_modules/postcss-pseudo-class-any-link/node_modules/postcss-selector-parser
4180 silly ADD node_modules/postcss-preset-env
4181 silly ADD node_modules/postcss-place
4182 silly ADD node_modules/postcss-page-break
4183 silly ADD node_modules/postcss-overflow-shorthand
4184 silly ADD node_modules/postcss-ordered-values
4185 silly ADD node_modules/postcss-opacity-percentage
4186 silly ADD node_modules/postcss-normalize-whitespace
4187 silly ADD node_modules/postcss-normalize-url
4188 silly ADD node_modules/postcss-normalize-unicode
4189 silly ADD node_modules/postcss-normalize-timing-functions
4190 silly ADD node_modules/postcss-normalize-string
4191 silly ADD node_modules/postcss-normalize-repeat-style
4192 silly ADD node_modules/postcss-normalize-positions
4193 silly ADD node_modules/postcss-normalize-display-values
4194 silly ADD node_modules/postcss-normalize-charset
4195 silly ADD node_modules/postcss-nesting
4196 silly ADD node_modules/postcss-nesting/node_modules/postcss-selector-parser
4197 silly ADD node_modules/postcss-modules-values
4198 silly ADD node_modules/postcss-modules-scope
4199 silly ADD node_modules/postcss-modules-scope/node_modules/postcss-selector-parser
4200 silly ADD node_modules/postcss-modules-local-by-default
4201 silly ADD node_modules/postcss-modules-local-by-default/node_modules/postcss-selector-parser
4202 silly ADD node_modules/postcss-modules-extract-imports
4203 silly ADD node_modules/postcss-minify-selectors
4204 silly ADD node_modules/postcss-minify-params
4205 silly ADD node_modules/postcss-minify-gradients
4206 silly ADD node_modules/postcss-minify-font-values
4207 silly ADD node_modules/postcss-merge-rules
4208 silly ADD node_modules/postcss-merge-longhand
4209 silly ADD node_modules/postcss-merge-idents
4210 silly ADD node_modules/postcss-logical
4211 silly ADD node_modules/postcss-loader
4212 silly ADD node_modules/postcss-lab-function
4213 silly ADD node_modules/postcss-image-set-function
4214 silly ADD node_modules/postcss-gap-properties
4215 silly ADD node_modules/postcss-font-variant
4216 silly ADD node_modules/postcss-focus-within
4217 silly ADD node_modules/postcss-focus-within/node_modules/postcss-selector-parser
4218 silly ADD node_modules/postcss-focus-visible
4219 silly ADD node_modules/postcss-focus-visible/node_modules/postcss-selector-parser
4220 silly ADD node_modules/postcss-double-position-gradients
4221 silly ADD node_modules/postcss-discard-unused
4222 silly ADD node_modules/postcss-discard-overridden
4223 silly ADD node_modules/postcss-discard-empty
4224 silly ADD node_modules/postcss-discard-duplicates
4225 silly ADD node_modules/postcss-discard-comments
4226 silly ADD node_modules/postcss-dir-pseudo-class
4227 silly ADD node_modules/postcss-dir-pseudo-class/node_modules/postcss-selector-parser
4228 silly ADD node_modules/postcss-custom-selectors
4229 silly ADD node_modules/postcss-custom-selectors/node_modules/postcss-selector-parser
4230 silly ADD node_modules/postcss-custom-properties
4231 silly ADD node_modules/postcss-custom-media
4232 silly ADD node_modules/postcss-convert-values
4233 silly ADD node_modules/postcss-colormin
4234 silly ADD node_modules/postcss-color-rebeccapurple
4235 silly ADD node_modules/postcss-color-hex-alpha
4236 silly ADD node_modules/postcss-color-functional-notation
4237 silly ADD node_modules/postcss-clamp
4238 silly ADD node_modules/postcss-calc
4239 silly ADD node_modules/postcss-attribute-case-insensitive
4240 silly ADD node_modules/postcss-attribute-case-insensitive/node_modules/postcss-selector-parser
4241 silly ADD node_modules/postcss
4242 silly ADD node_modules/pkijs
4243 silly ADD node_modules/pkg-dir
4244 silly ADD node_modules/picomatch
4245 silly ADD node_modules/picocolors
4246 silly ADD node_modules/path-type
4247 silly ADD node_modules/path-to-regexp
4248 silly ADD node_modules/path-parse
4249 silly ADD node_modules/path-key
4250 silly ADD node_modules/path-is-inside
4251 silly ADD node_modules/path-exists
4252 silly ADD node_modules/pascal-case
4253 silly ADD node_modules/parseurl
4254 silly ADD node_modules/parse5-htmlparser2-tree-adapter
4255 silly ADD node_modules/parse5
4256 silly ADD node_modules/parse5/node_modules/entities
4257 silly ADD node_modules/parse-numeric-range
4258 silly ADD node_modules/parse-json
4259 silly ADD node_modules/parse-entities
4260 silly ADD node_modules/parse-entities/node_modules/@types/unist
4261 silly ADD node_modules/parent-module
4262 silly ADD node_modules/param-case
4263 silly ADD node_modules/package-json
4264 silly ADD node_modules/p-timeout
4265 silly ADD node_modules/p-retry
4266 silly ADD node_modules/p-queue
4267 silly ADD node_modules/p-map
4268 silly ADD node_modules/p-locate
4269 silly ADD node_modules/p-limit
4270 silly ADD node_modules/p-finally
4271 silly ADD node_modules/p-cancelable
4272 silly ADD node_modules/opener
4273 silly ADD node_modules/open
4274 silly ADD node_modules/onetime
4275 silly ADD node_modules/on-headers
4276 silly ADD node_modules/on-finished
4277 silly ADD node_modules/obuf
4278 silly ADD node_modules/object.assign
4279 silly ADD node_modules/object-keys
4280 silly ADD node_modules/object-inspect
4281 silly ADD node_modules/object-assign
4282 silly ADD node_modules/null-loader
4283 silly ADD node_modules/null-loader/node_modules/schema-utils
4284 silly ADD node_modules/null-loader/node_modules/json-schema-traverse
4285 silly ADD node_modules/null-loader/node_modules/ajv-keywords
4286 silly ADD node_modules/null-loader/node_modules/ajv
4287 silly ADD node_modules/nth-check
4288 silly ADD node_modules/nprogress
4289 silly ADD node_modules/npm-run-path
4290 silly ADD node_modules/normalize-url
4291 silly ADD node_modules/normalize-path
4292 silly ADD node_modules/node-releases
4293 silly ADD node_modules/node-emoji
4294 silly ADD node_modules/no-case
4295 silly ADD node_modules/neo-async
4296 silly ADD node_modules/negotiator
4297 silly ADD node_modules/nanoid
4298 silly ADD node_modules/multicast-dns
4299 silly ADD node_modules/ms
4300 silly ADD node_modules/mrmime
4301 silly ADD node_modules/minimizer-webpack-plugin
4302 silly ADD node_modules/minimizer-webpack-plugin/node_modules/supports-color
4303 silly ADD node_modules/minimizer-webpack-plugin/node_modules/jest-worker
4304 silly ADD node_modules/minimist
4305 silly ADD node_modules/minimatch
4306 silly ADD node_modules/minimalistic-assert
4307 silly ADD node_modules/mini-css-extract-plugin
4308 silly ADD node_modules/mimic-response
4309 silly ADD node_modules/mimic-fn
4310 silly ADD node_modules/mime-types
4311 silly ADD node_modules/mime-db
4312 silly ADD node_modules/mime
4313 silly ADD node_modules/micromatch
4314 silly ADD node_modules/micromark-util-types
4315 silly ADD node_modules/micromark-util-symbol
4316 silly ADD node_modules/micromark-util-subtokenize
4317 silly ADD node_modules/micromark-util-subtokenize/node_modules/micromark-util-symbol
4318 silly ADD node_modules/micromark-util-sanitize-uri
4319 silly ADD node_modules/micromark-util-sanitize-uri/node_modules/micromark-util-symbol
4320 silly ADD node_modules/micromark-util-sanitize-uri/node_modules/micromark-util-character
4321 silly ADD node_modules/micromark-util-resolve-all
4322 silly ADD node_modules/micromark-util-normalize-identifier
4323 silly ADD node_modules/micromark-util-normalize-identifier/node_modules/micromark-util-symbol
4324 silly ADD node_modules/micromark-util-html-tag-name
4325 silly ADD node_modules/micromark-util-events-to-acorn
4326 silly ADD node_modules/micromark-util-events-to-acorn/node_modules/micromark-util-symbol
4327 silly ADD node_modules/micromark-util-encode
4328 silly ADD node_modules/micromark-util-decode-string
4329 silly ADD node_modules/micromark-util-decode-string/node_modules/micromark-util-symbol
4330 silly ADD node_modules/micromark-util-decode-string/node_modules/micromark-util-character
4331 silly ADD node_modules/micromark-util-decode-numeric-character-reference
4332 silly ADD node_modules/micromark-util-decode-numeric-character-reference/node_modules/micromark-util-symbol
4333 silly ADD node_modules/micromark-util-combine-extensions
4334 silly ADD node_modules/micromark-util-classify-character
4335 silly ADD node_modules/micromark-util-classify-character/node_modules/micromark-util-symbol
4336 silly ADD node_modules/micromark-util-classify-character/node_modules/micromark-util-character
4337 silly ADD node_modules/micromark-util-chunked
4338 silly ADD node_modules/micromark-util-chunked/node_modules/micromark-util-symbol
4339 silly ADD node_modules/micromark-util-character
4340 silly ADD node_modules/micromark-util-character/node_modules/micromark-util-types
4341 silly ADD node_modules/micromark-factory-whitespace
4342 silly ADD node_modules/micromark-factory-whitespace/node_modules/micromark-util-symbol
4343 silly ADD node_modules/micromark-factory-whitespace/node_modules/micromark-util-character
4344 silly ADD node_modules/micromark-factory-whitespace/node_modules/micromark-factory-space
4345 silly ADD node_modules/micromark-factory-title
4346 silly ADD node_modules/micromark-factory-title/node_modules/micromark-util-symbol
4347 silly ADD node_modules/micromark-factory-title/node_modules/micromark-util-character
4348 silly ADD node_modules/micromark-factory-title/node_modules/micromark-factory-space
4349 silly ADD node_modules/micromark-factory-space
4350 silly ADD node_modules/micromark-factory-space/node_modules/micromark-util-types
4351 silly ADD node_modules/micromark-factory-mdx-expression
4352 silly ADD node_modules/micromark-factory-mdx-expression/node_modules/micromark-util-symbol
4353 silly ADD node_modules/micromark-factory-mdx-expression/node_modules/micromark-util-character
4354 silly ADD node_modules/micromark-factory-mdx-expression/node_modules/micromark-factory-space
4355 silly ADD node_modules/micromark-factory-label
4356 silly ADD node_modules/micromark-factory-label/node_modules/micromark-util-symbol
4357 silly ADD node_modules/micromark-factory-label/node_modules/micromark-util-character
4358 silly ADD node_modules/micromark-factory-destination
4359 silly ADD node_modules/micromark-factory-destination/node_modules/micromark-util-symbol
4360 silly ADD node_modules/micromark-factory-destination/node_modules/micromark-util-character
4361 silly ADD node_modules/micromark-extension-mdxjs-esm
4362 silly ADD node_modules/micromark-extension-mdxjs-esm/node_modules/micromark-util-symbol
4363 silly ADD node_modules/micromark-extension-mdxjs-esm/node_modules/micromark-util-character
4364 silly ADD node_modules/micromark-extension-mdxjs
4365 silly ADD node_modules/micromark-extension-mdx-md
4366 silly ADD node_modules/micromark-extension-mdx-jsx
4367 silly ADD node_modules/micromark-extension-mdx-jsx/node_modules/micromark-util-symbol
4368 silly ADD node_modules/micromark-extension-mdx-jsx/node_modules/micromark-util-character
4369 silly ADD node_modules/micromark-extension-mdx-jsx/node_modules/micromark-factory-space
4370 silly ADD node_modules/micromark-extension-mdx-expression
4371 silly ADD node_modules/micromark-extension-mdx-expression/node_modules/micromark-util-symbol
4372 silly ADD node_modules/micromark-extension-mdx-expression/node_modules/micromark-util-character
4373 silly ADD node_modules/micromark-extension-mdx-expression/node_modules/micromark-factory-space
4374 silly ADD node_modules/micromark-extension-gfm-task-list-item
4375 silly ADD node_modules/micromark-extension-gfm-task-list-item/node_modules/micromark-util-symbol
4376 silly ADD node_modules/micromark-extension-gfm-task-list-item/node_modules/micromark-util-character
4377 silly ADD node_modules/micromark-extension-gfm-task-list-item/node_modules/micromark-factory-space
4378 silly ADD node_modules/micromark-extension-gfm-tagfilter
4379 silly ADD node_modules/micromark-extension-gfm-table
4380 silly ADD node_modules/micromark-extension-gfm-table/node_modules/micromark-util-symbol
4381 silly ADD node_modules/micromark-extension-gfm-table/node_modules/micromark-util-character
4382 silly ADD node_modules/micromark-extension-gfm-table/node_modules/micromark-factory-space
4383 silly ADD node_modules/micromark-extension-gfm-strikethrough
4384 silly ADD node_modules/micromark-extension-gfm-strikethrough/node_modules/micromark-util-symbol
4385 silly ADD node_modules/micromark-extension-gfm-footnote
4386 silly ADD node_modules/micromark-extension-gfm-footnote/node_modules/micromark-util-symbol
4387 silly ADD node_modules/micromark-extension-gfm-footnote/node_modules/micromark-util-character
4388 silly ADD node_modules/micromark-extension-gfm-footnote/node_modules/micromark-factory-space
4389 silly ADD node_modules/micromark-extension-gfm-autolink-literal
4390 silly ADD node_modules/micromark-extension-gfm-autolink-literal/node_modules/micromark-util-symbol
4391 silly ADD node_modules/micromark-extension-gfm-autolink-literal/node_modules/micromark-util-character
4392 silly ADD node_modules/micromark-extension-gfm
4393 silly ADD node_modules/micromark-extension-frontmatter
4394 silly ADD node_modules/micromark-extension-frontmatter/node_modules/micromark-util-symbol
4395 silly ADD node_modules/micromark-extension-frontmatter/node_modules/micromark-util-character
4396 silly ADD node_modules/micromark-extension-directive
4397 silly ADD node_modules/micromark-extension-directive/node_modules/micromark-util-symbol
4398 silly ADD node_modules/micromark-extension-directive/node_modules/micromark-util-character
4399 silly ADD node_modules/micromark-extension-directive/node_modules/micromark-factory-space
4400 silly ADD node_modules/micromark-core-commonmark
4401 silly ADD node_modules/micromark-core-commonmark/node_modules/micromark-util-symbol
4402 silly ADD node_modules/micromark-core-commonmark/node_modules/micromark-util-character
4403 silly ADD node_modules/micromark-core-commonmark/node_modules/micromark-factory-space
4404 silly ADD node_modules/micromark
4405 silly ADD node_modules/micromark/node_modules/micromark-util-symbol
4406 silly ADD node_modules/micromark/node_modules/micromark-util-character
4407 silly ADD node_modules/micromark/node_modules/micromark-factory-space
4408 silly ADD node_modules/methods
4409 silly ADD node_modules/merge2
4410 silly ADD node_modules/merge-stream
4411 silly ADD node_modules/merge-descriptors
4412 silly ADD node_modules/memfs
4413 silly ADD node_modules/media-typer
4414 silly ADD node_modules/mdn-data
4415 silly ADD node_modules/mdast-util-to-string
4416 silly ADD node_modules/mdast-util-to-markdown
4417 silly ADD node_modules/mdast-util-to-hast
4418 silly ADD node_modules/mdast-util-phrasing
4419 silly ADD node_modules/mdast-util-mdxjs-esm
4420 silly ADD node_modules/mdast-util-mdx-jsx
4421 silly ADD node_modules/mdast-util-mdx-expression
4422 silly ADD node_modules/mdast-util-mdx
4423 silly ADD node_modules/mdast-util-gfm-task-list-item
4424 silly ADD node_modules/mdast-util-gfm-table
4425 silly ADD node_modules/mdast-util-gfm-strikethrough
4426 silly ADD node_modules/mdast-util-gfm-footnote
4427 silly ADD node_modules/mdast-util-gfm-autolink-literal
4428 silly ADD node_modules/mdast-util-gfm-autolink-literal/node_modules/micromark-util-symbol
4429 silly ADD node_modules/mdast-util-gfm-autolink-literal/node_modules/micromark-util-character
4430 silly ADD node_modules/mdast-util-gfm
4431 silly ADD node_modules/mdast-util-frontmatter
4432 silly ADD node_modules/mdast-util-frontmatter/node_modules/escape-string-regexp
4433 silly ADD node_modules/mdast-util-from-markdown
4434 silly ADD node_modules/mdast-util-from-markdown/node_modules/micromark-util-symbol
4435 silly ADD node_modules/mdast-util-find-and-replace
4436 silly ADD node_modules/mdast-util-find-and-replace/node_modules/escape-string-regexp
4437 silly ADD node_modules/mdast-util-directive
4438 silly ADD node_modules/math-intrinsics
4439 silly ADD node_modules/markdown-table
4440 silly ADD node_modules/markdown-extensions
4441 silly ADD node_modules/lru-cache
4442 silly ADD node_modules/lowercase-keys
4443 silly ADD node_modules/lower-case
4444 silly ADD node_modules/loose-envify
4445 silly ADD node_modules/longest-streak
4446 silly ADD node_modules/lodash.uniq
4447 silly ADD node_modules/lodash.memoize
4448 silly ADD node_modules/lodash.debounce
4449 silly ADD node_modules/lodash
4450 silly ADD node_modules/locate-path
4451 silly ADD node_modules/loader-utils
4452 silly ADD node_modules/loader-runner
4453 silly ADD node_modules/lines-and-columns
4454 silly ADD node_modules/lilconfig
4455 silly ADD node_modules/leven
4456 silly ADD node_modules/launch-editor
4457 silly ADD node_modules/latest-version
4458 silly ADD node_modules/kleur
4459 silly ADD node_modules/kind-of
4460 silly ADD node_modules/keyv
4461 silly ADD node_modules/jsonfile
4462 silly ADD node_modules/json5
4463 silly ADD node_modules/json-schema-traverse
4464 silly ADD node_modules/json-parse-even-better-errors
4465 silly ADD node_modules/json-buffer
4466 silly ADD node_modules/jsesc
4467 silly ADD node_modules/js-yaml
4468 silly ADD node_modules/js-tokens
4469 silly ADD node_modules/joi
4470 silly ADD node_modules/jiti
4471 silly ADD node_modules/jest-worker
4472 silly ADD node_modules/jest-worker/node_modules/supports-color
4473 silly ADD node_modules/jest-util
4474 silly ADD node_modules/isobject
4475 silly ADD node_modules/isexe
4476 silly ADD node_modules/isarray
4477 silly ADD node_modules/is-yarn-global
4478 silly ADD node_modules/is-wsl
4479 silly ADD node_modules/is-typedarray
4480 silly ADD node_modules/is-stream
4481 silly ADD node_modules/is-regexp
4482 silly ADD node_modules/is-plain-object
4483 silly ADD node_modules/is-plain-obj
4484 silly ADD node_modules/is-path-inside
4485 silly ADD node_modules/is-obj
4486 silly ADD node_modules/is-number
4487 silly ADD node_modules/is-npm
4488 silly ADD node_modules/is-network-error
4489 silly ADD node_modules/is-installed-globally
4490 silly ADD node_modules/is-inside-container
4491 silly ADD node_modules/is-inside-container/node_modules/is-docker
4492 silly ADD node_modules/is-hexadecimal
4493 silly ADD node_modules/is-glob
4494 silly ADD node_modules/is-fullwidth-code-point
4495 silly ADD node_modules/is-extglob
4496 silly ADD node_modules/is-extendable
4497 silly ADD node_modules/is-docker
4498 silly ADD node_modules/is-decimal
4499 silly ADD node_modules/is-core-module
4500 silly ADD node_modules/is-ci
4501 silly ADD node_modules/is-binary-path
4502 silly ADD node_modules/is-arrayish
4503 silly ADD node_modules/is-alphanumerical
4504 silly ADD node_modules/is-alphabetical
4505 silly ADD node_modules/ipaddr.js
4506 silly ADD node_modules/invariant
4507 silly ADD node_modules/inline-style-parser
4508 silly ADD node_modules/ini
4509 silly ADD node_modules/inherits
4510 silly ADD node_modules/infima
4511 silly ADD node_modules/indent-string
4512 silly ADD node_modules/imurmurhash
4513 silly ADD node_modules/import-lazy
4514 silly ADD node_modules/import-fresh
4515 silly ADD node_modules/image-size
4516 silly ADD node_modules/ignore
4517 silly ADD node_modules/icss-utils
4518 silly ADD node_modules/iconv-lite
4519 silly ADD node_modules/hyperdyperid
4520 silly ADD node_modules/human-signals
4521 silly ADD node_modules/http2-wrapper
4522 silly ADD node_modules/http-proxy-middleware
4523 silly ADD node_modules/http-proxy-middleware/node_modules/is-plain-obj
4524 silly ADD node_modules/http-proxy
4525 silly ADD node_modules/http-parser-js
4526 silly ADD node_modules/http-errors
4527 silly ADD node_modules/http-deceiver
4528 silly ADD node_modules/http-cache-semantics
4529 silly ADD node_modules/htmlparser2
4530 silly ADD node_modules/html-webpack-plugin
4531 silly ADD node_modules/html-webpack-plugin/node_modules/html-minifier-terser
4532 silly ADD node_modules/html-webpack-plugin/node_modules/commander
4533 silly ADD node_modules/html-void-elements
4534 silly ADD node_modules/html-tags
4535 silly ADD node_modules/html-minifier-terser
4536 silly ADD node_modules/html-minifier-terser/node_modules/commander
4537 silly ADD node_modules/html-escaper
4538 silly ADD node_modules/hpack.js
4539 silly ADD node_modules/hpack.js/node_modules/string_decoder
4540 silly ADD node_modules/hpack.js/node_modules/safe-buffer
4541 silly ADD node_modules/hpack.js/node_modules/readable-stream
4542 silly ADD node_modules/hpack.js/node_modules/isarray
4543 silly ADD node_modules/hoist-non-react-statics
4544 silly ADD node_modules/history
4545 silly ADD node_modules/he
4546 silly ADD node_modules/hastscript
4547 silly ADD node_modules/hast-util-whitespace
4548 silly ADD node_modules/hast-util-to-parse5
4549 silly ADD node_modules/hast-util-to-jsx-runtime
4550 silly ADD node_modules/hast-util-to-estree
4551 silly ADD node_modules/hast-util-raw
4552 silly ADD node_modules/hast-util-parse-selector
4553 silly ADD node_modules/hast-util-from-parse5
4554 silly ADD node_modules/hasown
4555 silly ADD node_modules/has-yarn
4556 silly ADD node_modules/has-symbols
4557 silly ADD node_modules/has-property-descriptors
4558 silly ADD node_modules/has-flag
4559 silly ADD node_modules/handle-thing
4560 silly ADD node_modules/gzip-size
4561 silly ADD node_modules/graceful-fs
4562 silly ADD node_modules/got
4563 silly ADD node_modules/got/node_modules/@sindresorhus/is
4564 silly ADD node_modules/gopd
4565 silly ADD node_modules/globby
4566 silly ADD node_modules/global-dirs
4567 silly ADD node_modules/glob-to-regex.js
4568 silly ADD node_modules/glob-parent
4569 silly ADD node_modules/github-slugger
4570 silly ADD node_modules/get-stream
4571 silly ADD node_modules/get-proto
4572 silly ADD node_modules/get-own-enumerable-property-symbols
4573 silly ADD node_modules/get-intrinsic
4574 silly ADD node_modules/gensync
4575 silly ADD node_modules/function-bind
4576 silly ADD node_modules/fsevents
4577 silly ADD node_modules/fs-extra
4578 silly ADD node_modules/fresh
4579 silly ADD node_modules/fraction.js
4580 silly ADD node_modules/forwarded
4581 silly ADD node_modules/format
4582 silly ADD node_modules/form-data-encoder
4583 silly ADD node_modules/follow-redirects
4584 silly ADD node_modules/flat
4585 silly ADD node_modules/find-up
4586 silly ADD node_modules/find-cache-dir
4587 silly ADD node_modules/finalhandler
4588 silly ADD node_modules/finalhandler/node_modules/ms
4589 silly ADD node_modules/finalhandler/node_modules/debug
4590 silly ADD node_modules/fill-range
4591 silly ADD node_modules/file-loader
4592 silly ADD node_modules/file-loader/node_modules/schema-utils
4593 silly ADD node_modules/file-loader/node_modules/json-schema-traverse
4594 silly ADD node_modules/file-loader/node_modules/ajv-keywords
4595 silly ADD node_modules/file-loader/node_modules/ajv
4596 silly ADD node_modules/feed
4597 silly ADD node_modules/faye-websocket
4598 silly ADD node_modules/fault
4599 silly ADD node_modules/fastq
4600 silly ADD node_modules/fast-uri
4601 silly ADD node_modules/fast-json-stable-stringify
4602 silly ADD node_modules/fast-glob
4603 silly ADD node_modules/fast-deep-equal
4604 silly ADD node_modules/extend-shallow
4605 silly ADD node_modules/extend
4606 silly ADD node_modules/express
4607 silly ADD node_modules/express/node_modules/range-parser
4608 silly ADD node_modules/express/node_modules/path-to-regexp
4609 silly ADD node_modules/express/node_modules/ms
4610 silly ADD node_modules/express/node_modules/debug
4611 silly ADD node_modules/express/node_modules/content-disposition
4612 silly ADD node_modules/execa
4613 silly ADD node_modules/events
4614 silly ADD node_modules/eventemitter3
4615 silly ADD node_modules/eval
4616 silly ADD node_modules/etag
4617 silly ADD node_modules/eta
4618 silly ADD node_modules/esutils
4619 silly ADD node_modules/estree-walker
4620 silly ADD node_modules/estree-util-visit
4621 silly ADD node_modules/estree-util-value-to-estree
4622 silly ADD node_modules/estree-util-to-js
4623 silly ADD node_modules/estree-util-scope
4624 silly ADD node_modules/estree-util-is-identifier-name
4625 silly ADD node_modules/estree-util-build-jsx
4626 silly ADD node_modules/estree-util-attach-comments
4627 silly ADD node_modules/estraverse
4628 silly ADD node_modules/esrecurse
4629 silly ADD node_modules/esrecurse/node_modules/estraverse
4630 silly ADD node_modules/eslint-scope
4631 silly ADD node_modules/escape-string-regexp
4632 silly ADD node_modules/escape-html
4633 silly ADD node_modules/escape-goat
4634 silly ADD node_modules/escalade
4635 silly ADD node_modules/esast-util-from-js
4636 silly ADD node_modules/esast-util-from-estree
4637 silly ADD node_modules/es-object-atoms
4638 silly ADD node_modules/es-module-lexer
4639 silly ADD node_modules/es-errors
4640 silly ADD node_modules/es-define-property
4641 silly ADD node_modules/error-ex
4642 silly ADD node_modules/entities
4643 silly ADD node_modules/enhanced-resolve
4644 silly ADD node_modules/encodeurl
4645 silly ADD node_modules/emoticon
4646 silly ADD node_modules/emojis-list
4647 silly ADD node_modules/emojilib
4648 silly ADD node_modules/emoji-regex
4649 silly ADD node_modules/electron-to-chromium
4650 silly ADD node_modules/ee-first
4651 silly ADD node_modules/eastasianwidth
4652 silly ADD node_modules/duplexer
4653 silly ADD node_modules/dunder-proto
4654 silly ADD node_modules/dot-prop
4655 silly ADD node_modules/dot-prop/node_modules/is-obj
4656 silly ADD node_modules/dot-case
4657 silly ADD node_modules/domutils
4658 silly ADD node_modules/domhandler
4659 silly ADD node_modules/domelementtype
4660 silly ADD node_modules/dom-serializer
4661 silly ADD node_modules/dom-converter
4662 silly ADD node_modules/dns-packet
4663 silly ADD node_modules/dir-glob
4664 silly ADD node_modules/devlop
4665 silly ADD node_modules/detect-port
4666 silly ADD node_modules/detect-node
4667 silly ADD node_modules/destroy
4668 silly ADD node_modules/dequal
4669 silly ADD node_modules/depd
4670 silly ADD node_modules/define-properties
4671 silly ADD node_modules/define-lazy-prop
4672 silly ADD node_modules/define-data-property
4673 silly ADD node_modules/defer-to-connect
4674 silly ADD node_modules/default-browser-id
4675 silly ADD node_modules/default-browser
4676 silly ADD node_modules/deepmerge
4677 silly ADD node_modules/deep-extend
4678 silly ADD node_modules/decompress-response
4679 silly ADD node_modules/decompress-response/node_modules/mimic-response
4680 silly ADD node_modules/decode-named-character-reference
4681 silly ADD node_modules/debug
4682 silly ADD node_modules/debounce
4683 silly ADD node_modules/csstype
4684 silly ADD node_modules/csso
4685 silly ADD node_modules/csso/node_modules/mdn-data
4686 silly ADD node_modules/csso/node_modules/css-tree
4687 silly ADD node_modules/cssnano-utils
4688 silly ADD node_modules/cssnano-preset-default
4689 silly ADD node_modules/cssnano-preset-advanced
4690 silly ADD node_modules/cssnano
4691 silly ADD node_modules/cssesc
4692 silly ADD node_modules/cssdb
4693 silly ADD node_modules/css-what
4694 silly ADD node_modules/css-tree
4695 silly ADD node_modules/css-select
4696 silly ADD node_modules/css-prefers-color-scheme
4697 silly ADD node_modules/css-minimizer-webpack-plugin
4698 silly ADD node_modules/css-loader
4699 silly ADD node_modules/css-has-pseudo
4700 silly ADD node_modules/css-has-pseudo/node_modules/postcss-selector-parser
4701 silly ADD node_modules/css-declaration-sorter
4702 silly ADD node_modules/css-blank-pseudo
4703 silly ADD node_modules/css-blank-pseudo/node_modules/postcss-selector-parser
4704 silly ADD node_modules/crypto-random-string
4705 silly ADD node_modules/crypto-random-string/node_modules/type-fest
4706 silly ADD node_modules/cross-spawn
4707 silly ADD node_modules/cosmiconfig
4708 silly ADD node_modules/core-util-is
4709 silly ADD node_modules/core-js-compat
4710 silly ADD node_modules/core-js
4711 silly ADD node_modules/copy-webpack-plugin
4712 silly ADD node_modules/copy-webpack-plugin/node_modules/slash
4713 silly ADD node_modules/copy-webpack-plugin/node_modules/globby
4714 silly ADD node_modules/copy-webpack-plugin/node_modules/glob-parent
4715 silly ADD node_modules/copy-text-to-clipboard
4716 silly ADD node_modules/cookie-signature
4717 silly ADD node_modules/cookie
4718 silly ADD node_modules/convert-source-map
4719 silly ADD node_modules/content-type
4720 silly ADD node_modules/content-disposition
4721 silly ADD node_modules/consola
4722 silly ADD node_modules/connect-history-api-fallback
4723 silly ADD node_modules/configstore
4724 silly ADD node_modules/config-chain
4725 silly ADD node_modules/config-chain/node_modules/ini
4726 silly ADD node_modules/concat-map
4727 silly ADD node_modules/compression
4728 silly ADD node_modules/compression/node_modules/ms
4729 silly ADD node_modules/compression/node_modules/debug
4730 silly ADD node_modules/compression/node_modules/bytes
4731 silly ADD node_modules/compressible
4732 silly ADD node_modules/compressible/node_modules/mime-db
4733 silly ADD node_modules/common-path-prefix
4734 silly ADD node_modules/commander
4735 silly ADD node_modules/comma-separated-tokens
4736 silly ADD node_modules/combine-promises
4737 silly ADD node_modules/colorette
4738 silly ADD node_modules/colord
4739 silly ADD node_modules/color-name
4740 silly ADD node_modules/color-convert
4741 silly ADD node_modules/collapse-white-space
4742 silly ADD node_modules/clsx
4743 silly ADD node_modules/clone-deep
4744 silly ADD node_modules/cli-table3
4745 silly ADD node_modules/cli-table3/node_modules/string-width
4746 silly ADD node_modules/cli-table3/node_modules/emoji-regex
4747 silly ADD node_modules/cli-boxes
4748 silly ADD node_modules/clean-stack
4749 silly ADD node_modules/clean-css
4750 silly ADD node_modules/clean-css/node_modules/source-map
4751 silly ADD node_modules/ci-info
4752 silly ADD node_modules/chrome-trace-event
4753 silly ADD node_modules/chokidar
4754 silly ADD node_modules/cheerio-select
4755 silly ADD node_modules/cheerio
4756 silly ADD node_modules/character-reference-invalid
4757 silly ADD node_modules/character-entities-legacy
4758 silly ADD node_modules/character-entities-html4
4759 silly ADD node_modules/character-entities
4760 silly ADD node_modules/char-regex
4761 silly ADD node_modules/chalk
4762 silly ADD node_modules/ccount
4763 silly ADD node_modules/caniuse-lite
4764 silly ADD node_modules/caniuse-api
4765 silly ADD node_modules/camelcase
4766 silly ADD node_modules/camel-case
4767 silly ADD node_modules/callsites
4768 silly ADD node_modules/call-bound
4769 silly ADD node_modules/call-bind-apply-helpers
4770 silly ADD node_modules/call-bind
4771 silly ADD node_modules/cacheable-request
4772 silly ADD node_modules/cacheable-lookup
4773 silly ADD node_modules/bytestreamjs
4774 silly ADD node_modules/bytes
4775 silly ADD node_modules/bundle-name
4776 silly ADD node_modules/buffer-from
4777 silly ADD node_modules/browserslist
4778 silly ADD node_modules/braces
4779 silly ADD node_modules/brace-expansion
4780 silly ADD node_modules/boxen
4781 silly ADD node_modules/boolbase
4782 silly ADD node_modules/bonjour-service
4783 silly ADD node_modules/body-parser
4784 silly ADD node_modules/body-parser/node_modules/ms
4785 silly ADD node_modules/body-parser/node_modules/debug
4786 silly ADD node_modules/body-parser/node_modules/bytes
4787 silly ADD node_modules/binary-extensions
4788 silly ADD node_modules/big.js
4789 silly ADD node_modules/batch
4790 silly ADD node_modules/baseline-browser-mapping
4791 silly ADD node_modules/balanced-match
4792 silly ADD node_modules/bail
4793 silly ADD node_modules/babel-plugin-polyfill-regenerator
4794 silly ADD node_modules/babel-plugin-polyfill-corejs3
4795 silly ADD node_modules/babel-plugin-polyfill-corejs2
4796 silly ADD node_modules/babel-plugin-polyfill-corejs2/node_modules/semver
4797 silly ADD node_modules/babel-plugin-dynamic-import-node
4798 silly ADD node_modules/babel-loader
4799 silly ADD node_modules/autoprefixer
4800 silly ADD node_modules/astring
4801 silly ADD node_modules/asn1js
4802 silly ADD node_modules/array-union
4803 silly ADD node_modules/array-flatten
4804 silly ADD node_modules/argparse
4805 silly ADD node_modules/arg
4806 silly ADD node_modules/anymatch
4807 silly ADD node_modules/ansis
4808 silly ADD node_modules/ansi-styles
4809 silly ADD node_modules/ansi-regex
4810 silly ADD node_modules/ansi-html-community
4811 silly ADD node_modules/ansi-align
4812 silly ADD node_modules/ansi-align/node_modules/string-width
4813 silly ADD node_modules/ansi-align/node_modules/emoji-regex
4814 silly ADD node_modules/algoliasearch-helper
4815 silly ADD node_modules/algoliasearch
4816 silly ADD node_modules/ajv-keywords
4817 silly ADD node_modules/ajv-formats
4818 silly ADD node_modules/ajv
4819 silly ADD node_modules/aggregate-error
4820 silly ADD node_modules/address
4821 silly ADD node_modules/acorn-walk
4822 silly ADD node_modules/acorn-jsx
4823 silly ADD node_modules/acorn-import-phases
4824 silly ADD node_modules/acorn
4825 silly ADD node_modules/accepts
4826 silly ADD node_modules/accepts/node_modules/negotiator
4827 silly ADD node_modules/accepts/node_modules/mime-types
4828 silly ADD node_modules/accepts/node_modules/mime-db
4829 silly ADD node_modules/@xtuc/long
4830 silly ADD node_modules/@xtuc/ieee754
4831 silly ADD node_modules/@webassemblyjs/wast-printer
4832 silly ADD node_modules/@webassemblyjs/wasm-parser
4833 silly ADD node_modules/@webassemblyjs/wasm-opt
4834 silly ADD node_modules/@webassemblyjs/wasm-gen
4835 silly ADD node_modules/@webassemblyjs/wasm-edit
4836 silly ADD node_modules/@webassemblyjs/utf8
4837 silly ADD node_modules/@webassemblyjs/leb128
4838 silly ADD node_modules/@webassemblyjs/ieee754
4839 silly ADD node_modules/@webassemblyjs/helper-wasm-section
4840 silly ADD node_modules/@webassemblyjs/helper-wasm-bytecode
4841 silly ADD node_modules/@webassemblyjs/helper-numbers
4842 silly ADD node_modules/@webassemblyjs/helper-buffer
4843 silly ADD node_modules/@webassemblyjs/helper-api-error
4844 silly ADD node_modules/@webassemblyjs/floating-point-hex-parser
4845 silly ADD node_modules/@webassemblyjs/ast
4846 silly ADD node_modules/@ungap/structured-clone
4847 silly ADD node_modules/@types/yargs-parser
4848 silly ADD node_modules/@types/yargs
4849 silly ADD node_modules/@types/ws
4850 silly ADD node_modules/@types/unist
4851 silly ADD node_modules/@types/sockjs
4852 silly ADD node_modules/@types/serve-static
4853 silly ADD node_modules/@types/serve-static/node_modules/@types/send
4854 silly ADD node_modules/@types/serve-index
4855 silly ADD node_modules/@types/send
4856 silly ADD node_modules/@types/sax
4857 silly ADD node_modules/@types/retry
4858 silly ADD node_modules/@types/react-router-dom
4859 silly ADD node_modules/@types/react-router-config
4860 silly ADD node_modules/@types/react-router
4861 silly ADD node_modules/@types/react
4862 silly ADD node_modules/@types/range-parser
4863 silly ADD node_modules/@types/qs
4864 silly ADD node_modules/@types/prismjs
4865 silly ADD node_modules/@types/node
4866 silly ADD node_modules/@types/ms
4867 silly ADD node_modules/@types/mime
4868 silly ADD node_modules/@types/mdx
4869 silly ADD node_modules/@types/mdast
4870 silly ADD node_modules/@types/json-schema
4871 silly ADD node_modules/@types/istanbul-reports
4872 silly ADD node_modules/@types/istanbul-lib-report
4873 silly ADD node_modules/@types/istanbul-lib-coverage
4874 silly ADD node_modules/@types/http-proxy
4875 silly ADD node_modules/@types/http-errors
4876 silly ADD node_modules/@types/http-cache-semantics
4877 silly ADD node_modules/@types/html-minifier-terser
4878 silly ADD node_modules/@types/history
4879 silly ADD node_modules/@types/hast
4880 silly ADD node_modules/@types/express-serve-static-core
4881 silly ADD node_modules/@types/express
4882 silly ADD node_modules/@types/estree-jsx
4883 silly ADD node_modules/@types/estree
4884 silly ADD node_modules/@types/debug
4885 silly ADD node_modules/@types/connect-history-api-fallback
4886 silly ADD node_modules/@types/connect
4887 silly ADD node_modules/@types/bonjour
4888 silly ADD node_modules/@types/body-parser
4889 silly ADD node_modules/@szmarczak/http-timer
4890 silly ADD node_modules/@svgr/webpack
4891 silly ADD node_modules/@svgr/plugin-svgo
4892 silly ADD node_modules/@svgr/plugin-jsx
4893 silly ADD node_modules/@svgr/hast-util-to-babel-ast
4894 silly ADD node_modules/@svgr/core
4895 silly ADD node_modules/@svgr/babel-preset
4896 silly ADD node_modules/@svgr/babel-plugin-transform-svg-component
4897 silly ADD node_modules/@svgr/babel-plugin-transform-react-native-svg
4898 silly ADD node_modules/@svgr/babel-plugin-svg-em-dimensions
4899 silly ADD node_modules/@svgr/babel-plugin-svg-dynamic-title
4900 silly ADD node_modules/@svgr/babel-plugin-replace-jsx-attribute-value
4901 silly ADD node_modules/@svgr/babel-plugin-remove-jsx-empty-expression
4902 silly ADD node_modules/@svgr/babel-plugin-remove-jsx-attribute
4903 silly ADD node_modules/@svgr/babel-plugin-add-jsx-attribute
4904 silly ADD node_modules/@slorber/remark-comment
4905 silly ADD node_modules/@sindresorhus/is
4906 silly ADD node_modules/@sinclair/typebox
4907 silly ADD node_modules/@sideway/pinpoint
4908 silly ADD node_modules/@sideway/formula
4909 silly ADD node_modules/@sideway/address
4910 silly ADD node_modules/@polka/url
4911 silly ADD node_modules/@pnpm/npm-conf
4912 silly ADD node_modules/@pnpm/network.ca-file
4913 silly ADD node_modules/@pnpm/network.ca-file/node_modules/graceful-fs
4914 silly ADD node_modules/@pnpm/config.env-replace
4915 silly ADD node_modules/@peculiar/x509
4916 silly ADD node_modules/@peculiar/utils
4917 silly ADD node_modules/@peculiar/asn1-x509-attr
4918 silly ADD node_modules/@peculiar/asn1-x509
4919 silly ADD node_modules/@peculiar/asn1-schema
4920 silly ADD node_modules/@peculiar/asn1-rsa
4921 silly ADD node_modules/@peculiar/asn1-pkcs9
4922 silly ADD node_modules/@peculiar/asn1-pkcs8
4923 silly ADD node_modules/@peculiar/asn1-pfx
4924 silly ADD node_modules/@peculiar/asn1-ecc
4925 silly ADD node_modules/@peculiar/asn1-csr
4926 silly ADD node_modules/@peculiar/asn1-cms
4927 silly ADD node_modules/@nodelib/fs.walk
4928 silly ADD node_modules/@nodelib/fs.stat
4929 silly ADD node_modules/@nodelib/fs.scandir
4930 silly ADD node_modules/@noble/hashes
4931 silly ADD node_modules/@mdx-js/react
4932 silly ADD node_modules/@mdx-js/mdx
4933 silly ADD node_modules/@leichtgewicht/ip-codec
4934 silly ADD node_modules/@jsonjoy.com/util
4935 silly ADD node_modules/@jsonjoy.com/util/node_modules/@jsonjoy.com/buffers
4936 silly ADD node_modules/@jsonjoy.com/json-pointer
4937 silly ADD node_modules/@jsonjoy.com/json-pack
4938 silly ADD node_modules/@jsonjoy.com/json-pack/node_modules/@jsonjoy.com/buffers
4939 silly ADD node_modules/@jsonjoy.com/fs-snapshot
4940 silly ADD node_modules/@jsonjoy.com/fs-snapshot/node_modules/@jsonjoy.com/util
4941 silly ADD node_modules/@jsonjoy.com/fs-snapshot/node_modules/@jsonjoy.com/json-pointer
4942 silly ADD node_modules/@jsonjoy.com/fs-snapshot/node_modules/@jsonjoy.com/json-pack
4943 silly ADD node_modules/@jsonjoy.com/fs-snapshot/node_modules/@jsonjoy.com/codegen
4944 silly ADD node_modules/@jsonjoy.com/fs-snapshot/node_modules/@jsonjoy.com/base64
4945 silly ADD node_modules/@jsonjoy.com/fs-print
4946 silly ADD node_modules/@jsonjoy.com/fs-node-utils
4947 silly ADD node_modules/@jsonjoy.com/fs-node-to-fsa
4948 silly ADD node_modules/@jsonjoy.com/fs-node-builtins
4949 silly ADD node_modules/@jsonjoy.com/fs-node
4950 silly ADD node_modules/@jsonjoy.com/fs-fsa
4951 silly ADD node_modules/@jsonjoy.com/fs-core
4952 silly ADD node_modules/@jsonjoy.com/codegen
4953 silly ADD node_modules/@jsonjoy.com/buffers
4954 silly ADD node_modules/@jsonjoy.com/base64
4955 silly ADD node_modules/@jridgewell/trace-mapping
4956 silly ADD node_modules/@jridgewell/sourcemap-codec
4957 silly ADD node_modules/@jridgewell/source-map
4958 silly ADD node_modules/@jridgewell/resolve-uri
4959 silly ADD node_modules/@jridgewell/remapping
4960 silly ADD node_modules/@jridgewell/gen-mapping
4961 silly ADD node_modules/@jest/types
4962 silly ADD node_modules/@jest/schemas
4963 silly ADD node_modules/@hapi/topo
4964 silly ADD node_modules/@hapi/hoek
4965 silly ADD node_modules/@docusaurus/utils-validation
4966 silly ADD node_modules/@docusaurus/utils-common
4967 silly ADD node_modules/@docusaurus/utils
4968 silly ADD node_modules/@docusaurus/types
4969 silly ADD node_modules/@docusaurus/theme-translations
4970 silly ADD node_modules/@docusaurus/theme-search-algolia
4971 silly ADD node_modules/@docusaurus/theme-common
4972 silly ADD node_modules/@docusaurus/theme-classic
4973 silly ADD node_modules/@docusaurus/preset-classic
4974 silly ADD node_modules/@docusaurus/plugin-svgr
4975 silly ADD node_modules/@docusaurus/plugin-sitemap
4976 silly ADD node_modules/@docusaurus/plugin-google-tag-manager
4977 silly ADD node_modules/@docusaurus/plugin-google-gtag
4978 silly ADD node_modules/@docusaurus/plugin-google-analytics
4979 silly ADD node_modules/@docusaurus/plugin-debug
4980 silly ADD node_modules/@docusaurus/plugin-css-cascade-layers
4981 silly ADD node_modules/@docusaurus/plugin-content-pages
4982 silly ADD node_modules/@docusaurus/plugin-content-docs
4983 silly ADD node_modules/@docusaurus/plugin-content-blog
4984 silly ADD node_modules/@docusaurus/module-type-aliases
4985 silly ADD node_modules/@docusaurus/mdx-loader
4986 silly ADD node_modules/@docusaurus/logger
4987 silly ADD node_modules/@docusaurus/cssnano-preset
4988 silly ADD node_modules/@docusaurus/core
4989 silly ADD node_modules/@docusaurus/core/node_modules/webpack-merge
4990 silly ADD node_modules/@docusaurus/bundler
4991 silly ADD node_modules/@docusaurus/babel
4992 silly ADD node_modules/@docsearch/react
4993 silly ADD node_modules/@docsearch/react/node_modules/@algolia/autocomplete-shared
4994 silly ADD node_modules/@docsearch/react/node_modules/@algolia/autocomplete-plugin-algolia-insights
4995 silly ADD node_modules/@docsearch/react/node_modules/@algolia/autocomplete-core
4996 silly ADD node_modules/@docsearch/css
4997 silly ADD node_modules/@docsearch/core
4998 silly ADD node_modules/@discoveryjs/json-ext
4999 silly ADD node_modules/@csstools/utilities
5000 silly ADD node_modules/@csstools/selector-specificity
5001 silly ADD node_modules/@csstools/selector-resolve-nested
5002 silly ADD node_modules/@csstools/postcss-unset-value
5003 silly ADD node_modules/@csstools/postcss-trigonometric-functions
5004 silly ADD node_modules/@csstools/postcss-text-decoration-shorthand
5005 silly ADD node_modules/@csstools/postcss-system-ui-font-family
5006 silly ADD node_modules/@csstools/postcss-syntax-descriptor-syntax-production
5007 silly ADD node_modules/@csstools/postcss-stepped-value-functions
5008 silly ADD node_modules/@csstools/postcss-sign-functions
5009 silly ADD node_modules/@csstools/postcss-scope-pseudo-class
5010 silly ADD node_modules/@csstools/postcss-scope-pseudo-class/node_modules/postcss-selector-parser
5011 silly ADD node_modules/@csstools/postcss-relative-color-syntax
5012 silly ADD node_modules/@csstools/postcss-random-function
5013 silly ADD node_modules/@csstools/postcss-property-rule-prelude-list
5014 silly ADD node_modules/@csstools/postcss-progressive-custom-properties
5015 silly ADD node_modules/@csstools/postcss-position-area-property
5016 silly ADD node_modules/@csstools/postcss-oklab-function
5017 silly ADD node_modules/@csstools/postcss-normalize-display-values
5018 silly ADD node_modules/@csstools/postcss-nested-calc
5019 silly ADD node_modules/@csstools/postcss-media-queries-aspect-ratio-number-values
5020 silly ADD node_modules/@csstools/postcss-media-minmax
5021 silly ADD node_modules/@csstools/postcss-logical-viewport-units
5022 silly ADD node_modules/@csstools/postcss-logical-resize
5023 silly ADD node_modules/@csstools/postcss-logical-overscroll-behavior
5024 silly ADD node_modules/@csstools/postcss-logical-overflow
5025 silly ADD node_modules/@csstools/postcss-logical-float-and-clear
5026 silly ADD node_modules/@csstools/postcss-light-dark-function
5027 silly ADD node_modules/@csstools/postcss-is-pseudo-class
5028 silly ADD node_modules/@csstools/postcss-is-pseudo-class/node_modules/postcss-selector-parser
5029 silly ADD node_modules/@csstools/postcss-initial
5030 silly ADD node_modules/@csstools/postcss-ic-unit
5031 silly ADD node_modules/@csstools/postcss-hwb-function
5032 silly ADD node_modules/@csstools/postcss-gradients-interpolation-method
5033 silly ADD node_modules/@csstools/postcss-gamut-mapping
5034 silly ADD node_modules/@csstools/postcss-font-format-keywords
5035 silly ADD node_modules/@csstools/postcss-exponential-functions
5036 silly ADD node_modules/@csstools/postcss-contrast-color-function
5037 silly ADD node_modules/@csstools/postcss-content-alt-text
5038 silly ADD node_modules/@csstools/postcss-color-mix-variadic-function-arguments
5039 silly ADD node_modules/@csstools/postcss-color-mix-function
5040 silly ADD node_modules/@csstools/postcss-color-function-display-p3-linear
5041 silly ADD node_modules/@csstools/postcss-color-function
5042 silly ADD node_modules/@csstools/postcss-cascade-layers
5043 silly ADD node_modules/@csstools/postcss-cascade-layers/node_modules/postcss-selector-parser
5044 silly ADD node_modules/@csstools/postcss-alpha-function
5045 silly ADD node_modules/@csstools/media-query-list-parser
5046 silly ADD node_modules/@csstools/css-tokenizer
5047 silly ADD node_modules/@csstools/css-parser-algorithms
5048 silly ADD node_modules/@csstools/css-color-parser
5049 silly ADD node_modules/@csstools/css-calc
5050 silly ADD node_modules/@csstools/color-helpers
5051 silly ADD node_modules/@csstools/cascade-layer-name-parser
5052 silly ADD node_modules/@colors/colors
5053 silly ADD node_modules/@babel/types
5054 silly ADD node_modules/@babel/traverse
5055 silly ADD node_modules/@babel/template
5056 silly ADD node_modules/@babel/runtime
5057 silly ADD node_modules/@babel/preset-typescript
5058 silly ADD node_modules/@babel/preset-react
5059 silly ADD node_modules/@babel/preset-modules
5060 silly ADD node_modules/@babel/preset-env
5061 silly ADD node_modules/@babel/preset-env/node_modules/semver
5062 silly ADD node_modules/@babel/preset-env/node_modules/babel-plugin-polyfill-corejs3
5063 silly ADD node_modules/@babel/plugin-transform-unicode-sets-regex
5064 silly ADD node_modules/@babel/plugin-transform-unicode-regex
5065 silly ADD node_modules/@babel/plugin-transform-unicode-property-regex
5066 silly ADD node_modules/@babel/plugin-transform-unicode-escapes
5067 silly ADD node_modules/@babel/plugin-transform-typescript
5068 silly ADD node_modules/@babel/plugin-transform-typeof-symbol
5069 silly ADD node_modules/@babel/plugin-transform-template-literals
5070 silly ADD node_modules/@babel/plugin-transform-sticky-regex
5071 silly ADD node_modules/@babel/plugin-transform-spread
5072 silly ADD node_modules/@babel/plugin-transform-shorthand-properties
5073 silly ADD node_modules/@babel/plugin-transform-runtime
5074 silly ADD node_modules/@babel/plugin-transform-runtime/node_modules/semver
5075 silly ADD node_modules/@babel/plugin-transform-reserved-words
5076 silly ADD node_modules/@babel/plugin-transform-regexp-modifiers
5077 silly ADD node_modules/@babel/plugin-transform-regenerator
5078 silly ADD node_modules/@babel/plugin-transform-react-pure-annotations
5079 silly ADD node_modules/@babel/plugin-transform-react-jsx-development
5080 silly ADD node_modules/@babel/plugin-transform-react-jsx
5081 silly ADD node_modules/@babel/plugin-transform-react-display-name
5082 silly ADD node_modules/@babel/plugin-transform-react-constant-elements
5083 silly ADD node_modules/@babel/plugin-transform-property-literals
5084 silly ADD node_modules/@babel/plugin-transform-private-property-in-object
5085 silly ADD node_modules/@babel/plugin-transform-private-methods
5086 silly ADD node_modules/@babel/plugin-transform-parameters
5087 silly ADD node_modules/@babel/plugin-transform-optional-chaining
5088 silly ADD node_modules/@babel/plugin-transform-optional-catch-binding
5089 silly ADD node_modules/@babel/plugin-transform-object-super
5090 silly ADD node_modules/@babel/plugin-transform-object-rest-spread
5091 silly ADD node_modules/@babel/plugin-transform-numeric-separator
5092 silly ADD node_modules/@babel/plugin-transform-nullish-coalescing-operator
5093 silly ADD node_modules/@babel/plugin-transform-new-target
5094 silly ADD node_modules/@babel/plugin-transform-named-capturing-groups-regex
5095 silly ADD node_modules/@babel/plugin-transform-modules-umd
5096 silly ADD node_modules/@babel/plugin-transform-modules-systemjs
5097 silly ADD node_modules/@babel/plugin-transform-modules-commonjs
5098 silly ADD node_modules/@babel/plugin-transform-modules-amd
5099 silly ADD node_modules/@babel/plugin-transform-member-expression-literals
5100 silly ADD node_modules/@babel/plugin-transform-logical-assignment-operators
5101 silly ADD node_modules/@babel/plugin-transform-literals
5102 silly ADD node_modules/@babel/plugin-transform-json-strings
5103 silly ADD node_modules/@babel/plugin-transform-function-name
5104 silly ADD node_modules/@babel/plugin-transform-for-of
5105 silly ADD node_modules/@babel/plugin-transform-export-namespace-from
5106 silly ADD node_modules/@babel/plugin-transform-exponentiation-operator
5107 silly ADD node_modules/@babel/plugin-transform-explicit-resource-management
5108 silly ADD node_modules/@babel/plugin-transform-dynamic-import
5109 silly ADD node_modules/@babel/plugin-transform-duplicate-named-capturing-groups-regex
5110 silly ADD node_modules/@babel/plugin-transform-duplicate-keys
5111 silly ADD node_modules/@babel/plugin-transform-dotall-regex
5112 silly ADD node_modules/@babel/plugin-transform-destructuring
5113 silly ADD node_modules/@babel/plugin-transform-computed-properties
5114 silly ADD node_modules/@babel/plugin-transform-classes
5115 silly ADD node_modules/@babel/plugin-transform-class-static-block
5116 silly ADD node_modules/@babel/plugin-transform-class-properties
5117 silly ADD node_modules/@babel/plugin-transform-block-scoping
5118 silly ADD node_modules/@babel/plugin-transform-block-scoped-functions
5119 silly ADD node_modules/@babel/plugin-transform-async-to-generator
5120 silly ADD node_modules/@babel/plugin-transform-async-generator-functions
5121 silly ADD node_modules/@babel/plugin-transform-arrow-functions
5122 silly ADD node_modules/@babel/plugin-syntax-unicode-sets-regex
5123 silly ADD node_modules/@babel/plugin-syntax-typescript
5124 silly ADD node_modules/@babel/plugin-syntax-jsx
5125 silly ADD node_modules/@babel/plugin-syntax-import-attributes
5126 silly ADD node_modules/@babel/plugin-syntax-import-assertions
5127 silly ADD node_modules/@babel/plugin-syntax-dynamic-import
5128 silly ADD node_modules/@babel/plugin-proposal-private-property-in-object
5129 silly ADD node_modules/@babel/plugin-bugfix-v8-static-class-fields-redefine-readonly
5130 silly ADD node_modules/@babel/plugin-bugfix-v8-spread-parameters-in-optional-chaining
5131 silly ADD node_modules/@babel/plugin-bugfix-safari-rest-destructuring-rhs-array
5132 silly ADD node_modules/@babel/plugin-bugfix-safari-id-destructuring-collision-in-function-expression
5133 silly ADD node_modules/@babel/plugin-bugfix-safari-class-field-initializer-scope
5134 silly ADD node_modules/@babel/plugin-bugfix-firefox-class-in-computed-class-key
5135 silly ADD node_modules/@babel/parser
5136 silly ADD node_modules/@babel/helpers
5137 silly ADD node_modules/@babel/helper-wrap-function
5138 silly ADD node_modules/@babel/helper-validator-option
5139 silly ADD node_modules/@babel/helper-validator-identifier
5140 silly ADD node_modules/@babel/helper-string-parser
5141 silly ADD node_modules/@babel/helper-skip-transparent-expression-wrappers
5142 silly ADD node_modules/@babel/helper-replace-supers
5143 silly ADD node_modules/@babel/helper-remap-async-to-generator
5144 silly ADD node_modules/@babel/helper-plugin-utils
5145 silly ADD node_modules/@babel/helper-optimise-call-expression
5146 silly ADD node_modules/@babel/helper-module-transforms
5147 silly ADD node_modules/@babel/helper-module-imports
5148 silly ADD node_modules/@babel/helper-member-expression-to-functions
5149 silly ADD node_modules/@babel/helper-globals
5150 silly ADD node_modules/@babel/helper-define-polyfill-provider
5151 silly ADD node_modules/@babel/helper-create-regexp-features-plugin
5152 silly ADD node_modules/@babel/helper-create-regexp-features-plugin/node_modules/semver
5153 silly ADD node_modules/@babel/helper-create-class-features-plugin
5154 silly ADD node_modules/@babel/helper-create-class-features-plugin/node_modules/semver
5155 silly ADD node_modules/@babel/helper-compilation-targets
5156 silly ADD node_modules/@babel/helper-compilation-targets/node_modules/semver
5157 silly ADD node_modules/@babel/helper-annotate-as-pure
5158 silly ADD node_modules/@babel/generator
5159 silly ADD node_modules/@babel/core
5160 silly ADD node_modules/@babel/core/node_modules/semver
5161 silly ADD node_modules/@babel/compat-data
5162 silly ADD node_modules/@babel/code-frame
5163 silly ADD node_modules/@algolia/requester-node-http
5164 silly ADD node_modules/@algolia/requester-fetch
5165 silly ADD node_modules/@algolia/requester-browser-xhr
5166 silly ADD node_modules/@algolia/recommend
5167 silly ADD node_modules/@algolia/monitoring
5168 silly ADD node_modules/@algolia/ingestion
5169 silly ADD node_modules/@algolia/events
5170 silly ADD node_modules/@algolia/client-search
5171 silly ADD node_modules/@algolia/client-query-suggestions
5172 silly ADD node_modules/@algolia/client-personalization
5173 silly ADD node_modules/@algolia/client-insights
5174 silly ADD node_modules/@algolia/client-common
5175 silly ADD node_modules/@algolia/client-analytics
5176 silly ADD node_modules/@algolia/client-abtesting
5177 silly ADD node_modules/@algolia/autocomplete-shared
5178 silly ADD node_modules/@algolia/autocomplete-plugin-algolia-insights
5179 silly ADD node_modules/@algolia/autocomplete-core
5180 silly ADD node_modules/@algolia/abtesting
5181 silly ADD node_modules/@11ty/gray-matter
5182 verbose cwd /Users/pcartee/Downloads/github/samples
5183 verbose os Darwin 25.6.0
5184 verbose node v24.19.0
5185 verbose npm  v12.0.2
5186 verbose exit 0
5187 info ok
